COUNTY,PRECINCT,,,,,VOTES
Montgomery,CANEY W1P1,Voters,,,,116
Montgomery,CANEY W1P2 H12,Voters,,,,4
Montgomery,CANEY W2P1,Voters,,,,101
Montgomery,CANEY W3P1,Voters,,,,121
Montgomery,CANEY W3P2,Voters,,,,2
Montgomery,CANEY W4P1,Voters,,,,142
Montgomery,CANEY W4P2,Voters,,,,1
Montgomery,CHERRYVALE 1,Voters,,,,303
Montgomery,CHERRYVALE 2,Voters,,,,233
Montgomery,COFFEYVILLE 1,Voters,,,,27
Montgomery,COFFEYVILLE 2,Voters,,,,81
Montgomery,COFFEYVILLE 3,Voters,,,,123
Montgomery,COFFEYVILLE 4,Voters,,,,150
Montgomery,COFFEYVILLE 5,Voters,,,,193
Montgomery,COFFEYVILLE 6,Voters,,,,59
Montgomery,COFFEYVILLE 7,Voters,,,,77
Montgomery,COFFEYVILLE 8,Voters,,,,105
Montgomery,COFFEYVILLE 9,Voters,,,,34
Montgomery,COFFEYVILLE 10,Voters,,,,105
Montgomery,COFFEYVILLE 11,Voters,,,,266
Montgomery,COFFEYVILLE 12,Voters,,,,375
Montgomery,COFFEYVILLE 13,Voters,,,,324
Montgomery,INDEPENDENCE W1P1,Voters,,,,109
Montgomery,INDEPENDENCE W1P2,Voters,,,,197
Montgomery,INDEPENDENCE W2P1,Voters,,,,81
Montgomery,INDEPENDENCE W2P2,Voters,,,,64
Montgomery,INDEPENDENCE W3P1,Voters,,,,158
Montgomery,INDEPENDENCE W3P2,Voters,,,,87
Montgomery,INDEPENDENCE W3P2 EX,Voters,,,,1
Montgomery,INDEPENDENCE W4P1,Voters,,,,175
Montgomery,INDEPENDENCE W4P2,Voters,,,,110
Montgomery,INDEPENDENCE W5P1,Voters,,,,106
Montgomery,INDEPENDENCE W5P2,Voters,,,,211
Montgomery,INDEPENDENCE W6P1 H11,Voters,,,,21
Montgomery,INDEPENDENCE W6P1 H12,Voters,,,,286
Montgomery,INDEPENDENCE W6P2 H11,Voters,,,,232
Montgomery,INDEPENDENCE W6P2 H12,Voters,,,,74
Montgomery,INDEPENDENCE W6P2 H11A,Voters,,,,111
Montgomery,INDEPENDENCE W6P2 H12A,Voters,,,,9
Montgomery,CANEY-HAVANA,Voters,,,,201
Montgomery,CANEY-TYRO,Voters,,,,240
Montgomery,CHEROKEE,Voters,,,,133
Montgomery,CHERRY,Voters,,,,204
Montgomery,DRUM CREEK ,Voters,,,,207
Montgomery,FAWN CREEK-DEARING,Voters,,,,533
Montgomery,FAWN CREEK-TYRO,Voters,,,,150
Montgomery,INDEPENDENCE TWP 1 H11,Voters,,,,532
Montgomery,INDEPENDENCE TWP 1 H12,Voters,,,,102
Montgomery,INDEPENDENCE TWP 2 A H12,Voters,,,,136
Montgomery,INDEPENDENCE TWP 2 C H11,Voters,,,,40
Montgomery,LIBERTY,Voters,,,,185
Montgomery,LOUISBURG,Voters,,,,175
Montgomery,PARKER 1,Voters,,,,93
Montgomery,PARKER 2,Voters,,,,308
Montgomery,PARKER 2 EX H11,Voters,,,,10
Montgomery,RUTLAND,Voters,,,,132
Montgomery,SYCAMORE,Voters,,,,340
Montgomery,WEST CHERRY,Voters,,,,103
,,,,,,
Montgomery,CANEY W1P1,US Senate,,R,Pat Roberts,82
Montgomery,CANEY W1P2 H12,US Senate,,R,Pat Roberts,3
Montgomery,CANEY W2P1,US Senate,,R,Pat Roberts,72
Montgomery,CANEY W3P1,US Senate,,R,Pat Roberts,96
Montgomery,CANEY W3P2,US Senate,,R,Pat Roberts,2
Montgomery,CANEY W4P1,US Senate,,R,Pat Roberts,116
Montgomery,CANEY W4P2,US Senate,,R,Pat Roberts,1
Montgomery,CHERRYVALE 1,US Senate,,R,Pat Roberts,195
Montgomery,CHERRYVALE 2,US Senate,,R,Pat Roberts,151
Montgomery,COFFEYVILLE 1,US Senate,,R,Pat Roberts,4
Montgomery,COFFEYVILLE 2,US Senate,,R,Pat Roberts,46
Montgomery,COFFEYVILLE 3,US Senate,,R,Pat Roberts,69
Montgomery,COFFEYVILLE 4,US Senate,,R,Pat Roberts,95
Montgomery,COFFEYVILLE 5,US Senate,,R,Pat Roberts,105
Montgomery,COFFEYVILLE 6,US Senate,,R,Pat Roberts,32
Montgomery,COFFEYVILLE 7,US Senate,,R,Pat Roberts,43
Montgomery,COFFEYVILLE 8,US Senate,,R,Pat Roberts,65
Montgomery,COFFEYVILLE 9,US Senate,,R,Pat Roberts,16
Montgomery,COFFEYVILLE 10,US Senate,,R,Pat Roberts,58
Montgomery,COFFEYVILLE 11,US Senate,,R,Pat Roberts,163
Montgomery,COFFEYVILLE 12,US Senate,,R,Pat Roberts,253
Montgomery,COFFEYVILLE 13,US Senate,,R,Pat Roberts,214
Montgomery,INDEPENDENCE W1P1,US Senate,,R,Pat Roberts,62
Montgomery,INDEPENDENCE W1P2,US Senate,,R,Pat Roberts,123
Montgomery,INDEPENDENCE W2P1,US Senate,,R,Pat Roberts,50
Montgomery,INDEPENDENCE W2P2,US Senate,,R,Pat Roberts,39
Montgomery,INDEPENDENCE W3P1,US Senate,,R,Pat Roberts,97
Montgomery,INDEPENDENCE W3P2,US Senate,,R,Pat Roberts,52
Montgomery,INDEPENDENCE W3P2 EX,US Senate,,R,Pat Roberts,1
Montgomery,INDEPENDENCE W4P1,US Senate,,R,Pat Roberts,100
Montgomery,INDEPENDENCE W4P2,US Senate,,R,Pat Roberts,66
Montgomery,INDEPENDENCE W5P1,US Senate,,R,Pat Roberts,65
Montgomery,INDEPENDENCE W5P2,US Senate,,R,Pat Roberts,127
Montgomery,INDEPENDENCE W6P1 H11,US Senate,,R,Pat Roberts,12
Montgomery,INDEPENDENCE W6P1 H12,US Senate,,R,Pat Roberts,186
Montgomery,INDEPENDENCE W6P2 H11,US Senate,,R,Pat Roberts,172
Montgomery,INDEPENDENCE W6P2 H12,US Senate,,R,Pat Roberts,59
Montgomery,INDEPENDENCE W6P2 H11A,US Senate,,R,Pat Roberts,59
Montgomery,INDEPENDENCE W6P2 H12A,US Senate,,R,Pat Roberts,6
Montgomery,CANEY-HAVANA,US Senate,,R,Pat Roberts,167
Montgomery,CANEY-TYRO,US Senate,,R,Pat Roberts,212
Montgomery,CHEROKEE,US Senate,,R,Pat Roberts,86
Montgomery,CHERRY,US Senate,,R,Pat Roberts,135
Montgomery,DRUM CREEK ,US Senate,,R,Pat Roberts,167
Montgomery,FAWN CREEK-DEARING,US Senate,,R,Pat Roberts,396
Montgomery,FAWN CREEK-TYRO,US Senate,,R,Pat Roberts,122
Montgomery,INDEPENDENCE TWP 1 H11,US Senate,,R,Pat Roberts,408
Montgomery,INDEPENDENCE TWP 1 H12,US Senate,,R,Pat Roberts,71
Montgomery,INDEPENDENCE TWP 2 A H12,US Senate,,R,Pat Roberts,100
Montgomery,INDEPENDENCE TWP 2 C H11,US Senate,,R,Pat Roberts,30
Montgomery,LIBERTY,US Senate,,R,Pat Roberts,138
Montgomery,LOUISBURG,US Senate,,R,Pat Roberts,122
Montgomery,PARKER 1,US Senate,,R,Pat Roberts,63
Montgomery,PARKER 2,US Senate,,R,Pat Roberts,188
Montgomery,PARKER 2 EX H11,US Senate,,R,Pat Roberts,6
Montgomery,RUTLAND,US Senate,,R,Pat Roberts,107
Montgomery,SYCAMORE,US Senate,,R,Pat Roberts,252
Montgomery,WEST CHERRY,US Senate,,R,Pat Roberts,70
Montgomery,CANEY W1P1,US Senate,,I,Greg Orman,25
Montgomery,CANEY W1P2 H12,US Senate,,I,Greg Orman,0
Montgomery,CANEY W2P1,US Senate,,I,Greg Orman,22
Montgomery,CANEY W3P1,US Senate,,I,Greg Orman,16
Montgomery,CANEY W3P2,US Senate,,I,Greg Orman,0
Montgomery,CANEY W4P1,US Senate,,I,Greg Orman,17
Montgomery,CANEY W4P2,US Senate,,I,Greg Orman,0
Montgomery,CHERRYVALE 1,US Senate,,I,Greg Orman,78
Montgomery,CHERRYVALE 2,US Senate,,I,Greg Orman,60
Montgomery,COFFEYVILLE 1,US Senate,,I,Greg Orman,18
Montgomery,COFFEYVILLE 2,US Senate,,I,Greg Orman,27
Montgomery,COFFEYVILLE 3,US Senate,,I,Greg Orman,41
Montgomery,COFFEYVILLE 4,US Senate,,I,Greg Orman,46
Montgomery,COFFEYVILLE 5,US Senate,,I,Greg Orman,76
Montgomery,COFFEYVILLE 6,US Senate,,I,Greg Orman,16
Montgomery,COFFEYVILLE 7,US Senate,,I,Greg Orman,28
Montgomery,COFFEYVILLE 8,US Senate,,I,Greg Orman,25
Montgomery,COFFEYVILLE 9,US Senate,,I,Greg Orman,15
Montgomery,COFFEYVILLE 10,US Senate,,I,Greg Orman,36
Montgomery,COFFEYVILLE 11,US Senate,,I,Greg Orman,85
Montgomery,COFFEYVILLE 12,US Senate,,I,Greg Orman,98
Montgomery,COFFEYVILLE 13,US Senate,,I,Greg Orman,95
Montgomery,INDEPENDENCE W1P1,US Senate,,I,Greg Orman,37
Montgomery,INDEPENDENCE W1P2,US Senate,,I,Greg Orman,64
Montgomery,INDEPENDENCE W2P1,US Senate,,I,Greg Orman,29
Montgomery,INDEPENDENCE W2P2,US Senate,,I,Greg Orman,17
Montgomery,INDEPENDENCE W3P1,US Senate,,I,Greg Orman,39
Montgomery,INDEPENDENCE W3P2,US Senate,,I,Greg Orman,23
Montgomery,INDEPENDENCE W3P2 EX,US Senate,,I,Greg Orman,0
Montgomery,INDEPENDENCE W4P1,US Senate,,I,Greg Orman,58
Montgomery,INDEPENDENCE W4P2,US Senate,,I,Greg Orman,32
Montgomery,INDEPENDENCE W5P1,US Senate,,I,Greg Orman,29
Montgomery,INDEPENDENCE W5P2,US Senate,,I,Greg Orman,71
Montgomery,INDEPENDENCE W6P1 H11,US Senate,,I,Greg Orman,8
Montgomery,INDEPENDENCE W6P1 H12,US Senate,,I,Greg Orman,86
Montgomery,INDEPENDENCE W6P2 H11,US Senate,,I,Greg Orman,54
Montgomery,INDEPENDENCE W6P2 H12,US Senate,,I,Greg Orman,14
Montgomery,INDEPENDENCE W6P2 H11A,US Senate,,I,Greg Orman,43
Montgomery,INDEPENDENCE W6P2 H12A,US Senate,,I,Greg Orman,3
Montgomery,CANEY-HAVANA,US Senate,,I,Greg Orman,42
Montgomery,CANEY-TYRO,US Senate,,I,Greg Orman,24
Montgomery,CHEROKEE,US Senate,,I,Greg Orman,33
Montgomery,CHERRY,US Senate,,I,Greg Orman,42
Montgomery,DRUM CREEK ,US Senate,,I,Greg Orman,33
Montgomery,FAWN CREEK-DEARING,US Senate,,I,Greg Orman,120
Montgomery,FAWN CREEK-TYRO,US Senate,,I,Greg Orman,21
Montgomery,INDEPENDENCE TWP 1 H11,US Senate,,I,Greg Orman,101
Montgomery,INDEPENDENCE TWP 1 H12,US Senate,,I,Greg Orman,17
Montgomery,INDEPENDENCE TWP 2 A H12,US Senate,,I,Greg Orman,30
Montgomery,INDEPENDENCE TWP 2 C H11,US Senate,,I,Greg Orman,8
Montgomery,LIBERTY,US Senate,,I,Greg Orman,41
Montgomery,LOUISBURG,US Senate,,I,Greg Orman,35
Montgomery,PARKER 1,US Senate,,I,Greg Orman,27
Montgomery,PARKER 2,US Senate,,I,Greg Orman,105
Montgomery,PARKER 2 EX H11,US Senate,,I,Greg Orman,3
Montgomery,RUTLAND,US Senate,,I,Greg Orman,17
Montgomery,SYCAMORE,US Senate,,I,Greg Orman,60
Montgomery,WEST CHERRY,US Senate,,I,Greg Orman,23
Montgomery,CANEY W1P1,US Senate,,l,Randall Batson,8
Montgomery,CANEY W1P2 H12,US Senate,,l,Randall Batson,0
Montgomery,CANEY W2P1,US Senate,,l,Randall Batson,6
Montgomery,CANEY W3P1,US Senate,,l,Randall Batson,7
Montgomery,CANEY W3P2,US Senate,,l,Randall Batson,0
Montgomery,CANEY W4P1,US Senate,,l,Randall Batson,8
Montgomery,CANEY W4P2,US Senate,,l,Randall Batson,0
Montgomery,CHERRYVALE 1,US Senate,,l,Randall Batson,21
Montgomery,CHERRYVALE 2,US Senate,,l,Randall Batson,15
Montgomery,COFFEYVILLE 1,US Senate,,l,Randall Batson,2
Montgomery,COFFEYVILLE 2,US Senate,,l,Randall Batson,3
Montgomery,COFFEYVILLE 3,US Senate,,l,Randall Batson,8
Montgomery,COFFEYVILLE 4,US Senate,,l,Randall Batson,6
Montgomery,COFFEYVILLE 5,US Senate,,l,Randall Batson,8
Montgomery,COFFEYVILLE 6,US Senate,,l,Randall Batson,5
Montgomery,COFFEYVILLE 7,US Senate,,l,Randall Batson,6
Montgomery,COFFEYVILLE 8,US Senate,,l,Randall Batson,8
Montgomery,COFFEYVILLE 9,US Senate,,l,Randall Batson,2
Montgomery,COFFEYVILLE 10,US Senate,,l,Randall Batson,7
Montgomery,COFFEYVILLE 11,US Senate,,l,Randall Batson,12
Montgomery,COFFEYVILLE 12,US Senate,,l,Randall Batson,19
Montgomery,COFFEYVILLE 13,US Senate,,l,Randall Batson,9
Montgomery,INDEPENDENCE W1P1,US Senate,,l,Randall Batson,8
Montgomery,INDEPENDENCE W1P2,US Senate,,l,Randall Batson,8
Montgomery,INDEPENDENCE W2P1,US Senate,,l,Randall Batson,2
Montgomery,INDEPENDENCE W2P2,US Senate,,l,Randall Batson,4
Montgomery,INDEPENDENCE W3P1,US Senate,,l,Randall Batson,13
Montgomery,INDEPENDENCE W3P2,US Senate,,l,Randall Batson,8
Montgomery,INDEPENDENCE W3P2 EX,US Senate,,l,Randall Batson,0
Montgomery,INDEPENDENCE W4P1,US Senate,,l,Randall Batson,12
Montgomery,INDEPENDENCE W4P2,US Senate,,l,Randall Batson,7
Montgomery,INDEPENDENCE W5P1,US Senate,,l,Randall Batson,8
Montgomery,INDEPENDENCE W5P2,US Senate,,l,Randall Batson,9
Montgomery,INDEPENDENCE W6P1 H11,US Senate,,l,Randall Batson,0
Montgomery,INDEPENDENCE W6P1 H12,US Senate,,l,Randall Batson,11
Montgomery,INDEPENDENCE W6P2 H11,US Senate,,l,Randall Batson,4
Montgomery,INDEPENDENCE W6P2 H12,US Senate,,l,Randall Batson,1
Montgomery,INDEPENDENCE W6P2 H11A,US Senate,,l,Randall Batson,7
Montgomery,INDEPENDENCE W6P2 H12A,US Senate,,l,Randall Batson,0
Montgomery,CANEY-HAVANA,US Senate,,l,Randall Batson,3
Montgomery,CANEY-TYRO,US Senate,,l,Randall Batson,5
Montgomery,CHEROKEE,US Senate,,l,Randall Batson,7
Montgomery,CHERRY,US Senate,,l,Randall Batson,10
Montgomery,DRUM CREEK ,US Senate,,l,Randall Batson,7
Montgomery,FAWN CREEK-DEARING,US Senate,,l,Randall Batson,17
Montgomery,FAWN CREEK-TYRO,US Senate,,l,Randall Batson,1
Montgomery,INDEPENDENCE TWP 1 H11,US Senate,,l,Randall Batson,22
Montgomery,INDEPENDENCE TWP 1 H12,US Senate,,l,Randall Batson,3
Montgomery,INDEPENDENCE TWP 2 A H12,US Senate,,l,Randall Batson,6
Montgomery,INDEPENDENCE TWP 2 C H11,US Senate,,l,Randall Batson,2
Montgomery,LIBERTY,US Senate,,l,Randall Batson,7
Montgomery,LOUISBURG,US Senate,,l,Randall Batson,10
Montgomery,PARKER 1,US Senate,,l,Randall Batson,2
Montgomery,PARKER 2,US Senate,,l,Randall Batson,15
Montgomery,PARKER 2 EX H11,US Senate,,l,Randall Batson,1
Montgomery,RUTLAND,US Senate,,l,Randall Batson,4
Montgomery,SYCAMORE,US Senate,,l,Randall Batson,13
Montgomery,WEST CHERRY,US Senate,,l,Randall Batson,6
Montgomery,CANEY W1P1,Congress 2,CD2,R,Lynn Jenkins,88
Montgomery,CANEY W1P2 H12,Congress 2,CD2,R,Lynn Jenkins,1
Montgomery,CANEY W2P1,Congress 2,CD2,R,Lynn Jenkins,74
Montgomery,CANEY W3P1,Congress 2,CD2,R,Lynn Jenkins,99
Montgomery,CANEY W3P2,Congress 2,CD2,R,Lynn Jenkins,2
Montgomery,CANEY W4P1,Congress 2,CD2,R,Lynn Jenkins,118
Montgomery,CANEY W4P2,Congress 2,CD2,R,Lynn Jenkins,1
Montgomery,CHERRYVALE 1,Congress 2,CD2,R,Lynn Jenkins,205
Montgomery,CHERRYVALE 2,Congress 2,CD2,R,Lynn Jenkins,161
Montgomery,COFFEYVILLE 1,Congress 2,CD2,R,Lynn Jenkins,5
Montgomery,COFFEYVILLE 2,Congress 2,CD2,R,Lynn Jenkins,51
Montgomery,COFFEYVILLE 3,Congress 2,CD2,R,Lynn Jenkins,68
Montgomery,COFFEYVILLE 4,Congress 2,CD2,R,Lynn Jenkins,101
Montgomery,COFFEYVILLE 5,Congress 2,CD2,R,Lynn Jenkins,118
Montgomery,COFFEYVILLE 6,Congress 2,CD2,R,Lynn Jenkins,31
Montgomery,COFFEYVILLE 7,Congress 2,CD2,R,Lynn Jenkins,46
Montgomery,COFFEYVILLE 8,Congress 2,CD2,R,Lynn Jenkins,63
Montgomery,COFFEYVILLE 9,Congress 2,CD2,R,Lynn Jenkins,14
Montgomery,COFFEYVILLE 10,Congress 2,CD2,R,Lynn Jenkins,62
Montgomery,COFFEYVILLE 11,Congress 2,CD2,R,Lynn Jenkins,161
Montgomery,COFFEYVILLE 12,Congress 2,CD2,R,Lynn Jenkins,259
Montgomery,COFFEYVILLE 13,Congress 2,CD2,R,Lynn Jenkins,222
Montgomery,INDEPENDENCE W1P1,Congress 2,CD2,R,Lynn Jenkins,70
Montgomery,INDEPENDENCE W1P2,Congress 2,CD2,R,Lynn Jenkins,148
Montgomery,INDEPENDENCE W2P1,Congress 2,CD2,R,Lynn Jenkins,56
Montgomery,INDEPENDENCE W2P2,Congress 2,CD2,R,Lynn Jenkins,43
Montgomery,INDEPENDENCE W3P1,Congress 2,CD2,R,Lynn Jenkins,122
Montgomery,INDEPENDENCE W3P2,Congress 2,CD2,R,Lynn Jenkins,57
Montgomery,INDEPENDENCE W3P2 EX,Congress 2,CD2,R,Lynn Jenkins,1
Montgomery,INDEPENDENCE W4P1,Congress 2,CD2,R,Lynn Jenkins,107
Montgomery,INDEPENDENCE W4P2,Congress 2,CD2,R,Lynn Jenkins,70
Montgomery,INDEPENDENCE W5P1,Congress 2,CD2,R,Lynn Jenkins,73
Montgomery,INDEPENDENCE W5P2,Congress 2,CD2,R,Lynn Jenkins,138
Montgomery,INDEPENDENCE W6P1 H11,Congress 2,CD2,R,Lynn Jenkins,12
Montgomery,INDEPENDENCE W6P1 H12,Congress 2,CD2,R,Lynn Jenkins,197
Montgomery,INDEPENDENCE W6P2 H11,Congress 2,CD2,R,Lynn Jenkins,184
Montgomery,INDEPENDENCE W6P2 H12,Congress 2,CD2,R,Lynn Jenkins,62
Montgomery,INDEPENDENCE W6P2 H11A,Congress 2,CD2,R,Lynn Jenkins,75
Montgomery,INDEPENDENCE W6P2 H12A,Congress 2,CD2,R,Lynn Jenkins,6
Montgomery,CANEY-HAVANA,Congress 2,CD2,R,Lynn Jenkins,180
Montgomery,CANEY-TYRO,Congress 2,CD2,R,Lynn Jenkins,211
Montgomery,CHEROKEE,Congress 2,CD2,R,Lynn Jenkins,89
Montgomery,CHERRY,Congress 2,CD2,R,Lynn Jenkins,145
Montgomery,DRUM CREEK ,Congress 2,CD2,R,Lynn Jenkins,168
Montgomery,FAWN CREEK-DEARING,Congress 2,CD2,R,Lynn Jenkins,421
Montgomery,FAWN CREEK-TYRO,Congress 2,CD2,R,Lynn Jenkins,124
Montgomery,INDEPENDENCE TWP 1 H11,Congress 2,CD2,R,Lynn Jenkins,423
Montgomery,INDEPENDENCE TWP 1 H12,Congress 2,CD2,R,Lynn Jenkins,73
Montgomery,INDEPENDENCE TWP 2 A H12,Congress 2,CD2,R,Lynn Jenkins,106
Montgomery,INDEPENDENCE TWP 2 C H11,Congress 2,CD2,R,Lynn Jenkins,35
Montgomery,LIBERTY,Congress 2,CD2,R,Lynn Jenkins,137
Montgomery,LOUISBURG,Congress 2,CD2,R,Lynn Jenkins,134
Montgomery,PARKER 1,Congress 2,CD2,R,Lynn Jenkins,64
Montgomery,PARKER 2,Congress 2,CD2,R,Lynn Jenkins,202
Montgomery,PARKER 2 EX H11,Congress 2,CD2,R,Lynn Jenkins,5
Montgomery,RUTLAND,Congress 2,CD2,R,Lynn Jenkins,110
Montgomery,SYCAMORE,Congress 2,CD2,R,Lynn Jenkins,269
Montgomery,WEST CHERRY,Congress 2,CD2,R,Lynn Jenkins,78
Montgomery,CANEY W1P1,Congress 2,CD2,D,Margie Wakefield,21
Montgomery,CANEY W1P2 H12,Congress 2,CD2,D,Margie Wakefield,2
Montgomery,CANEY W2P1,Congress 2,CD2,D,Margie Wakefield,21
Montgomery,CANEY W3P1,Congress 2,CD2,D,Margie Wakefield,17
Montgomery,CANEY W3P2,Congress 2,CD2,D,Margie Wakefield,0
Montgomery,CANEY W4P1,Congress 2,CD2,D,Margie Wakefield,17
Montgomery,CANEY W4P2,Congress 2,CD2,D,Margie Wakefield,0
Montgomery,CHERRYVALE 1,Congress 2,CD2,D,Margie Wakefield,71
Montgomery,CHERRYVALE 2,Congress 2,CD2,D,Margie Wakefield,56
Montgomery,COFFEYVILLE 1,Congress 2,CD2,D,Margie Wakefield,22
Montgomery,COFFEYVILLE 2,Congress 2,CD2,D,Margie Wakefield,26
Montgomery,COFFEYVILLE 3,Congress 2,CD2,D,Margie Wakefield,45
Montgomery,COFFEYVILLE 4,Congress 2,CD2,D,Margie Wakefield,42
Montgomery,COFFEYVILLE 5,Congress 2,CD2,D,Margie Wakefield,65
Montgomery,COFFEYVILLE 6,Congress 2,CD2,D,Margie Wakefield,24
Montgomery,COFFEYVILLE 7,Congress 2,CD2,D,Margie Wakefield,27
Montgomery,COFFEYVILLE 8,Congress 2,CD2,D,Margie Wakefield,37
Montgomery,COFFEYVILLE 9,Congress 2,CD2,D,Margie Wakefield,16
Montgomery,COFFEYVILLE 10,Congress 2,CD2,D,Margie Wakefield,38
Montgomery,COFFEYVILLE 11,Congress 2,CD2,D,Margie Wakefield,88
Montgomery,COFFEYVILLE 12,Congress 2,CD2,D,Margie Wakefield,99
Montgomery,COFFEYVILLE 13,Congress 2,CD2,D,Margie Wakefield,84
Montgomery,INDEPENDENCE W1P1,Congress 2,CD2,D,Margie Wakefield,34
Montgomery,INDEPENDENCE W1P2,Congress 2,CD2,D,Margie Wakefield,45
Montgomery,INDEPENDENCE W2P1,Congress 2,CD2,D,Margie Wakefield,20
Montgomery,INDEPENDENCE W2P2,Congress 2,CD2,D,Margie Wakefield,18
Montgomery,INDEPENDENCE W3P1,Congress 2,CD2,D,Margie Wakefield,28
Montgomery,INDEPENDENCE W3P2,Congress 2,CD2,D,Margie Wakefield,20
Montgomery,INDEPENDENCE W3P2 EX,Congress 2,CD2,D,Margie Wakefield,0
Montgomery,INDEPENDENCE W4P1,Congress 2,CD2,D,Margie Wakefield,55
Montgomery,INDEPENDENCE W4P2,Congress 2,CD2,D,Margie Wakefield,28
Montgomery,INDEPENDENCE W5P1,Congress 2,CD2,D,Margie Wakefield,26
Montgomery,INDEPENDENCE W5P2,Congress 2,CD2,D,Margie Wakefield,64
Montgomery,INDEPENDENCE W6P1 H11,Congress 2,CD2,D,Margie Wakefield,6
Montgomery,INDEPENDENCE W6P1 H12,Congress 2,CD2,D,Margie Wakefield,78
Montgomery,INDEPENDENCE W6P2 H11,Congress 2,CD2,D,Margie Wakefield,44
Montgomery,INDEPENDENCE W6P2 H12,Congress 2,CD2,D,Margie Wakefield,10
Montgomery,INDEPENDENCE W6P2 H11A,Congress 2,CD2,D,Margie Wakefield,30
Montgomery,INDEPENDENCE W6P2 H12A,Congress 2,CD2,D,Margie Wakefield,3
Montgomery,CANEY-HAVANA,Congress 2,CD2,D,Margie Wakefield,25
Montgomery,CANEY-TYRO,Congress 2,CD2,D,Margie Wakefield,24
Montgomery,CHEROKEE,Congress 2,CD2,D,Margie Wakefield,31
Montgomery,CHERRY,Congress 2,CD2,D,Margie Wakefield,32
Montgomery,DRUM CREEK ,Congress 2,CD2,D,Margie Wakefield,35
Montgomery,FAWN CREEK-DEARING,Congress 2,CD2,D,Margie Wakefield,94
Montgomery,FAWN CREEK-TYRO,Congress 2,CD2,D,Margie Wakefield,14
Montgomery,INDEPENDENCE TWP 1 H11,Congress 2,CD2,D,Margie Wakefield,85
Montgomery,INDEPENDENCE TWP 1 H12,Congress 2,CD2,D,Margie Wakefield,12
Montgomery,INDEPENDENCE TWP 2 A H12,Congress 2,CD2,D,Margie Wakefield,29
Montgomery,INDEPENDENCE TWP 2 C H11,Congress 2,CD2,D,Margie Wakefield,3
Montgomery,LIBERTY,Congress 2,CD2,D,Margie Wakefield,38
Montgomery,LOUISBURG,Congress 2,CD2,D,Margie Wakefield,25
Montgomery,PARKER 1,Congress 2,CD2,D,Margie Wakefield,23
Montgomery,PARKER 2,Congress 2,CD2,D,Margie Wakefield,87
Montgomery,PARKER 2 EX H11,Congress 2,CD2,D,Margie Wakefield,3
Montgomery,RUTLAND,Congress 2,CD2,D,Margie Wakefield,17
Montgomery,SYCAMORE,Congress 2,CD2,D,Margie Wakefield,46
Montgomery,WEST CHERRY,Congress 2,CD2,D,Margie Wakefield,18
Montgomery,CANEY W1P1,Congress 2,CD2,L,Christopher Clemmons,4
Montgomery,CANEY W1P2 H12,Congress 2,CD2,L,Christopher Clemmons,0
Montgomery,CANEY W2P1,Congress 2,CD2,L,Christopher Clemmons,5
Montgomery,CANEY W3P1,Congress 2,CD2,L,Christopher Clemmons,5
Montgomery,CANEY W3P2,Congress 2,CD2,L,Christopher Clemmons,0
Montgomery,CANEY W4P1,Congress 2,CD2,L,Christopher Clemmons,5
Montgomery,CANEY W4P2,Congress 2,CD2,L,Christopher Clemmons,0
Montgomery,CHERRYVALE 1,Congress 2,CD2,L,Christopher Clemmons,22
Montgomery,CHERRYVALE 2,Congress 2,CD2,L,Christopher Clemmons,13
Montgomery,COFFEYVILLE 1,Congress 2,CD2,L,Christopher Clemmons,0
Montgomery,COFFEYVILLE 2,Congress 2,CD2,L,Christopher Clemmons,2
Montgomery,COFFEYVILLE 3,Congress 2,CD2,L,Christopher Clemmons,8
Montgomery,COFFEYVILLE 4,Congress 2,CD2,L,Christopher Clemmons,5
Montgomery,COFFEYVILLE 5,Congress 2,CD2,L,Christopher Clemmons,8
Montgomery,COFFEYVILLE 6,Congress 2,CD2,L,Christopher Clemmons,2
Montgomery,COFFEYVILLE 7,Congress 2,CD2,L,Christopher Clemmons,3
Montgomery,COFFEYVILLE 8,Congress 2,CD2,L,Christopher Clemmons,3
Montgomery,COFFEYVILLE 9,Congress 2,CD2,L,Christopher Clemmons,3
Montgomery,COFFEYVILLE 10,Congress 2,CD2,L,Christopher Clemmons,3
Montgomery,COFFEYVILLE 11,Congress 2,CD2,L,Christopher Clemmons,8
Montgomery,COFFEYVILLE 12,Congress 2,CD2,L,Christopher Clemmons,11
Montgomery,COFFEYVILLE 13,Congress 2,CD2,L,Christopher Clemmons,12
Montgomery,INDEPENDENCE W1P1,Congress 2,CD2,L,Christopher Clemmons,4
Montgomery,INDEPENDENCE W1P2,Congress 2,CD2,L,Christopher Clemmons,3
Montgomery,INDEPENDENCE W2P1,Congress 2,CD2,L,Christopher Clemmons,5
Montgomery,INDEPENDENCE W2P2,Congress 2,CD2,L,Christopher Clemmons,2
Montgomery,INDEPENDENCE W3P1,Congress 2,CD2,L,Christopher Clemmons,3
Montgomery,INDEPENDENCE W3P2,Congress 2,CD2,L,Christopher Clemmons,9
Montgomery,INDEPENDENCE W3P2 EX,Congress 2,CD2,L,Christopher Clemmons,0
Montgomery,INDEPENDENCE W4P1,Congress 2,CD2,L,Christopher Clemmons,10
Montgomery,INDEPENDENCE W4P2,Congress 2,CD2,L,Christopher Clemmons,10
Montgomery,INDEPENDENCE W5P1,Congress 2,CD2,L,Christopher Clemmons,5
Montgomery,INDEPENDENCE W5P2,Congress 2,CD2,L,Christopher Clemmons,7
Montgomery,INDEPENDENCE W6P1 H11,Congress 2,CD2,L,Christopher Clemmons,2
Montgomery,INDEPENDENCE W6P1 H12,Congress 2,CD2,L,Christopher Clemmons,11
Montgomery,INDEPENDENCE W6P2 H11,Congress 2,CD2,L,Christopher Clemmons,2
Montgomery,INDEPENDENCE W6P2 H12,Congress 2,CD2,L,Christopher Clemmons,2
Montgomery,INDEPENDENCE W6P2 H11A,Congress 2,CD2,L,Christopher Clemmons,4
Montgomery,INDEPENDENCE W6P2 H12A,Congress 2,CD2,L,Christopher Clemmons,0
Montgomery,CANEY-HAVANA,Congress 2,CD2,L,Christopher Clemmons,5
Montgomery,CANEY-TYRO,Congress 2,CD2,L,Christopher Clemmons,5
Montgomery,CHEROKEE,Congress 2,CD2,L,Christopher Clemmons,6
Montgomery,CHERRY,Congress 2,CD2,L,Christopher Clemmons,10
Montgomery,DRUM CREEK ,Congress 2,CD2,L,Christopher Clemmons,3
Montgomery,FAWN CREEK-DEARING,Congress 2,CD2,L,Christopher Clemmons,19
Montgomery,FAWN CREEK-TYRO,Congress 2,CD2,L,Christopher Clemmons,4
Montgomery,INDEPENDENCE TWP 1 H11,Congress 2,CD2,L,Christopher Clemmons,21
Montgomery,INDEPENDENCE TWP 1 H12,Congress 2,CD2,L,Christopher Clemmons,6
Montgomery,INDEPENDENCE TWP 2 A H12,Congress 2,CD2,L,Christopher Clemmons,2
Montgomery,INDEPENDENCE TWP 2 C H11,Congress 2,CD2,L,Christopher Clemmons,2
Montgomery,LIBERTY,Congress 2,CD2,L,Christopher Clemmons,10
Montgomery,LOUISBURG,Congress 2,CD2,L,Christopher Clemmons,5
Montgomery,PARKER 1,Congress 2,CD2,L,Christopher Clemmons,4
Montgomery,PARKER 2,Congress 2,CD2,L,Christopher Clemmons,17
Montgomery,PARKER 2 EX H11,Congress 2,CD2,L,Christopher Clemmons,2
Montgomery,RUTLAND,Congress 2,CD2,L,Christopher Clemmons,1
Montgomery,SYCAMORE,Congress 2,CD2,L,Christopher Clemmons,11
Montgomery,WEST CHERRY,Congress 2,CD2,L,Christopher Clemmons,4
Montgomery,CANEY W1P1,Governor,,R,Sam Brownback,79
Montgomery,CANEY W1P2 H12,Governor,,R,Sam Brownback,3
Montgomery,CANEY W2P1,Governor,,R,Sam Brownback,63
Montgomery,CANEY W3P1,Governor,,R,Sam Brownback,94
Montgomery,CANEY W3P2,Governor,,R,Sam Brownback,2
Montgomery,CANEY W4P1,Governor,,R,Sam Brownback,104
Montgomery,CANEY W4P2,Governor,,R,Sam Brownback,1
Montgomery,CHERRYVALE 1,Governor,,R,Sam Brownback,175
Montgomery,CHERRYVALE 2,Governor,,R,Sam Brownback,136
Montgomery,COFFEYVILLE 1,Governor,,R,Sam Brownback,4
Montgomery,COFFEYVILLE 2,Governor,,R,Sam Brownback,42
Montgomery,COFFEYVILLE 3,Governor,,R,Sam Brownback,63
Montgomery,COFFEYVILLE 4,Governor,,R,Sam Brownback,91
Montgomery,COFFEYVILLE 5,Governor,,R,Sam Brownback,95
Montgomery,COFFEYVILLE 6,Governor,,R,Sam Brownback,28
Montgomery,COFFEYVILLE 7,Governor,,R,Sam Brownback,37
Montgomery,COFFEYVILLE 8,Governor,,R,Sam Brownback,48
Montgomery,COFFEYVILLE 9,Governor,,R,Sam Brownback,15
Montgomery,COFFEYVILLE 10,Governor,,R,Sam Brownback,54
Montgomery,COFFEYVILLE 11,Governor,,R,Sam Brownback,141
Montgomery,COFFEYVILLE 12,Governor,,R,Sam Brownback,217
Montgomery,COFFEYVILLE 13,Governor,,R,Sam Brownback,189
Montgomery,INDEPENDENCE W1P1,Governor,,R,Sam Brownback,55
Montgomery,INDEPENDENCE W1P2,Governor,,R,Sam Brownback,117
Montgomery,INDEPENDENCE W2P1,Governor,,R,Sam Brownback,40
Montgomery,INDEPENDENCE W2P2,Governor,,R,Sam Brownback,40
Montgomery,INDEPENDENCE W3P1,Governor,,R,Sam Brownback,102
Montgomery,INDEPENDENCE W3P2,Governor,,R,Sam Brownback,48
Montgomery,INDEPENDENCE W3P2 EX,Governor,,R,Sam Brownback,1
Montgomery,INDEPENDENCE W4P1,Governor,,R,Sam Brownback,96
Montgomery,INDEPENDENCE W4P2,Governor,,R,Sam Brownback,63
Montgomery,INDEPENDENCE W5P1,Governor,,R,Sam Brownback,64
Montgomery,INDEPENDENCE W5P2,Governor,,R,Sam Brownback,103
Montgomery,INDEPENDENCE W6P1 H11,Governor,,R,Sam Brownback,11
Montgomery,INDEPENDENCE W6P1 H12,Governor,,R,Sam Brownback,172
Montgomery,INDEPENDENCE W6P2 H11,Governor,,R,Sam Brownback,133
Montgomery,INDEPENDENCE W6P2 H12,Governor,,R,Sam Brownback,48
Montgomery,INDEPENDENCE W6P2 H11A,Governor,,R,Sam Brownback,58
Montgomery,INDEPENDENCE W6P2 H12A,Governor,,R,Sam Brownback,6
Montgomery,CANEY-HAVANA,Governor,,R,Sam Brownback,168
Montgomery,CANEY-TYRO,Governor,,R,Sam Brownback,197
Montgomery,CHEROKEE,Governor,,R,Sam Brownback,79
Montgomery,CHERRY,Governor,,R,Sam Brownback,125
Montgomery,DRUM CREEK ,Governor,,R,Sam Brownback,159
Montgomery,FAWN CREEK-DEARING,Governor,,R,Sam Brownback,373
Montgomery,FAWN CREEK-TYRO,Governor,,R,Sam Brownback,115
Montgomery,INDEPENDENCE TWP 1 H11,Governor,,R,Sam Brownback,373
Montgomery,INDEPENDENCE TWP 1 H12,Governor,,R,Sam Brownback,58
Montgomery,INDEPENDENCE TWP 2 A H12,Governor,,R,Sam Brownback,94
Montgomery,INDEPENDENCE TWP 2 C H11,Governor,,R,Sam Brownback,20
Montgomery,LIBERTY,Governor,,R,Sam Brownback,125
Montgomery,LOUISBURG,Governor,,R,Sam Brownback,122
Montgomery,PARKER 1,Governor,,R,Sam Brownback,58
Montgomery,PARKER 2,Governor,,R,Sam Brownback,171
Montgomery,PARKER 2 EX H11,Governor,,R,Sam Brownback,5
Montgomery,RUTLAND,Governor,,R,Sam Brownback,99
Montgomery,SYCAMORE,Governor,,R,Sam Brownback,240
Montgomery,WEST CHERRY,Governor,,R,Sam Brownback,76
Montgomery,CANEY W1P1,Governor,,D,Paul Davis,32
Montgomery,CANEY W1P2 H12,Governor,,D,Paul Davis,1
Montgomery,CANEY W2P1,Governor,,D,Paul Davis,28
Montgomery,CANEY W3P1,Governor,,D,Paul Davis,19
Montgomery,CANEY W3P2,Governor,,D,Paul Davis,0
Montgomery,CANEY W4P1,Governor,,D,Paul Davis,27
Montgomery,CANEY W4P2,Governor,,D,Paul Davis,0
Montgomery,CHERRYVALE 1,Governor,,D,Paul Davis,107
Montgomery,CHERRYVALE 2,Governor,,D,Paul Davis,89
Montgomery,COFFEYVILLE 1,Governor,,D,Paul Davis,23
Montgomery,COFFEYVILLE 2,Governor,,D,Paul Davis,37
Montgomery,COFFEYVILLE 3,Governor,,D,Paul Davis,54
Montgomery,COFFEYVILLE 4,Governor,,D,Paul Davis,53
Montgomery,COFFEYVILLE 5,Governor,,D,Paul Davis,85
Montgomery,COFFEYVILLE 6,Governor,,D,Paul Davis,27
Montgomery,COFFEYVILLE 7,Governor,,D,Paul Davis,35
Montgomery,COFFEYVILLE 8,Governor,,D,Paul Davis,50
Montgomery,COFFEYVILLE 9,Governor,,D,Paul Davis,16
Montgomery,COFFEYVILLE 10,Governor,,D,Paul Davis,42
Montgomery,COFFEYVILLE 11,Governor,,D,Paul Davis,112
Montgomery,COFFEYVILLE 12,Governor,,D,Paul Davis,141
Montgomery,COFFEYVILLE 13,Governor,,D,Paul Davis,124
Montgomery,INDEPENDENCE W1P1,Governor,,D,Paul Davis,52
Montgomery,INDEPENDENCE W1P2,Governor,,D,Paul Davis,66
Montgomery,INDEPENDENCE W2P1,Governor,,D,Paul Davis,39
Montgomery,INDEPENDENCE W2P2,Governor,,D,Paul Davis,24
Montgomery,INDEPENDENCE W3P1,Governor,,D,Paul Davis,49
Montgomery,INDEPENDENCE W3P2,Governor,,D,Paul Davis,32
Montgomery,INDEPENDENCE W3P2 EX,Governor,,D,Paul Davis,0
Montgomery,INDEPENDENCE W4P1,Governor,,D,Paul Davis,68
Montgomery,INDEPENDENCE W4P2,Governor,,D,Paul Davis,37
Montgomery,INDEPENDENCE W5P1,Governor,,D,Paul Davis,36
Montgomery,INDEPENDENCE W5P2,Governor,,D,Paul Davis,94
Montgomery,INDEPENDENCE W6P1 H11,Governor,,D,Paul Davis,9
Montgomery,INDEPENDENCE W6P1 H12,Governor,,D,Paul Davis,103
Montgomery,INDEPENDENCE W6P2 H11,Governor,,D,Paul Davis,88
Montgomery,INDEPENDENCE W6P2 H12,Governor,,D,Paul Davis,22
Montgomery,INDEPENDENCE W6P2 H11A,Governor,,D,Paul Davis,50
Montgomery,INDEPENDENCE W6P2 H12A,Governor,,D,Paul Davis,3
Montgomery,CANEY-HAVANA,Governor,,D,Paul Davis,38
Montgomery,CANEY-TYRO,Governor,,D,Paul Davis,39
Montgomery,CHEROKEE,Governor,,D,Paul Davis,41
Montgomery,CHERRY,Governor,,D,Paul Davis,49
Montgomery,DRUM CREEK ,Governor,,D,Paul Davis,44
Montgomery,FAWN CREEK-DEARING,Governor,,D,Paul Davis,140
Montgomery,FAWN CREEK-TYRO,Governor,,D,Paul Davis,24
Montgomery,INDEPENDENCE TWP 1 H11,Governor,,D,Paul Davis,141
Montgomery,INDEPENDENCE TWP 1 H12,Governor,,D,Paul Davis,24
Montgomery,INDEPENDENCE TWP 2 A H12,Governor,,D,Paul Davis,38
Montgomery,INDEPENDENCE TWP 2 C H11,Governor,,D,Paul Davis,19
Montgomery,LIBERTY,Governor,,D,Paul Davis,49
Montgomery,LOUISBURG,Governor,,D,Paul Davis,43
Montgomery,PARKER 1,Governor,,D,Paul Davis,32
Montgomery,PARKER 2,Governor,,D,Paul Davis,126
Montgomery,PARKER 2 EX H11,Governor,,D,Paul Davis,3
Montgomery,RUTLAND,Governor,,D,Paul Davis,24
Montgomery,SYCAMORE,Governor,,D,Paul Davis,77
Montgomery,WEST CHERRY,Governor,,D,Paul Davis,28
Montgomery,CANEY W1P1,Governor,,L,Keen Umbehr,3
Montgomery,CANEY W1P2 H12,Governor,,L,Keen Umbehr,0
Montgomery,CANEY W2P1,Governor,,L,Keen Umbehr,9
Montgomery,CANEY W3P1,Governor,,L,Keen Umbehr,7
Montgomery,CANEY W3P2,Governor,,L,Keen Umbehr,0
Montgomery,CANEY W4P1,Governor,,L,Keen Umbehr,8
Montgomery,CANEY W4P2,Governor,,L,Keen Umbehr,0
Montgomery,CHERRYVALE 1,Governor,,L,Keen Umbehr,19
Montgomery,CHERRYVALE 2,Governor,,L,Keen Umbehr,7
Montgomery,COFFEYVILLE 1,Governor,,L,Keen Umbehr,0
Montgomery,COFFEYVILLE 2,Governor,,L,Keen Umbehr,1
Montgomery,COFFEYVILLE 3,Governor,,L,Keen Umbehr,4
Montgomery,COFFEYVILLE 4,Governor,,L,Keen Umbehr,4
Montgomery,COFFEYVILLE 5,Governor,,L,Keen Umbehr,9
Montgomery,COFFEYVILLE 6,Governor,,L,Keen Umbehr,4
Montgomery,COFFEYVILLE 7,Governor,,L,Keen Umbehr,5
Montgomery,COFFEYVILLE 8,Governor,,L,Keen Umbehr,5
Montgomery,COFFEYVILLE 9,Governor,,L,Keen Umbehr,1
Montgomery,COFFEYVILLE 10,Governor,,L,Keen Umbehr,6
Montgomery,COFFEYVILLE 11,Governor,,L,Keen Umbehr,10
Montgomery,COFFEYVILLE 12,Governor,,L,Keen Umbehr,13
Montgomery,COFFEYVILLE 13,Governor,,L,Keen Umbehr,7
Montgomery,INDEPENDENCE W1P1,Governor,,L,Keen Umbehr,2
Montgomery,INDEPENDENCE W1P2,Governor,,L,Keen Umbehr,13
Montgomery,INDEPENDENCE W2P1,Governor,,L,Keen Umbehr,2
Montgomery,INDEPENDENCE W2P2,Governor,,L,Keen Umbehr,0
Montgomery,INDEPENDENCE W3P1,Governor,,L,Keen Umbehr,6
Montgomery,INDEPENDENCE W3P2,Governor,,L,Keen Umbehr,6
Montgomery,INDEPENDENCE W3P2 EX,Governor,,L,Keen Umbehr,0
Montgomery,INDEPENDENCE W4P1,Governor,,L,Keen Umbehr,7
Montgomery,INDEPENDENCE W4P2,Governor,,L,Keen Umbehr,10
Montgomery,INDEPENDENCE W5P1,Governor,,L,Keen Umbehr,5
Montgomery,INDEPENDENCE W5P2,Governor,,L,Keen Umbehr,11
Montgomery,INDEPENDENCE W6P1 H11,Governor,,L,Keen Umbehr,1
Montgomery,INDEPENDENCE W6P1 H12,Governor,,L,Keen Umbehr,9
Montgomery,INDEPENDENCE W6P2 H11,Governor,,L,Keen Umbehr,10
Montgomery,INDEPENDENCE W6P2 H12,Governor,,L,Keen Umbehr,3
Montgomery,INDEPENDENCE W6P2 H11A,Governor,,L,Keen Umbehr,3
Montgomery,INDEPENDENCE W6P2 H12A,Governor,,L,Keen Umbehr,0
Montgomery,CANEY-HAVANA,Governor,,L,Keen Umbehr,7
Montgomery,CANEY-TYRO,Governor,,L,Keen Umbehr,8
Montgomery,CHEROKEE,Governor,,L,Keen Umbehr,8
Montgomery,CHERRY,Governor,,L,Keen Umbehr,13
Montgomery,DRUM CREEK ,Governor,,L,Keen Umbehr,6
Montgomery,FAWN CREEK-DEARING,Governor,,L,Keen Umbehr,22
Montgomery,FAWN CREEK-TYRO,Governor,,L,Keen Umbehr,7
Montgomery,INDEPENDENCE TWP 1 H11,Governor,,L,Keen Umbehr,19
Montgomery,INDEPENDENCE TWP 1 H12,Governor,,L,Keen Umbehr,10
Montgomery,INDEPENDENCE TWP 2 A H12,Governor,,L,Keen Umbehr,2
Montgomery,INDEPENDENCE TWP 2 C H11,Governor,,L,Keen Umbehr,1
Montgomery,LIBERTY,Governor,,L,Keen Umbehr,12
Montgomery,LOUISBURG,Governor,,L,Keen Umbehr,4
Montgomery,PARKER 1,Governor,,L,Keen Umbehr,2
Montgomery,PARKER 2,Governor,,L,Keen Umbehr,17
Montgomery,PARKER 2 EX H11,Governor,,L,Keen Umbehr,2
Montgomery,RUTLAND,Governor,,L,Keen Umbehr,6
Montgomery,SYCAMORE,Governor,,L,Keen Umbehr,9
Montgomery,WEST CHERRY,Governor,,L,Keen Umbehr,0
Montgomery,CANEY W1P1,Secretary,,R,Kris Kobach,83
Montgomery,CANEY W1P2 H12,Secretary,,R,Kris Kobach,2
Montgomery,CANEY W2P1,Secretary,,R,Kris Kobach,74
Montgomery,CANEY W3P1,Secretary,,R,Kris Kobach,93
Montgomery,CANEY W3P2,Secretary,,R,Kris Kobach,2
Montgomery,CANEY W4P1,Secretary,,R,Kris Kobach,110
Montgomery,CANEY W4P2,Secretary,,R,Kris Kobach,1
Montgomery,CHERRYVALE 1,Secretary,,R,Kris Kobach,196
Montgomery,CHERRYVALE 2,Secretary,,R,Kris Kobach,154
Montgomery,COFFEYVILLE 1,Secretary,,R,Kris Kobach,4
Montgomery,COFFEYVILLE 2,Secretary,,R,Kris Kobach,44
Montgomery,COFFEYVILLE 3,Secretary,,R,Kris Kobach,58
Montgomery,COFFEYVILLE 4,Secretary,,R,Kris Kobach,96
Montgomery,COFFEYVILLE 5,Secretary,,R,Kris Kobach,111
Montgomery,COFFEYVILLE 6,Secretary,,R,Kris Kobach,32
Montgomery,COFFEYVILLE 7,Secretary,,R,Kris Kobach,46
Montgomery,COFFEYVILLE 8,Secretary,,R,Kris Kobach,56
Montgomery,COFFEYVILLE 9,Secretary,,R,Kris Kobach,15
Montgomery,COFFEYVILLE 10,Secretary,,R,Kris Kobach,62
Montgomery,COFFEYVILLE 11,Secretary,,R,Kris Kobach,159
Montgomery,COFFEYVILLE 12,Secretary,,R,Kris Kobach,246
Montgomery,COFFEYVILLE 13,Secretary,,R,Kris Kobach,206
Montgomery,INDEPENDENCE W1P1,Secretary,,R,Kris Kobach,54
Montgomery,INDEPENDENCE W1P2,Secretary,,R,Kris Kobach,127
Montgomery,INDEPENDENCE W2P1,Secretary,,R,Kris Kobach,55
Montgomery,INDEPENDENCE W2P2,Secretary,,R,Kris Kobach,38
Montgomery,INDEPENDENCE W3P1,Secretary,,R,Kris Kobach,103
Montgomery,INDEPENDENCE W3P2,Secretary,,R,Kris Kobach,53
Montgomery,INDEPENDENCE W3P2 EX,Secretary,,R,Kris Kobach,1
Montgomery,INDEPENDENCE W4P1,Secretary,,R,Kris Kobach,107
Montgomery,INDEPENDENCE W4P2,Secretary,,R,Kris Kobach,69
Montgomery,INDEPENDENCE W5P1,Secretary,,R,Kris Kobach,68
Montgomery,INDEPENDENCE W5P2,Secretary,,R,Kris Kobach,123
Montgomery,INDEPENDENCE W6P1 H11,Secretary,,R,Kris Kobach,13
Montgomery,INDEPENDENCE W6P1 H12,Secretary,,R,Kris Kobach,177
Montgomery,INDEPENDENCE W6P2 H11,Secretary,,R,Kris Kobach,161
Montgomery,INDEPENDENCE W6P2 H12,Secretary,,R,Kris Kobach,57
Montgomery,INDEPENDENCE W6P2 H11A,Secretary,,R,Kris Kobach,61
Montgomery,INDEPENDENCE W6P2 H12A,Secretary,,R,Kris Kobach,6
Montgomery,CANEY-HAVANA,Secretary,,R,Kris Kobach,172
Montgomery,CANEY-TYRO,Secretary,,R,Kris Kobach,204
Montgomery,CHEROKEE,Secretary,,R,Kris Kobach,84
Montgomery,CHERRY,Secretary,,R,Kris Kobach,136
Montgomery,DRUM CREEK ,Secretary,,R,Kris Kobach,163
Montgomery,FAWN CREEK-DEARING,Secretary,,R,Kris Kobach,394
Montgomery,FAWN CREEK-TYRO,Secretary,,R,Kris Kobach,120
Montgomery,INDEPENDENCE TWP 1 H11,Secretary,,R,Kris Kobach,412
Montgomery,INDEPENDENCE TWP 1 H12,Secretary,,R,Kris Kobach,71
Montgomery,INDEPENDENCE TWP 2 A H12,Secretary,,R,Kris Kobach,95
Montgomery,INDEPENDENCE TWP 2 C H11,Secretary,,R,Kris Kobach,32
Montgomery,LIBERTY,Secretary,,R,Kris Kobach,134
Montgomery,LOUISBURG,Secretary,,R,Kris Kobach,127
Montgomery,PARKER 1,Secretary,,R,Kris Kobach,59
Montgomery,PARKER 2,Secretary,,R,Kris Kobach,184
Montgomery,PARKER 2 EX H11,Secretary,,R,Kris Kobach,5
Montgomery,RUTLAND,Secretary,,R,Kris Kobach,105
Montgomery,SYCAMORE,Secretary,,R,Kris Kobach,252
Montgomery,WEST CHERRY,Secretary,,R,Kris Kobach,79
Montgomery,CANEY W1P1,Secretary,,D,Jean Schodorf,31
Montgomery,CANEY W1P2 H12,Secretary,,D,Jean Schodorf,1
Montgomery,CANEY W2P1,Secretary,,D,Jean Schodorf,26
Montgomery,CANEY W3P1,Secretary,,D,Jean Schodorf,25
Montgomery,CANEY W3P2,Secretary,,D,Jean Schodorf,0
Montgomery,CANEY W4P1,Secretary,,D,Jean Schodorf,29
Montgomery,CANEY W4P2,Secretary,,D,Jean Schodorf,0
Montgomery,CHERRYVALE 1,Secretary,,D,Jean Schodorf,103
Montgomery,CHERRYVALE 2,Secretary,,D,Jean Schodorf,73
Montgomery,COFFEYVILLE 1,Secretary,,D,Jean Schodorf,23
Montgomery,COFFEYVILLE 2,Secretary,,D,Jean Schodorf,36
Montgomery,COFFEYVILLE 3,Secretary,,D,Jean Schodorf,61
Montgomery,COFFEYVILLE 4,Secretary,,D,Jean Schodorf,50
Montgomery,COFFEYVILLE 5,Secretary,,D,Jean Schodorf,77
Montgomery,COFFEYVILLE 6,Secretary,,D,Jean Schodorf,27
Montgomery,COFFEYVILLE 7,Secretary,,D,Jean Schodorf,30
Montgomery,COFFEYVILLE 8,Secretary,,D,Jean Schodorf,43
Montgomery,COFFEYVILLE 9,Secretary,,D,Jean Schodorf,19
Montgomery,COFFEYVILLE 10,Secretary,,D,Jean Schodorf,42
Montgomery,COFFEYVILLE 11,Secretary,,D,Jean Schodorf,102
Montgomery,COFFEYVILLE 12,Secretary,,D,Jean Schodorf,123
Montgomery,COFFEYVILLE 13,Secretary,,D,Jean Schodorf,106
Montgomery,INDEPENDENCE W1P1,Secretary,,D,Jean Schodorf,55
Montgomery,INDEPENDENCE W1P2,Secretary,,D,Jean Schodorf,68
Montgomery,INDEPENDENCE W2P1,Secretary,,D,Jean Schodorf,25
Montgomery,INDEPENDENCE W2P2,Secretary,,D,Jean Schodorf,23
Montgomery,INDEPENDENCE W3P1,Secretary,,D,Jean Schodorf,52
Montgomery,INDEPENDENCE W3P2,Secretary,,D,Jean Schodorf,31
Montgomery,INDEPENDENCE W3P2 EX,Secretary,,D,Jean Schodorf,0
Montgomery,INDEPENDENCE W4P1,Secretary,,D,Jean Schodorf,66
Montgomery,INDEPENDENCE W4P2,Secretary,,D,Jean Schodorf,41
Montgomery,INDEPENDENCE W5P1,Secretary,,D,Jean Schodorf,35
Montgomery,INDEPENDENCE W5P2,Secretary,,D,Jean Schodorf,84
Montgomery,INDEPENDENCE W6P1 H11,Secretary,,D,Jean Schodorf,7
Montgomery,INDEPENDENCE W6P1 H12,Secretary,,D,Jean Schodorf,105
Montgomery,INDEPENDENCE W6P2 H11,Secretary,,D,Jean Schodorf,66
Montgomery,INDEPENDENCE W6P2 H12,Secretary,,D,Jean Schodorf,17
Montgomery,INDEPENDENCE W6P2 H11A,Secretary,,D,Jean Schodorf,48
Montgomery,INDEPENDENCE W6P2 H12A,Secretary,,D,Jean Schodorf,3
Montgomery,CANEY-HAVANA,Secretary,,D,Jean Schodorf,39
Montgomery,CANEY-TYRO,Secretary,,D,Jean Schodorf,37
Montgomery,CHEROKEE,Secretary,,D,Jean Schodorf,40
Montgomery,CHERRY,Secretary,,D,Jean Schodorf,48
Montgomery,DRUM CREEK ,Secretary,,D,Jean Schodorf,44
Montgomery,FAWN CREEK-DEARING,Secretary,,D,Jean Schodorf,139
Montgomery,FAWN CREEK-TYRO,Secretary,,D,Jean Schodorf,23
Montgomery,INDEPENDENCE TWP 1 H11,Secretary,,D,Jean Schodorf,115
Montgomery,INDEPENDENCE TWP 1 H12,Secretary,,D,Jean Schodorf,20
Montgomery,INDEPENDENCE TWP 2 A H12,Secretary,,D,Jean Schodorf,41
Montgomery,INDEPENDENCE TWP 2 C H11,Secretary,,D,Jean Schodorf,8
Montgomery,LIBERTY,Secretary,,D,Jean Schodorf,52
Montgomery,LOUISBURG,Secretary,,D,Jean Schodorf,39
Montgomery,PARKER 1,Secretary,,D,Jean Schodorf,30
Montgomery,PARKER 2,Secretary,,D,Jean Schodorf,122
Montgomery,PARKER 2 EX H11,Secretary,,D,Jean Schodorf,4
Montgomery,RUTLAND,Secretary,,D,Jean Schodorf,24
Montgomery,SYCAMORE,Secretary,,D,Jean Schodorf,70
Montgomery,WEST CHERRY,Secretary,,D,Jean Schodorf,23
Montgomery,CANEY W1P1,Attorney,,R,Derek Schmidt,96
Montgomery,CANEY W1P2 H12,Attorney,,R,Derek Schmidt,4
Montgomery,CANEY W2P1,Attorney,,R,Derek Schmidt,79
Montgomery,CANEY W3P1,Attorney,,R,Derek Schmidt,103
Montgomery,CANEY W3P2,Attorney,,R,Derek Schmidt,2
Montgomery,CANEY W4P1,Attorney,,R,Derek Schmidt,129
Montgomery,CANEY W4P2,Attorney,,R,Derek Schmidt,1
Montgomery,CHERRYVALE 1,Attorney,,R,Derek Schmidt,235
Montgomery,CHERRYVALE 2,Attorney,,R,Derek Schmidt,174
Montgomery,COFFEYVILLE 1,Attorney,,R,Derek Schmidt,5
Montgomery,COFFEYVILLE 2,Attorney,,R,Derek Schmidt,56
Montgomery,COFFEYVILLE 3,Attorney,,R,Derek Schmidt,78
Montgomery,COFFEYVILLE 4,Attorney,,R,Derek Schmidt,109
Montgomery,COFFEYVILLE 5,Attorney,,R,Derek Schmidt,129
Montgomery,COFFEYVILLE 6,Attorney,,R,Derek Schmidt,35
Montgomery,COFFEYVILLE 7,Attorney,,R,Derek Schmidt,55
Montgomery,COFFEYVILLE 8,Attorney,,R,Derek Schmidt,67
Montgomery,COFFEYVILLE 9,Attorney,,R,Derek Schmidt,18
Montgomery,COFFEYVILLE 10,Attorney,,R,Derek Schmidt,68
Montgomery,COFFEYVILLE 11,Attorney,,R,Derek Schmidt,181
Montgomery,COFFEYVILLE 12,Attorney,,R,Derek Schmidt,273
Montgomery,COFFEYVILLE 13,Attorney,,R,Derek Schmidt,255
Montgomery,INDEPENDENCE W1P1,Attorney,,R,Derek Schmidt,94
Montgomery,INDEPENDENCE W1P2,Attorney,,R,Derek Schmidt,167
Montgomery,INDEPENDENCE W2P1,Attorney,,R,Derek Schmidt,62
Montgomery,INDEPENDENCE W2P2,Attorney,,R,Derek Schmidt,46
Montgomery,INDEPENDENCE W3P1,Attorney,,R,Derek Schmidt,133
Montgomery,INDEPENDENCE W3P2,Attorney,,R,Derek Schmidt,71
Montgomery,INDEPENDENCE W3P2 EX,Attorney,,R,Derek Schmidt,1
Montgomery,INDEPENDENCE W4P1,Attorney,,R,Derek Schmidt,136
Montgomery,INDEPENDENCE W4P2,Attorney,,R,Derek Schmidt,87
Montgomery,INDEPENDENCE W5P1,Attorney,,R,Derek Schmidt,82
Montgomery,INDEPENDENCE W5P2,Attorney,,R,Derek Schmidt,169
Montgomery,INDEPENDENCE W6P1 H11,Attorney,,R,Derek Schmidt,18
Montgomery,INDEPENDENCE W6P1 H12,Attorney,,R,Derek Schmidt,246
Montgomery,INDEPENDENCE W6P2 H11,Attorney,,R,Derek Schmidt,212
Montgomery,INDEPENDENCE W6P2 H12,Attorney,,R,Derek Schmidt,65
Montgomery,INDEPENDENCE W6P2 H11A,Attorney,,R,Derek Schmidt,86
Montgomery,INDEPENDENCE W6P2 H12A,Attorney,,R,Derek Schmidt,8
Montgomery,CANEY-HAVANA,Attorney,,R,Derek Schmidt,190
Montgomery,CANEY-TYRO,Attorney,,R,Derek Schmidt,220
Montgomery,CHEROKEE,Attorney,,R,Derek Schmidt,101
Montgomery,CHERRY,Attorney,,R,Derek Schmidt,154
Montgomery,DRUM CREEK ,Attorney,,R,Derek Schmidt,186
Montgomery,FAWN CREEK-DEARING,Attorney,,R,Derek Schmidt,442
Montgomery,FAWN CREEK-TYRO,Attorney,,R,Derek Schmidt,133
Montgomery,INDEPENDENCE TWP 1 H11,Attorney,,R,Derek Schmidt,461
Montgomery,INDEPENDENCE TWP 1 H12,Attorney,,R,Derek Schmidt,79
Montgomery,INDEPENDENCE TWP 2 A H12,Attorney,,R,Derek Schmidt,125
Montgomery,INDEPENDENCE TWP 2 C H11,Attorney,,R,Derek Schmidt,36
Montgomery,LIBERTY,Attorney,,R,Derek Schmidt,158
Montgomery,LOUISBURG,Attorney,,R,Derek Schmidt,145
Montgomery,PARKER 1,Attorney,,R,Derek Schmidt,68
Montgomery,PARKER 2,Attorney,,R,Derek Schmidt,230
Montgomery,PARKER 2 EX H11,Attorney,,R,Derek Schmidt,6
Montgomery,RUTLAND,Attorney,,R,Derek Schmidt,117
Montgomery,SYCAMORE,Attorney,,R,Derek Schmidt,292
Montgomery,WEST CHERRY,Attorney,,R,Derek Schmidt,82
Montgomery,CANEY W1P1,Attorney,,D,AJ Kotich,15
Montgomery,CANEY W1P2 H12,Attorney,,D,AJ Kotich,0
Montgomery,CANEY W2P1,Attorney,,D,AJ Kotich,21
Montgomery,CANEY W3P1,Attorney,,D,AJ Kotich,16
Montgomery,CANEY W3P2,Attorney,,D,AJ Kotich,0
Montgomery,CANEY W4P1,Attorney,,D,AJ Kotich,11
Montgomery,CANEY W4P2,Attorney,,D,AJ Kotich,0
Montgomery,CHERRYVALE 1,Attorney,,D,AJ Kotich,64
Montgomery,CHERRYVALE 2,Attorney,,D,AJ Kotich,51
Montgomery,COFFEYVILLE 1,Attorney,,D,AJ Kotich,22
Montgomery,COFFEYVILLE 2,Attorney,,D,AJ Kotich,24
Montgomery,COFFEYVILLE 3,Attorney,,D,AJ Kotich,45
Montgomery,COFFEYVILLE 4,Attorney,,D,AJ Kotich,39
Montgomery,COFFEYVILLE 5,Attorney,,D,AJ Kotich,58
Montgomery,COFFEYVILLE 6,Attorney,,D,AJ Kotich,23
Montgomery,COFFEYVILLE 7,Attorney,,D,AJ Kotich,22
Montgomery,COFFEYVILLE 8,Attorney,,D,AJ Kotich,34
Montgomery,COFFEYVILLE 9,Attorney,,D,AJ Kotich,16
Montgomery,COFFEYVILLE 10,Attorney,,D,AJ Kotich,34
Montgomery,COFFEYVILLE 11,Attorney,,D,AJ Kotich,80
Montgomery,COFFEYVILLE 12,Attorney,,D,AJ Kotich,99
Montgomery,COFFEYVILLE 13,Attorney,,D,AJ Kotich,62
Montgomery,INDEPENDENCE W1P1,Attorney,,D,AJ Kotich,14
Montgomery,INDEPENDENCE W1P2,Attorney,,D,AJ Kotich,29
Montgomery,INDEPENDENCE W2P1,Attorney,,D,AJ Kotich,19
Montgomery,INDEPENDENCE W2P2,Attorney,,D,AJ Kotich,18
Montgomery,INDEPENDENCE W3P1,Attorney,,D,AJ Kotich,20
Montgomery,INDEPENDENCE W3P2,Attorney,,D,AJ Kotich,16
Montgomery,INDEPENDENCE W3P2 EX,Attorney,,D,AJ Kotich,0
Montgomery,INDEPENDENCE W4P1,Attorney,,D,AJ Kotich,37
Montgomery,INDEPENDENCE W4P2,Attorney,,D,AJ Kotich,20
Montgomery,INDEPENDENCE W5P1,Attorney,,D,AJ Kotich,21
Montgomery,INDEPENDENCE W5P2,Attorney,,D,AJ Kotich,40
Montgomery,INDEPENDENCE W6P1 H11,Attorney,,D,AJ Kotich,3
Montgomery,INDEPENDENCE W6P1 H12,Attorney,,D,AJ Kotich,40
Montgomery,INDEPENDENCE W6P2 H11,Attorney,,D,AJ Kotich,17
Montgomery,INDEPENDENCE W6P2 H12,Attorney,,D,AJ Kotich,9
Montgomery,INDEPENDENCE W6P2 H11A,Attorney,,D,AJ Kotich,24
Montgomery,INDEPENDENCE W6P2 H12A,Attorney,,D,AJ Kotich,1
Montgomery,CANEY-HAVANA,Attorney,,D,AJ Kotich,22
Montgomery,CANEY-TYRO,Attorney,,D,AJ Kotich,21
Montgomery,CHEROKEE,Attorney,,D,AJ Kotich,26
Montgomery,CHERRY,Attorney,,D,AJ Kotich,31
Montgomery,DRUM CREEK ,Attorney,,D,AJ Kotich,20
Montgomery,FAWN CREEK-DEARING,Attorney,,D,AJ Kotich,94
Montgomery,FAWN CREEK-TYRO,Attorney,,D,AJ Kotich,12
Montgomery,INDEPENDENCE TWP 1 H11,Attorney,,D,AJ Kotich,67
Montgomery,INDEPENDENCE TWP 1 H12,Attorney,,D,AJ Kotich,13
Montgomery,INDEPENDENCE TWP 2 A H12,Attorney,,D,AJ Kotich,13
Montgomery,INDEPENDENCE TWP 2 C H11,Attorney,,D,AJ Kotich,3
Montgomery,LIBERTY,Attorney,,D,AJ Kotich,28
Montgomery,LOUISBURG,Attorney,,D,AJ Kotich,24
Montgomery,PARKER 1,Attorney,,D,AJ Kotich,23
Montgomery,PARKER 2,Attorney,,D,AJ Kotich,82
Montgomery,PARKER 2 EX H11,Attorney,,D,AJ Kotich,4
Montgomery,RUTLAND,Attorney,,D,AJ Kotich,12
Montgomery,SYCAMORE,Attorney,,D,AJ Kotich,30
Montgomery,WEST CHERRY,Attorney,,D,AJ Kotich,22
Montgomery,CANEY W1P1,Treasurer,,R,Ron Estes,94
Montgomery,CANEY W1P2 H12,Treasurer,,R,Ron Estes,2
Montgomery,CANEY W2P1,Treasurer,,R,Ron Estes,78
Montgomery,CANEY W3P1,Treasurer,,R,Ron Estes,99
Montgomery,CANEY W3P2,Treasurer,,R,Ron Estes,2
Montgomery,CANEY W4P1,Treasurer,,R,Ron Estes,122
Montgomery,CANEY W4P2,Treasurer,,R,Ron Estes,1
Montgomery,CHERRYVALE 1,Treasurer,,R,Ron Estes,216
Montgomery,CHERRYVALE 2,Treasurer,,R,Ron Estes,170
Montgomery,COFFEYVILLE 1,Treasurer,,R,Ron Estes,4
Montgomery,COFFEYVILLE 2,Treasurer,,R,Ron Estes,49
Montgomery,COFFEYVILLE 3,Treasurer,,R,Ron Estes,69
Montgomery,COFFEYVILLE 4,Treasurer,,R,Ron Estes,101
Montgomery,COFFEYVILLE 5,Treasurer,,R,Ron Estes,116
Montgomery,COFFEYVILLE 6,Treasurer,,R,Ron Estes,34
Montgomery,COFFEYVILLE 7,Treasurer,,R,Ron Estes,52
Montgomery,COFFEYVILLE 8,Treasurer,,R,Ron Estes,58
Montgomery,COFFEYVILLE 9,Treasurer,,R,Ron Estes,17
Montgomery,COFFEYVILLE 10,Treasurer,,R,Ron Estes,66
Montgomery,COFFEYVILLE 11,Treasurer,,R,Ron Estes,163
Montgomery,COFFEYVILLE 12,Treasurer,,R,Ron Estes,260
Montgomery,COFFEYVILLE 13,Treasurer,,R,Ron Estes,222
Montgomery,INDEPENDENCE W1P1,Treasurer,,R,Ron Estes,72
Montgomery,INDEPENDENCE W1P2,Treasurer,,R,Ron Estes,156
Montgomery,INDEPENDENCE W2P1,Treasurer,,R,Ron Estes,66
Montgomery,INDEPENDENCE W2P2,Treasurer,,R,Ron Estes,44
Montgomery,INDEPENDENCE W3P1,Treasurer,,R,Ron Estes,122
Montgomery,INDEPENDENCE W3P2,Treasurer,,R,Ron Estes,59
Montgomery,INDEPENDENCE W3P2 EX,Treasurer,,R,Ron Estes,1
Montgomery,INDEPENDENCE W4P1,Treasurer,,R,Ron Estes,121
Montgomery,INDEPENDENCE W4P2,Treasurer,,R,Ron Estes,77
Montgomery,INDEPENDENCE W5P1,Treasurer,,R,Ron Estes,78
Montgomery,INDEPENDENCE W5P2,Treasurer,,R,Ron Estes,146
Montgomery,INDEPENDENCE W6P1 H11,Treasurer,,R,Ron Estes,17
Montgomery,INDEPENDENCE W6P1 H12,Treasurer,,R,Ron Estes,206
Montgomery,INDEPENDENCE W6P2 H11,Treasurer,,R,Ron Estes,198
Montgomery,INDEPENDENCE W6P2 H12,Treasurer,,R,Ron Estes,62
Montgomery,INDEPENDENCE W6P2 H11A,Treasurer,,R,Ron Estes,82
Montgomery,INDEPENDENCE W6P2 H12A,Treasurer,,R,Ron Estes,7
Montgomery,CANEY-HAVANA,Treasurer,,R,Ron Estes,183
Montgomery,CANEY-TYRO,Treasurer,,R,Ron Estes,220
Montgomery,CHEROKEE,Treasurer,,R,Ron Estes,91
Montgomery,CHERRY,Treasurer,,R,Ron Estes,144
Montgomery,DRUM CREEK ,Treasurer,,R,Ron Estes,176
Montgomery,FAWN CREEK-DEARING,Treasurer,,R,Ron Estes,411
Montgomery,FAWN CREEK-TYRO,Treasurer,,R,Ron Estes,126
Montgomery,INDEPENDENCE TWP 1 H11,Treasurer,,R,Ron Estes,437
Montgomery,INDEPENDENCE TWP 1 H12,Treasurer,,R,Ron Estes,75
Montgomery,INDEPENDENCE TWP 2 A H12,Treasurer,,R,Ron Estes,109
Montgomery,INDEPENDENCE TWP 2 C H11,Treasurer,,R,Ron Estes,34
Montgomery,LIBERTY,Treasurer,,R,Ron Estes,148
Montgomery,LOUISBURG,Treasurer,,R,Ron Estes,137
Montgomery,PARKER 1,Treasurer,,R,Ron Estes,64
Montgomery,PARKER 2,Treasurer,,R,Ron Estes,200
Montgomery,PARKER 2 EX H11,Treasurer,,R,Ron Estes,5
Montgomery,RUTLAND,Treasurer,,R,Ron Estes,110
Montgomery,SYCAMORE,Treasurer,,R,Ron Estes,278
Montgomery,WEST CHERRY,Treasurer,,R,Ron Estes,80
Montgomery,CANEY W1P1,Treasurer,94,D,Carmen Alldritt,20
Montgomery,CANEY W1P2 H12,Treasurer,2,D,Carmen Alldritt,2
Montgomery,CANEY W2P1,Treasurer,78,D,Carmen Alldritt,21
Montgomery,CANEY W3P1,Treasurer,99,D,Carmen Alldritt,18
Montgomery,CANEY W3P2,Treasurer,2,D,Carmen Alldritt,0
Montgomery,CANEY W4P1,Treasurer,122,D,Carmen Alldritt,18
Montgomery,CANEY W4P2,Treasurer,1,D,Carmen Alldritt,0
Montgomery,CHERRYVALE 1,Treasurer,216,D,Carmen Alldritt,84
Montgomery,CHERRYVALE 2,Treasurer,170,D,Carmen Alldritt,57
Montgomery,COFFEYVILLE 1,Treasurer,4,D,Carmen Alldritt,23
Montgomery,COFFEYVILLE 2,Treasurer,49,D,Carmen Alldritt,30
Montgomery,COFFEYVILLE 3,Treasurer,69,D,Carmen Alldritt,52
Montgomery,COFFEYVILLE 4,Treasurer,101,D,Carmen Alldritt,46
Montgomery,COFFEYVILLE 5,Treasurer,116,D,Carmen Alldritt,71
Montgomery,COFFEYVILLE 6,Treasurer,34,D,Carmen Alldritt,23
Montgomery,COFFEYVILLE 7,Treasurer,52,D,Carmen Alldritt,24
Montgomery,COFFEYVILLE 8,Treasurer,58,D,Carmen Alldritt,42
Montgomery,COFFEYVILLE 9,Treasurer,17,D,Carmen Alldritt,16
Montgomery,COFFEYVILLE 10,Treasurer,66,D,Carmen Alldritt,36
Montgomery,COFFEYVILLE 11,Treasurer,163,D,Carmen Alldritt,93
Montgomery,COFFEYVILLE 12,Treasurer,260,D,Carmen Alldritt,109
Montgomery,COFFEYVILLE 13,Treasurer,222,D,Carmen Alldritt,89
Montgomery,INDEPENDENCE W1P1,Treasurer,72,D,Carmen Alldritt,34
Montgomery,INDEPENDENCE W1P2,Treasurer,156,D,Carmen Alldritt,39
Montgomery,INDEPENDENCE W2P1,Treasurer,66,D,Carmen Alldritt,15
Montgomery,INDEPENDENCE W2P2,Treasurer,44,D,Carmen Alldritt,20
Montgomery,INDEPENDENCE W3P1,Treasurer,122,D,Carmen Alldritt,30
Montgomery,INDEPENDENCE W3P2,Treasurer,59,D,Carmen Alldritt,25
Montgomery,INDEPENDENCE W3P2 EX,Treasurer,1,D,Carmen Alldritt,0
Montgomery,INDEPENDENCE W4P1,Treasurer,121,D,Carmen Alldritt,51
Montgomery,INDEPENDENCE W4P2,Treasurer,77,D,Carmen Alldritt,32
Montgomery,INDEPENDENCE W5P1,Treasurer,78,D,Carmen Alldritt,23
Montgomery,INDEPENDENCE W5P2,Treasurer,146,D,Carmen Alldritt,61
Montgomery,INDEPENDENCE W6P1 H11,Treasurer,17,D,Carmen Alldritt,4
Montgomery,INDEPENDENCE W6P1 H12,Treasurer,206,D,Carmen Alldritt,74
Montgomery,INDEPENDENCE W6P2 H11,Treasurer,198,D,Carmen Alldritt,27
Montgomery,INDEPENDENCE W6P2 H12,Treasurer,62,D,Carmen Alldritt,10
Montgomery,INDEPENDENCE W6P2 H11A,Treasurer,82,D,Carmen Alldritt,25
Montgomery,INDEPENDENCE W6P2 H12A,Treasurer,7,D,Carmen Alldritt,1
Montgomery,CANEY-HAVANA,Treasurer,183,D,Carmen Alldritt,28
Montgomery,CANEY-TYRO,Treasurer,220,D,Carmen Alldritt,19
Montgomery,CHEROKEE,Treasurer,91,D,Carmen Alldritt,33
Montgomery,CHERRY,Treasurer,144,D,Carmen Alldritt,36
Montgomery,DRUM CREEK ,Treasurer,176,D,Carmen Alldritt,30
Montgomery,FAWN CREEK-DEARING,Treasurer,411,D,Carmen Alldritt,123
Montgomery,FAWN CREEK-TYRO,Treasurer,126,D,Carmen Alldritt,15
Montgomery,INDEPENDENCE TWP 1 H11,Treasurer,437,D,Carmen Alldritt,84
Montgomery,INDEPENDENCE TWP 1 H12,Treasurer,75,D,Carmen Alldritt,17
Montgomery,INDEPENDENCE TWP 2 A H12,Treasurer,109,D,Carmen Alldritt,27
Montgomery,INDEPENDENCE TWP 2 C H11,Treasurer,34,D,Carmen Alldritt,6
Montgomery,LIBERTY,Treasurer,148,D,Carmen Alldritt,36
Montgomery,LOUISBURG,Treasurer,137,D,Carmen Alldritt,27
Montgomery,PARKER 1,Treasurer,64,D,Carmen Alldritt,28
Montgomery,PARKER 2,Treasurer,200,D,Carmen Alldritt,104
Montgomery,PARKER 2 EX H11,Treasurer,5,D,Carmen Alldritt,5
Montgomery,RUTLAND,Treasurer,110,D,Carmen Alldritt,19
Montgomery,SYCAMORE,Treasurer,278,D,Carmen Alldritt,42
Montgomery,WEST CHERRY,Treasurer,80,D,Carmen Alldritt,23
Montgomery,CANEY W1P1,Insurance,,R,Ken Selzer,87
Montgomery,CANEY W1P2 H12,Insurance,,R,Ken Selzer,2
Montgomery,CANEY W2P1,Insurance,,R,Ken Selzer,74
Montgomery,CANEY W3P1,Insurance,,R,Ken Selzer,98
Montgomery,CANEY W3P2,Insurance,,R,Ken Selzer,2
Montgomery,CANEY W4P1,Insurance,,R,Ken Selzer,120
Montgomery,CANEY W4P2,Insurance,,R,Ken Selzer,1
Montgomery,CHERRYVALE 1,Insurance,,R,Ken Selzer,204
Montgomery,CHERRYVALE 2,Insurance,,R,Ken Selzer,154
Montgomery,COFFEYVILLE 1,Insurance,,R,Ken Selzer,4
Montgomery,COFFEYVILLE 2,Insurance,,R,Ken Selzer,43
Montgomery,COFFEYVILLE 3,Insurance,,R,Ken Selzer,62
Montgomery,COFFEYVILLE 4,Insurance,,R,Ken Selzer,94
Montgomery,COFFEYVILLE 5,Insurance,,R,Ken Selzer,108
Montgomery,COFFEYVILLE 6,Insurance,,R,Ken Selzer,33
Montgomery,COFFEYVILLE 7,Insurance,,R,Ken Selzer,48
Montgomery,COFFEYVILLE 8,Insurance,,R,Ken Selzer,61
Montgomery,COFFEYVILLE 9,Insurance,,R,Ken Selzer,12
Montgomery,COFFEYVILLE 10,Insurance,,R,Ken Selzer,63
Montgomery,COFFEYVILLE 11,Insurance,,R,Ken Selzer,155
Montgomery,COFFEYVILLE 12,Insurance,,R,Ken Selzer,245
Montgomery,COFFEYVILLE 13,Insurance,,R,Ken Selzer,215
Montgomery,INDEPENDENCE W1P1,Insurance,,R,Ken Selzer,67
Montgomery,INDEPENDENCE W1P2,Insurance,,R,Ken Selzer,147
Montgomery,INDEPENDENCE W2P1,Insurance,,R,Ken Selzer,57
Montgomery,INDEPENDENCE W2P2,Insurance,,R,Ken Selzer,41
Montgomery,INDEPENDENCE W3P1,Insurance,,R,Ken Selzer,111
Montgomery,INDEPENDENCE W3P2,Insurance,,R,Ken Selzer,56
Montgomery,INDEPENDENCE W3P2 EX,Insurance,,R,Ken Selzer,1
Montgomery,INDEPENDENCE W4P1,Insurance,,R,Ken Selzer,106
Montgomery,INDEPENDENCE W4P2,Insurance,,R,Ken Selzer,74
Montgomery,INDEPENDENCE W5P1,Insurance,,R,Ken Selzer,74
Montgomery,INDEPENDENCE W5P2,Insurance,,R,Ken Selzer,134
Montgomery,INDEPENDENCE W6P1 H11,Insurance,,R,Ken Selzer,14
Montgomery,INDEPENDENCE W6P1 H12,Insurance,,R,Ken Selzer,189
Montgomery,INDEPENDENCE W6P2 H11,Insurance,,R,Ken Selzer,184
Montgomery,INDEPENDENCE W6P2 H12,Insurance,,R,Ken Selzer,60
Montgomery,INDEPENDENCE W6P2 H11A,Insurance,,R,Ken Selzer,68
Montgomery,INDEPENDENCE W6P2 H12A,Insurance,,R,Ken Selzer,6
Montgomery,CANEY-HAVANA,Insurance,,R,Ken Selzer,177
Montgomery,CANEY-TYRO,Insurance,,R,Ken Selzer,212
Montgomery,CHEROKEE,Insurance,,R,Ken Selzer,87
Montgomery,CHERRY,Insurance,,R,Ken Selzer,135
Montgomery,DRUM CREEK ,Insurance,,R,Ken Selzer,171
Montgomery,FAWN CREEK-DEARING,Insurance,,R,Ken Selzer,382
Montgomery,FAWN CREEK-TYRO,Insurance,,R,Ken Selzer,123
Montgomery,INDEPENDENCE TWP 1 H11,Insurance,,R,Ken Selzer,409
Montgomery,INDEPENDENCE TWP 1 H12,Insurance,,R,Ken Selzer,68
Montgomery,INDEPENDENCE TWP 2 A H12,Insurance,,R,Ken Selzer,96
Montgomery,INDEPENDENCE TWP 2 C H11,Insurance,,R,Ken Selzer,33
Montgomery,LIBERTY,Insurance,,R,Ken Selzer,139
Montgomery,LOUISBURG,Insurance,,R,Ken Selzer,122
Montgomery,PARKER 1,Insurance,,R,Ken Selzer,62
Montgomery,PARKER 2,Insurance,,R,Ken Selzer,191
Montgomery,PARKER 2 EX H11,Insurance,,R,Ken Selzer,4
Montgomery,RUTLAND,Insurance,,R,Ken Selzer,109
Montgomery,SYCAMORE,Insurance,,R,Ken Selzer,266
Montgomery,WEST CHERRY,Insurance,,R,Ken Selzer,75
Montgomery,CANEY W1P1,Insurance,,D,Dennis Anderson,25
Montgomery,CANEY W1P2 H12,Insurance,,D,Dennis Anderson,2
Montgomery,CANEY W2P1,Insurance,,D,Dennis Anderson,24
Montgomery,CANEY W3P1,Insurance,,D,Dennis Anderson,21
Montgomery,CANEY W3P2,Insurance,,D,Dennis Anderson,0
Montgomery,CANEY W4P1,Insurance,,D,Dennis Anderson,17
Montgomery,CANEY W4P2,Insurance,,D,Dennis Anderson,0
Montgomery,CHERRYVALE 1,Insurance,,D,Dennis Anderson,88
Montgomery,CHERRYVALE 2,Insurance,,D,Dennis Anderson,67
Montgomery,COFFEYVILLE 1,Insurance,,D,Dennis Anderson,23
Montgomery,COFFEYVILLE 2,Insurance,,D,Dennis Anderson,37
Montgomery,COFFEYVILLE 3,Insurance,,D,Dennis Anderson,54
Montgomery,COFFEYVILLE 4,Insurance,,D,Dennis Anderson,52
Montgomery,COFFEYVILLE 5,Insurance,,D,Dennis Anderson,77
Montgomery,COFFEYVILLE 6,Insurance,,D,Dennis Anderson,23
Montgomery,COFFEYVILLE 7,Insurance,,D,Dennis Anderson,27
Montgomery,COFFEYVILLE 8,Insurance,,D,Dennis Anderson,40
Montgomery,COFFEYVILLE 9,Insurance,,D,Dennis Anderson,21
Montgomery,COFFEYVILLE 10,Insurance,,D,Dennis Anderson,41
Montgomery,COFFEYVILLE 11,Insurance,,D,Dennis Anderson,96
Montgomery,COFFEYVILLE 12,Insurance,,D,Dennis Anderson,116
Montgomery,COFFEYVILLE 13,Insurance,,D,Dennis Anderson,91
Montgomery,INDEPENDENCE W1P1,Insurance,,D,Dennis Anderson,38
Montgomery,INDEPENDENCE W1P2,Insurance,,D,Dennis Anderson,46
Montgomery,INDEPENDENCE W2P1,Insurance,,D,Dennis Anderson,21
Montgomery,INDEPENDENCE W2P2,Insurance,,D,Dennis Anderson,21
Montgomery,INDEPENDENCE W3P1,Insurance,,D,Dennis Anderson,36
Montgomery,INDEPENDENCE W3P2,Insurance,,D,Dennis Anderson,27
Montgomery,INDEPENDENCE W3P2 EX,Insurance,,D,Dennis Anderson,0
Montgomery,INDEPENDENCE W4P1,Insurance,,D,Dennis Anderson,59
Montgomery,INDEPENDENCE W4P2,Insurance,,D,Dennis Anderson,33
Montgomery,INDEPENDENCE W5P1,Insurance,,D,Dennis Anderson,25
Montgomery,INDEPENDENCE W5P2,Insurance,,D,Dennis Anderson,68
Montgomery,INDEPENDENCE W6P1 H11,Insurance,,D,Dennis Anderson,7
Montgomery,INDEPENDENCE W6P1 H12,Insurance,,D,Dennis Anderson,84
Montgomery,INDEPENDENCE W6P2 H11,Insurance,,D,Dennis Anderson,36
Montgomery,INDEPENDENCE W6P2 H12,Insurance,,D,Dennis Anderson,11
Montgomery,INDEPENDENCE W6P2 H11A,Insurance,,D,Dennis Anderson,36
Montgomery,INDEPENDENCE W6P2 H12A,Insurance,,D,Dennis Anderson,2
Montgomery,CANEY-HAVANA,Insurance,,D,Dennis Anderson,30
Montgomery,CANEY-TYRO,Insurance,,D,Dennis Anderson,25
Montgomery,CHEROKEE,Insurance,,D,Dennis Anderson,34
Montgomery,CHERRY,Insurance,,D,Dennis Anderson,42
Montgomery,DRUM CREEK ,Insurance,,D,Dennis Anderson,33
Montgomery,FAWN CREEK-DEARING,Insurance,,D,Dennis Anderson,128
Montgomery,FAWN CREEK-TYRO,Insurance,,D,Dennis Anderson,16
Montgomery,INDEPENDENCE TWP 1 H11,Insurance,,D,Dennis Anderson,100
Montgomery,INDEPENDENCE TWP 1 H12,Insurance,,D,Dennis Anderson,20
Montgomery,INDEPENDENCE TWP 2 A H12,Insurance,,D,Dennis Anderson,35
Montgomery,INDEPENDENCE TWP 2 C H11,Insurance,,D,Dennis Anderson,5
Montgomery,LIBERTY,Insurance,,D,Dennis Anderson,41
Montgomery,LOUISBURG,Insurance,,D,Dennis Anderson,34
Montgomery,PARKER 1,Insurance,,D,Dennis Anderson,28
Montgomery,PARKER 2,Insurance,,D,Dennis Anderson,108
Montgomery,PARKER 2 EX H11,Insurance,,D,Dennis Anderson,6
Montgomery,RUTLAND,Insurance,,D,Dennis Anderson,16
Montgomery,SYCAMORE,Insurance,,D,Dennis Anderson,50
Montgomery,WEST CHERRY,Insurance,,D,Dennis Anderson,23
Montgomery,CANEY W1P1,SR012,H012,R,Virgil Peck [R],83
Montgomery,CANEY W1P2 H12,SR012,H012,R,Virgil Peck [R],4
Montgomery,CANEY W2P1,SR012,H012,R,Virgil Peck [R],74
Montgomery,CANEY W3P1,SR012,H012,R,Virgil Peck [R],95
Montgomery,CANEY W3P2,SR012,H012,R,Virgil Peck [R],2
Montgomery,CANEY W4P1,SR012,H012,R,Virgil Peck [R],116
Montgomery,CANEY W4P2,SR012,H012,R,Virgil Peck [R],1
Montgomery,CHERRYVALE 1,SR011,H011,R,Jim Kelly [R],268
Montgomery,CHERRYVALE 2,SR011,H011,R,Jim Kelly [R],200
Montgomery,COFFEYVILLE 1,SR011,H011,R,Jim Kelly [R],13
Montgomery,COFFEYVILLE 2,SR011,H011,R,Jim Kelly [R],60
Montgomery,COFFEYVILLE 3,SR011,H011,R,Jim Kelly [R],100
Montgomery,COFFEYVILLE 4,SR011,H011,R,Jim Kelly [R],126
Montgomery,COFFEYVILLE 5,SR011,H011,R,Jim Kelly [R],155
Montgomery,COFFEYVILLE 6,SR011,H011,R,Jim Kelly [R],45
Montgomery,COFFEYVILLE 7,SR011,H011,R,Jim Kelly [R],64
Montgomery,COFFEYVILLE 8,SR011,H011,R,Jim Kelly [R],88
Montgomery,COFFEYVILLE 9,SR011,H011,R,Jim Kelly [R],25
Montgomery,COFFEYVILLE 10,SR011,H011,R,Jim Kelly [R],80
Montgomery,COFFEYVILLE 11,SR011,H011,R,Jim Kelly [R],204
Montgomery,COFFEYVILLE 12,SR011,H011,R,Jim Kelly [R],315
Montgomery,COFFEYVILLE 13,SR011,H011,R,Jim Kelly [R],278
Montgomery,INDEPENDENCE W1P1,SR011,H011,R,Jim Kelly [R],99
Montgomery,INDEPENDENCE W1P2,SR011,H011,R,Jim Kelly [R],174
Montgomery,INDEPENDENCE W2P1,SR011,H011,R,Jim Kelly [R],69
Montgomery,INDEPENDENCE W2P2,SR012,H012,R,Virgil Peck [R],44
Montgomery,INDEPENDENCE W3P1,SR011,H011,R,Jim Kelly [R],136
Montgomery,INDEPENDENCE W3P2,SR012,H012,R,Virgil Peck [R],63
Montgomery,INDEPENDENCE W3P2 EX,SR011,H011,R,Jim Kelly [R],1
Montgomery,INDEPENDENCE W4P1,SR011,H011,R,Jim Kelly [R],160
Montgomery,INDEPENDENCE W4P2,SR011,H011,R,Jim Kelly [R],94
Montgomery,INDEPENDENCE W5P1,SR012,H012,R,Virgil Peck [R],74
Montgomery,INDEPENDENCE W5P2,SR012,H012,R,Virgil Peck [R],141
Montgomery,INDEPENDENCE W6P1 H11,SR011,H011,R,Jim Kelly [R],19
Montgomery,INDEPENDENCE W6P1 H12,SR012,H012,R,Virgil Peck [R],199
Montgomery,INDEPENDENCE W6P2 H11,SR011,H011,R,Jim Kelly [R],219
Montgomery,INDEPENDENCE W6P2 H12,SR012,H012,R,Virgil Peck [R],58
Montgomery,INDEPENDENCE W6P2 H11A,SR011,H011,R,Jim Kelly [R],100
Montgomery,INDEPENDENCE W6P2 H12A,SR012,H012,R,Virgil Peck [R],7
Montgomery,CANEY-HAVANA,SR012,H012,R,Virgil Peck [R],171
Montgomery,CANEY-TYRO,SR012,H012,R,Virgil Peck [R],202
Montgomery,CHEROKEE,SR007,H007,R,Richard Proehl [R],110
Montgomery,CHERRY,SR011,H011,R,Jim Kelly [R],165
Montgomery,DRUM CREEK ,SR011,H011,R,Jim Kelly [R],187
Montgomery,FAWN CREEK-DEARING,SR011,H011,R,Jim Kelly [R],483
Montgomery,FAWN CREEK-TYRO,SR012,H012,R,Virgil Peck [R],123
Montgomery,INDEPENDENCE TWP 1 H11,SR011,H011,R,Jim Kelly [R],487
Montgomery,INDEPENDENCE TWP 1 H12,SR012,H012,R,Virgil Peck [R],68
Montgomery,INDEPENDENCE TWP 2 A H12,SR012,H012,R,Virgil Peck [R],110
Montgomery,INDEPENDENCE TWP 2 C H11,SR011,H011,R,Jim Kelly [R],36
Montgomery,LIBERTY,SR007,H007,R,Richard Proehl [R],160
Montgomery,LOUISBURG,SR012,H012,R,Virgil Peck [R],135
Montgomery,PARKER 1,SR007,H007,R,Richard Proehl [R],72
Montgomery,PARKER 2,SR007,H007,R,Richard Proehl [R],253
Montgomery,PARKER 2 EX H11,SR011,H011,R,Jim Kelly [R],8
Montgomery,RUTLAND,SR012,H012,R,Virgil Peck [R],106
Montgomery,SYCAMORE,SR011,H011,R,Jim Kelly [R],306
Montgomery,WEST CHERRY,SR011,H011,R,Jim Kelly [R],90
Montgomery,CANEY W1P1,SR012,H012,D,Eden Fuson [D],29
Montgomery,CANEY W2P1,SR012,H012,D,Eden Fuson [D],24
Montgomery,CANEY W3P1,SR012,H012,D,Eden Fuson [D],22
Montgomery,CANEY W4P1,SR012,H012,D,Eden Fuson [D],22
Montgomery,INDEPENDENCE W2P2,SR012,H012,D,Eden Fuson [D],20
Montgomery,INDEPENDENCE W3P2,SR012,H012,D,Eden Fuson [D],21
Montgomery,INDEPENDENCE W5P1,SR012,H012,D,Eden Fuson [D],29
Montgomery,INDEPENDENCE W5P2,SR012,H012,D,Eden Fuson [D],68
Montgomery,INDEPENDENCE W6P1 H12,SR012,H012,D,Eden Fuson [D],84
Montgomery,INDEPENDENCE W6P2 H12,SR012,H012,D,Eden Fuson [D],14
Montgomery,INDEPENDENCE W6P2 H12A,SR012,H012,D,Eden Fuson [D],3
Montgomery,CANEY-HAVANA,SR012,H012,D,Eden Fuson [D],38
Montgomery,CANEY-TYRO,SR012,H012,D,Eden Fuson [D],37
Montgomery,FAWN CREEK-TYRO,SR012,H012,D,Eden Fuson [D],22
Montgomery,INDEPENDENCE TWP 1 H12,SR012,H012,D,Eden Fuson [D],23
Montgomery,INDEPENDENCE TWP 2 A H12,SR012,H012,D,Eden Fuson [D],27
Montgomery,LOUISBURG,SR012,H012,D,Eden Fuson [D],33
Montgomery,RUTLAND,SR012,H012,D,Eden Fuson [D],22
