county,precinct,office,district,party,candidate,votes,advance,polls
Miami,EMC(2),Voters,,,Registered,178,,
Miami,EMC(3),Voters,,,Registered,588,,
Miami,EV,Voters,,,Registered,300,,
Miami,FC,Voters,,,Registered,104,,
Miami,LC 01,Voters,,,Registered,564,,
Miami,LC 02,Voters,,,Registered,725,,
Miami,LC 03,Voters,,,Registered,705,,
Miami,LC 04,Voters,,,Registered,657,,
Miami,MI,Voters,,,Registered,380,,
Miami,MND,Voters,,,Registered,477,,
Miami,NMV(2),Voters,,,Registered,190,,
Miami,NMV(3),Voters,,,Registered,555,,
Miami,NPW,Voters,,,Registered,328,,
Miami,NPE Prt1,Voters,,,Registered,14,,
Miami,NPE Prt2,Voters,,,Registered,105,,
Miami,NW,Voters,,,Registered,457,,
Miami,OSAGE,Voters,,,Registered,312,,
Miami,OC 01,Voters,,,Registered,468,,
Miami,OC 02,Voters,,,Registered,593,,
Miami,OC 03,Voters,,,Registered,633,,
Miami,OC 04,Voters,,,Registered,481,,
Miami,OSA TWP,Voters,,,Registered,481,,
Miami,PC 01,Voters,,,Registered,846,,
Miami,PC 02,Voters,,,Registered,836,,
Miami,PC 03,Voters,,,Registered,842,,
Miami,PC 04,Voters,,,Registered,943,,
Miami,RICH,Voters,,,Registered,1413,,
Miami,SMV(3),Voters,,,Registered,21,,
Miami,SMV(2),Voters,,,Registered,950,,
Miami,SPE Prt2,Voters,,,Registered,136,,
Miami,SPW,Voters,,,Registered,220,,
Miami,SW,Voters,,,Registered,996,,
Miami,SH 01,Voters,,,Registered,1107,,
Miami,SH 02,Voters,,,Registered,292,,
Miami,SH 03,Voters,,,Registered,69,,
Miami,STAN 368,Voters,,,Registered,439,,
Miami,STAN 367,Voters,,,Registered,194,,
Miami,SC,Voters,,,Registered,319,,
Miami,TM,Voters,,,Registered,1007,,
Miami,WMC 416,Voters,,,Registered,139,,
Miami,WMC 368,Voters,,,Registered,394,,
Miami,WV(6),Voters,,,Registered,184,,
Miami,WV(12) 368,Voters,,,Registered,95,,
Miami,WV(12) 367,Voters,,,Registered,187,,
Miami,WV(5),Voters,,,Registered,201,,
Miami,EMC(2),Voters,,,Cast,92,,
Miami,EMC(3),Voters,,,Cast,336,,
Miami,EV,Voters,,,Cast,177,,
Miami,FC,Voters,,,Cast,46,,
Miami,LC 01,Voters,,,Cast,269,,
Miami,LC 02,Voters,,,Cast,338,,
Miami,LC 03,Voters,,,Cast,332,,
Miami,LC 04,Voters,,,Cast,319,,
Miami,MI,Voters,,,Cast,219,,
Miami,MND,Voters,,,Cast,249,,
Miami,NMV(2),Voters,,,Cast,108,,
Miami,NMV(3),Voters,,,Cast,309,,
Miami,NPW,Voters,,,Cast,187,,
Miami,NPE Prt1,Voters,,,Cast,9,,
Miami,NPE Prt2,Voters,,,Cast,70,,
Miami,NW,Voters,,,Cast,265,,
Miami,OSAGE,Voters,,,Cast,173,,
Miami,OC 01,Voters,,,Cast,172,,
Miami,OC 02,Voters,,,Cast,278,,
Miami,OC 03,Voters,,,Cast,299,,
Miami,OC 04,Voters,,,Cast,153,,
Miami,OSA TWP,Voters,,,Cast,260,,
Miami,PC 01,Voters,,,Cast,403,,
Miami,PC 02,Voters,,,Cast,319,,
Miami,PC 03,Voters,,,Cast,402,,
Miami,PC 04,Voters,,,Cast,451,,
Miami,RICH,Voters,,,Cast,764,,
Miami,SMV(3),Voters,,,Cast,7,,
Miami,SMV(2),Voters,,,Cast,523,,
Miami,SPE Prt2,Voters,,,Cast,74,,
Miami,SPW,Voters,,,Cast,113,,
Miami,SW,Voters,,,Cast,591,,
Miami,SH 01,Voters,,,Cast,454,,
Miami,SH 02,Voters,,,Cast,137,,
Miami,SH 03,Voters,,,Cast,39,,
Miami,STAN 368,Voters,,,Cast,214,,
Miami,STAN 367,Voters,,,Cast,106,,
Miami,SC,Voters,,,Cast,173,,
Miami,TM,Voters,,,Cast,559,,
Miami,WMC 416,Voters,,,Cast,65,,
Miami,WMC 368,Voters,,,Cast,215,,
Miami,WV(6),Voters,,,Cast,97,,
Miami,WV(12) 368,Voters,,,Cast,46,,
Miami,WV(12) 367,Voters,,,Cast,119,,
Miami,WV(5),Voters,,,Cast,96,,
Miami,EMC(2),U.S. Senate,,I,Greg Orman,26,12,38
Miami,EMC(3),U.S. Senate,,I,Greg Orman,94,22,116
Miami,EV,U.S. Senate,,I,Greg Orman,48,17,65
Miami,FC,U.S. Senate,,I,Greg Orman,16,3,19
Miami,LC 01,U.S. Senate,,I,Greg Orman,88,20,108
Miami,LC 02,U.S. Senate,,I,Greg Orman,121,13,134
Miami,LC 03,U.S. Senate,,I,Greg Orman,100,23,123
Miami,LC 04,U.S. Senate,,I,Greg Orman,102,18,120
Miami,MI,U.S. Senate,,I,Greg Orman,55,17,72
Miami,MND,U.S. Senate,,I,Greg Orman,70,32,102
Miami,NMV(2),U.S. Senate,,I,Greg Orman,18,6,24
Miami,NMV(3),U.S. Senate,,I,Greg Orman,86,35,121
Miami,NPW,U.S. Senate,,I,Greg Orman,49,23,72
Miami,NPE Prt1,U.S. Senate,,I,Greg Orman,5,0,5
Miami,NPE Prt2,U.S. Senate,,I,Greg Orman,13,6,19
Miami,NW,U.S. Senate,,I,Greg Orman,69,12,81
Miami,OSAGE,U.S. Senate,,I,Greg Orman,55,17,72
Miami,OC 01,U.S. Senate,,I,Greg Orman,63,26,89
Miami,OC 02,U.S. Senate,,I,Greg Orman,96,35,131
Miami,OC 03,U.S. Senate,,I,Greg Orman,108,44,152
Miami,OC 04,U.S. Senate,,I,Greg Orman,56,17,73
Miami,OSA TWP,U.S. Senate,,I,Greg Orman,78,31,109
Miami,PC 01,U.S. Senate,,I,Greg Orman,86,84,170
Miami,PC 02,U.S. Senate,,I,Greg Orman,91,59,150
Miami,PC 03,U.S. Senate,,I,Greg Orman,103,69,172
Miami,PC 04,U.S. Senate,,I,Greg Orman,104,83,187
Miami,RICH,U.S. Senate,,I,Greg Orman,147,87,234
Miami,SMV(3),U.S. Senate,,I,Greg Orman,2,0,2
Miami,SMV(2),U.S. Senate,,I,Greg Orman,129,64,193
Miami,SPE Prt2,U.S. Senate,,I,Greg Orman,18,12,30
Miami,SPW,U.S. Senate,,I,Greg Orman,30,22,52
Miami,SW,U.S. Senate,,I,Greg Orman,113,36,149
Miami,SH 01,U.S. Senate,,I,Greg Orman,139,26,165
Miami,SH 02,U.S. Senate,,I,Greg Orman,38,24,62
Miami,SH 03,U.S. Senate,,I,Greg Orman,13,2,15
Miami,STAN 368,U.S. Senate,,I,Greg Orman,52,40,92
Miami,STAN 367,U.S. Senate,,I,Greg Orman,19,15,34
Miami,SC,U.S. Senate,,I,Greg Orman,41,10,51
Miami,TM,U.S. Senate,,I,Greg Orman,124,49,173
Miami,WMC 416,U.S. Senate,,I,Greg Orman,18,5,23
Miami,WMC 368,U.S. Senate,,I,Greg Orman,38,23,61
Miami,WV(6),U.S. Senate,,I,Greg Orman,17,25,42
Miami,WV(12) 368,U.S. Senate,,I,Greg Orman,12,5,17
Miami,WV(12) 367,U.S. Senate,,I,Greg Orman,31,22,53
Miami,WV(5),U.S. Senate,,I,Greg Orman,30,10,40
Miami,EMC(2),U.S. Senate,,R,Pat Roberts,46,6,52
Miami,EMC(3),U.S. Senate,,R,Pat Roberts,172,42,214
Miami,EV,U.S. Senate,,R,Pat Roberts,76,29,105
Miami,FC,U.S. Senate,,R,Pat Roberts,18,4,22
Miami,LC 01,U.S. Senate,,R,Pat Roberts,110,25,135
Miami,LC 02,U.S. Senate,,R,Pat Roberts,172,19,191
Miami,LC 03,U.S. Senate,,R,Pat Roberts,168,21,189
Miami,LC 04,U.S. Senate,,R,Pat Roberts,157,23,180
Miami,MI,U.S. Senate,,R,Pat Roberts,103,29,132
Miami,MND,U.S. Senate,,R,Pat Roberts,103,29,132
Miami,NMV(2),U.S. Senate,,R,Pat Roberts,62,17,79
Miami,NMV(3),U.S. Senate,,R,Pat Roberts,155,25,180
Miami,NPW,U.S. Senate,,R,Pat Roberts,78,31,109
Miami,NPE Prt1,U.S. Senate,,R,Pat Roberts,3,1,4
Miami,NPE Prt2,U.S. Senate,,R,Pat Roberts,38,8,46
Miami,NW,U.S. Senate,,R,Pat Roberts,162,14,176
Miami,OSAGE,U.S. Senate,,R,Pat Roberts,87,8,95
Miami,OC 01,U.S. Senate,,R,Pat Roberts,58,19,77
Miami,OC 02,U.S. Senate,,R,Pat Roberts,90,25,115
Miami,OC 03,U.S. Senate,,R,Pat Roberts,99,29,128
Miami,OC 04,U.S. Senate,,R,Pat Roberts,52,14,66
Miami,OSA TWP,U.S. Senate,,R,Pat Roberts,110,30,140
Miami,PC 01,U.S. Senate,,R,Pat Roberts,134,84,218
Miami,PC 02,U.S. Senate,,R,Pat Roberts,106,39,145
Miami,PC 03,U.S. Senate,,R,Pat Roberts,143,65,208
Miami,PC 04,U.S. Senate,,R,Pat Roberts,137,97,234
Miami,RICH,U.S. Senate,,R,Pat Roberts,354,142,496
Miami,SMV(3),U.S. Senate,,R,Pat Roberts,5,0,5
Miami,SMV(2),U.S. Senate,,R,Pat Roberts,247,58,305
Miami,SPE Prt2,U.S. Senate,,R,Pat Roberts,24,12,36
Miami,SPW,U.S. Senate,,R,Pat Roberts,43,12,55
Miami,SW,U.S. Senate,,R,Pat Roberts,358,67,425
Miami,SH 01,U.S. Senate,,R,Pat Roberts,245,22,267
Miami,SH 02,U.S. Senate,,R,Pat Roberts,57,14,71
Miami,SH 03,U.S. Senate,,R,Pat Roberts,18,5,23
Miami,STAN 368,U.S. Senate,,R,Pat Roberts,61,53,114
Miami,STAN 367,U.S. Senate,,R,Pat Roberts,56,12,68
Miami,SC,U.S. Senate,,R,Pat Roberts,96,19,115
Miami,TM,U.S. Senate,,R,Pat Roberts,297,66,363
Miami,WMC 416,U.S. Senate,,R,Pat Roberts,28,14,42
Miami,WMC 368,U.S. Senate,,R,Pat Roberts,104,41,145
Miami,WV(6),U.S. Senate,,R,Pat Roberts,28,27,55
Miami,WV(12) 368,U.S. Senate,,R,Pat Roberts,21,7,28
Miami,WV(12) 367,U.S. Senate,,R,Pat Roberts,41,15,56
Miami,WV(5),U.S. Senate,,R,Pat Roberts,40,9,49
Miami,EMC(2),U.S. Senate,,L,Randall Batson,2,0,2
Miami,EMC(3),U.S. Senate,,L,Randall Batson,5,1,6
Miami,EV,U.S. Senate,,L,Randall Batson,3,2,5
Miami,FC,U.S. Senate,,L,Randall Batson,5,0,5
Miami,LC 01,U.S. Senate,,L,Randall Batson,18,3,21
Miami,LC 02,U.S. Senate,,L,Randall Batson,11,1,12
Miami,LC 03,U.S. Senate,,L,Randall Batson,13,3,16
Miami,LC 04,U.S. Senate,,L,Randall Batson,10,2,12
Miami,MI,U.S. Senate,,L,Randall Batson,8,1,9
Miami,MND,U.S. Senate,,L,Randall Batson,12,2,14
Miami,NMV(2),U.S. Senate,,L,Randall Batson,3,2,5
Miami,NMV(3),U.S. Senate,,L,Randall Batson,4,0,4
Miami,NPW,U.S. Senate,,L,Randall Batson,4,0,4
Miami,NPE Prt1,U.S. Senate,,L,Randall Batson,0,0,0
Miami,NPE Prt2,U.S. Senate,,L,Randall Batson,5,0,5
Miami,NW,U.S. Senate,,L,Randall Batson,6,1,7
Miami,OSAGE,U.S. Senate,,L,Randall Batson,4,1,5
Miami,OC 01,U.S. Senate,,L,Randall Batson,3,2,5
Miami,OC 02,U.S. Senate,,L,Randall Batson,16,7,23
Miami,OC 03,U.S. Senate,,L,Randall Batson,10,7,17
Miami,OC 04,U.S. Senate,,L,Randall Batson,11,0,11
Miami,OSA TWP,U.S. Senate,,L,Randall Batson,7,1,8
Miami,PC 01,U.S. Senate,,L,Randall Batson,4,7,11
Miami,PC 02,U.S. Senate,,L,Randall Batson,10,6,16
Miami,PC 03,U.S. Senate,,L,Randall Batson,8,6,14
Miami,PC 04,U.S. Senate,,L,Randall Batson,9,14,23
Miami,RICH,U.S. Senate,,L,Randall Batson,24,4,28
Miami,SMV(3),U.S. Senate,,L,Randall Batson,0,0,0
Miami,SMV(2),U.S. Senate,,L,Randall Batson,19,0,19
Miami,SPE Prt2,U.S. Senate,,L,Randall Batson,3,2,5
Miami,SPW,U.S. Senate,,L,Randall Batson,2,3,5
Miami,SW,U.S. Senate,,L,Randall Batson,7,3,10
Miami,SH 01,U.S. Senate,,L,Randall Batson,18,2,20
Miami,SH 02,U.S. Senate,,L,Randall Batson,1,1,2
Miami,SH 03,U.S. Senate,,L,Randall Batson,1,0,1
Miami,STAN 368,U.S. Senate,,L,Randall Batson,4,3,7
Miami,STAN 367,U.S. Senate,,L,Randall Batson,4,0,4
Miami,SC,U.S. Senate,,L,Randall Batson,4,1,5
Miami,TM,U.S. Senate,,L,Randall Batson,15,2,17
Miami,WMC 416,U.S. Senate,,L,Randall Batson,0,0,0
Miami,WMC 368,U.S. Senate,,L,Randall Batson,5,3,8
Miami,WV(6),U.S. Senate,,L,Randall Batson,0,0,0
Miami,WV(12) 368,U.S. Senate,,L,Randall Batson,1,0,1
Miami,WV(12) 367,U.S. Senate,,L,Randall Batson,7,3,10
Miami,WV(5),U.S. Senate,,L,Randall Batson,4,2,6
Miami,EMC(2),U.S. Senate,,,Write-ins,0,0,0
Miami,EMC(3),U.S. Senate,,,Write-ins,0,0,0
Miami,EV,U.S. Senate,,,Write-ins,0,1,1
Miami,FC,U.S. Senate,,,Write-ins,0,0,0
Miami,LC 01,U.S. Senate,,,Write-ins,0,0,0
Miami,LC 02,U.S. Senate,,,Write-ins,0,1,1
Miami,LC 03,U.S. Senate,,,Write-ins,0,0,0
Miami,LC 04,U.S. Senate,,,Write-ins,0,1,1
Miami,MI,U.S. Senate,,,Write-ins,0,0,0
Miami,MND,U.S. Senate,,,Write-ins,0,0,0
Miami,NMV(2),U.S. Senate,,,Write-ins,0,0,0
Miami,NMV(3),U.S. Senate,,,Write-ins,1,0,1
Miami,NPW,U.S. Senate,,,Write-ins,0,0,0
Miami,NPE Prt1,U.S. Senate,,,Write-ins,0,0,0
Miami,NPE Prt2,U.S. Senate,,,Write-ins,0,0,0
Miami,NW,U.S. Senate,,,Write-ins,0,0,0
Miami,OSAGE,U.S. Senate,,,Write-ins,0,0,0
Miami,OC 01,U.S. Senate,,,Write-ins,0,0,0
Miami,OC 02,U.S. Senate,,,Write-ins,2,3,5
Miami,OC 03,U.S. Senate,,,Write-ins,0,0,0
Miami,OC 04,U.S. Senate,,,Write-ins,0,0,0
Miami,OSA TWP,U.S. Senate,,,Write-ins,0,0,0
Miami,PC 01,U.S. Senate,,,Write-ins,0,0,0
Miami,PC 02,U.S. Senate,,,Write-ins,0,0,0
Miami,PC 03,U.S. Senate,,,Write-ins,1,0,1
Miami,PC 04,U.S. Senate,,,Write-ins,0,0,0
Miami,RICH,U.S. Senate,,,Write-ins,0,0,0
Miami,SMV(3),U.S. Senate,,,Write-ins,0,0,0
Miami,SMV(2),U.S. Senate,,,Write-ins,1,0,1
Miami,SPE Prt2,U.S. Senate,,,Write-ins,0,0,0
Miami,SPW,U.S. Senate,,,Write-ins,0,0,0
Miami,SW,U.S. Senate,,,Write-ins,0,0,0
Miami,SH 01,U.S. Senate,,,Write-ins,0,0,0
Miami,SH 02,U.S. Senate,,,Write-ins,0,0,0
Miami,SH 03,U.S. Senate,,,Write-ins,0,0,0
Miami,STAN 368,U.S. Senate,,,Write-ins,1,0,1
Miami,STAN 367,U.S. Senate,,,Write-ins,0,0,0
Miami,SC,U.S. Senate,,,Write-ins,0,0,0
Miami,TM,U.S. Senate,,,Write-ins,1,0,1
Miami,WMC 416,U.S. Senate,,,Write-ins,0,0,0
Miami,WMC 368,U.S. Senate,,,Write-ins,0,0,0
Miami,WV(6),U.S. Senate,,,Write-ins,0,0,0
Miami,WV(12) 368,U.S. Senate,,,Write-ins,0,0,0
Miami,WV(12) 367,U.S. Senate,,,Write-ins,0,0,0
Miami,WV(5),U.S. Senate,,,Write-ins,0,1,1
Miami,EMC(2),U.S. House,2,D,Margie Wakefield,14,6,20
Miami,EV,U.S. House,2,D,Margie Wakefield,28,14,42
Miami,FC,U.S. House,2,D,Margie Wakefield,12,1,13
Miami,MI,U.S. House,2,D,Margie Wakefield,35,12,47
Miami,MND,U.S. House,2,D,Margie Wakefield,49,26,75
Miami,NMV(2),U.S. House,2,D,Margie Wakefield,10,4,14
Miami,NPW,U.S. House,2,D,Margie Wakefield,31,16,47
Miami,NPE Prt1,U.S. House,2,D,Margie Wakefield,2,0,2
Miami,NPE Prt2,U.S. House,2,D,Margie Wakefield,7,5,12
Miami,OSAGE,U.S. House,2,D,Margie Wakefield,39,12,51
Miami,OC 01,U.S. House,2,D,Margie Wakefield,37,29,66
Miami,OC 02,U.S. House,2,D,Margie Wakefield,68,27,95
Miami,OC 03,U.S. House,2,D,Margie Wakefield,83,33,116
Miami,OC 04,U.S. House,2,D,Margie Wakefield,44,8,52
Miami,OSA TWP,U.S. House,2,D,Margie Wakefield,53,25,78
Miami,PC 01,U.S. House,2,D,Margie Wakefield,49,62,111
Miami,PC 02,U.S. House,2,D,Margie Wakefield,60,41,101
Miami,PC 03,U.S. House,2,D,Margie Wakefield,63,57,120
Miami,PC 04,U.S. House,2,D,Margie Wakefield,60,61,121
Miami,RICH,U.S. House,2,D,Margie Wakefield,89,66,155
Miami,SMV(2),U.S. House,2,D,Margie Wakefield,76,45,121
Miami,SPE Prt2,U.S. House,2,D,Margie Wakefield,11,9,20
Miami,SPW,U.S. House,2,D,Margie Wakefield,18,12,30
Miami,STAN 368,U.S. House,2,D,Margie Wakefield,25,22,47
Miami,STAN 367,U.S. House,2,D,Margie Wakefield,12,14,26
Miami,SC,U.S. House,2,D,Margie Wakefield,23,4,27
Miami,WMC 416,U.S. House,2,D,Margie Wakefield,8,4,12
Miami,WMC 368,U.S. House,2,D,Margie Wakefield,22,18,40
Miami,WV(6),U.S. House,2,D,Margie Wakefield,10,18,28
Miami,WV(12) 368,U.S. House,2,D,Margie Wakefield,4,3,7
Miami,WV(12) 367,U.S. House,2,D,Margie Wakefield,17,11,28
Miami,WV(5),U.S. House,2,D,Margie Wakefield,22,10,32
Miami,EMC(2),U.S. House,2,R,Lynn Jenkins,14,6,20
Miami,EV,U.S. House,2,R,Lynn Jenkins,28,14,42
Miami,FC,U.S. House,2,R,Lynn Jenkins,12,1,13
Miami,MI,U.S. House,2,R,Lynn Jenkins,35,12,47
Miami,MND,U.S. House,2,R,Lynn Jenkins,49,26,75
Miami,NMV(2),U.S. House,2,R,Lynn Jenkins,10,4,14
Miami,NPW,U.S. House,2,R,Lynn Jenkins,31,16,47
Miami,NPE Prt1,U.S. House,2,R,Lynn Jenkins,2,0,2
Miami,NPE Prt2,U.S. House,2,R,Lynn Jenkins,7,5,12
Miami,OSAGE,U.S. House,2,R,Lynn Jenkins,39,12,51
Miami,OC 01,U.S. House,2,R,Lynn Jenkins,37,29,66
Miami,OC 02,U.S. House,2,R,Lynn Jenkins,68,27,95
Miami,OC 03,U.S. House,2,R,Lynn Jenkins,83,33,116
Miami,OC 04,U.S. House,2,R,Lynn Jenkins,44,8,52
Miami,OSA TWP,U.S. House,2,R,Lynn Jenkins,53,25,78
Miami,PC 01,U.S. House,2,R,Lynn Jenkins,49,62,111
Miami,PC 02,U.S. House,2,R,Lynn Jenkins,60,41,101
Miami,PC 03,U.S. House,2,R,Lynn Jenkins,63,57,120
Miami,PC 04,U.S. House,2,R,Lynn Jenkins,60,61,121
Miami,RICH,U.S. House,2,R,Lynn Jenkins,89,66,155
Miami,SMV(2),U.S. House,2,R,Lynn Jenkins,76,45,121
Miami,SPE Prt2,U.S. House,2,R,Lynn Jenkins,11,9,20
Miami,SPW,U.S. House,2,R,Lynn Jenkins,18,12,30
Miami,STAN 368,U.S. House,2,R,Lynn Jenkins,25,22,47
Miami,STAN 367,U.S. House,2,R,Lynn Jenkins,12,14,26
Miami,SC,U.S. House,2,R,Lynn Jenkins,23,4,27
Miami,WMC 416,U.S. House,2,R,Lynn Jenkins,8,4,12
Miami,WMC 368,U.S. House,2,R,Lynn Jenkins,22,18,40
Miami,WV(6),U.S. House,2,R,Lynn Jenkins,10,18,28
Miami,WV(12) 368,U.S. House,2,R,Lynn Jenkins,4,3,7
Miami,WV(12) 367,U.S. House,2,R,Lynn Jenkins,17,11,28
Miami,WV(5),U.S. House,2,R,Lynn Jenkins,22,10,32
Miami,EMC(2),U.S. House,2,L,Chris Clemmons,6,0,6
Miami,EV,U.S. House,2,L,Chris Clemmons,6,2,8
Miami,FC,U.S. House,2,L,Chris Clemmons,1,0,1
Miami,MI,U.S. House,2,L,Chris Clemmons,3,0,3
Miami,MND,U.S. House,2,L,Chris Clemmons,6,2,8
Miami,NMV(2),U.S. House,2,L,Chris Clemmons,2,0,2
Miami,NPW,U.S. House,2,L,Chris Clemmons,2,0,2
Miami,NPE Prt1,U.S. House,2,L,Chris Clemmons,2,0,2
Miami,NPE Prt2,U.S. House,2,L,Chris Clemmons,2,0,2
Miami,OSAGE,U.S. House,2,L,Chris Clemmons,2,1,3
Miami,OC 01,U.S. House,2,L,Chris Clemmons,8,1,9
Miami,OC 02,U.S. House,2,L,Chris Clemmons,10,2,12
Miami,OC 03,U.S. House,2,L,Chris Clemmons,6,6,12
Miami,OC 04,U.S. House,2,L,Chris Clemmons,9,4,13
Miami,OSA TWP,U.S. House,2,L,Chris Clemmons,5,0,5
Miami,PC 01,U.S. House,2,L,Chris Clemmons,6,4,10
Miami,PC 02,U.S. House,2,L,Chris Clemmons,7,7,14
Miami,PC 03,U.S. House,2,L,Chris Clemmons,6,2,8
Miami,PC 04,U.S. House,2,L,Chris Clemmons,12,7,19
Miami,RICH,U.S. House,2,L,Chris Clemmons,20,2,22
Miami,SMV(2),U.S. House,2,L,Chris Clemmons,14,2,16
Miami,SPE Prt2,U.S. House,2,L,Chris Clemmons,3,2,5
Miami,SPW,U.S. House,2,L,Chris Clemmons,2,3,5
Miami,STAN 368,U.S. House,2,L,Chris Clemmons,6,4,10
Miami,STAN 367,U.S. House,2,L,Chris Clemmons,2,0,2
Miami,SC,U.S. House,2,L,Chris Clemmons,1,0,1
Miami,WMC 416,U.S. House,2,L,Chris Clemmons,1,0,1
Miami,WMC 368,U.S. House,2,L,Chris Clemmons,3,2,5
Miami,WV(6),U.S. House,2,L,Chris Clemmons,1,0,1
Miami,WV(12) 368,U.S. House,2,L,Chris Clemmons,1,0,1
Miami,WV(12) 367,U.S. House,2,L,Chris Clemmons,2,0,2
Miami,WV(5),U.S. House,2,L,Chris Clemmons,3,1,4
Miami,EMC(2),U.S. House,2,,Write-ins,0,0,0
Miami,EV,U.S. House,2,,Write-ins,0,0,0
Miami,FC,U.S. House,2,,Write-ins,0,0,0
Miami,MI,U.S. House,2,,Write-ins,0,0,0
Miami,MND,U.S. House,2,,Write-ins,0,0,0
Miami,NMV(2),U.S. House,2,,Write-ins,0,0,0
Miami,NPW,U.S. House,2,,Write-ins,1,0,1
Miami,NPE Prt1,U.S. House,2,,Write-ins,0,0,0
Miami,NPE Prt2,U.S. House,2,,Write-ins,0,0,0
Miami,OSAGE,U.S. House,2,,Write-ins,0,0,0
Miami,OC 01,U.S. House,2,,Write-ins,0,0,0
Miami,OC 02,U.S. House,2,,Write-ins,1,2,3
Miami,OC 03,U.S. House,2,,Write-ins,0,0,0
Miami,OC 04,U.S. House,2,,Write-ins,0,0,0
Miami,OSA TWP,U.S. House,2,,Write-ins,0,0,0
Miami,PC 01,U.S. House,2,,Write-ins,1,0,1
Miami,PC 02,U.S. House,2,,Write-ins,0,0,0
Miami,PC 03,U.S. House,2,,Write-ins,0,0,0
Miami,PC 04,U.S. House,2,,Write-ins,1,0,1
Miami,RICH,U.S. House,2,,Write-ins,0,0,0
Miami,SMV(2),U.S. House,2,,Write-ins,0,0,0
Miami,SPE Prt2,U.S. House,2,,Write-ins,0,0,0
Miami,SPW,U.S. House,2,,Write-ins,0,0,0
Miami,STAN 368,U.S. House,2,,Write-ins,0,0,0
Miami,STAN 367,U.S. House,2,,Write-ins,0,0,0
Miami,SC,U.S. House,2,,Write-ins,0,0,0
Miami,WMC 416,U.S. House,2,,Write-ins,0,0,0
Miami,WMC 368,U.S. House,2,,Write-ins,0,0,0
Miami,WV(6),U.S. House,2,,Write-ins,0,0,0
Miami,WV(12) 368,U.S. House,2,,Write-ins,0,0,0
Miami,WV(12) 367,U.S. House,2,,Write-ins,0,0,0
Miami,WV(5),U.S. House,2,,Write-ins,0,0,0
Miami,EMC(3),U.S. House,3,D,Kelly Kultala,63,22,85
Miami,LC 01,U.S. House,3,D,Kelly Kultala,64,21,85
Miami,LC 02,U.S. House,3,D,Kelly Kultala,87,11,98
Miami,LC 03,U.S. House,3,D,Kelly Kultala,69,18,87
Miami,LC 04,U.S. House,3,D,Kelly Kultala,51,8,59
Miami,NMV(3),U.S. House,3,D,Kelly Kultala,64,33,97
Miami,NW,U.S. House,3,D,Kelly Kultala,44,8,52
Miami,SMV(3),U.S. House,3,D,Kelly Kultala,2,0,2
Miami,SW,U.S. House,3,D,Kelly Kultala,76,20,96
Miami,SH 01,U.S. House,3,D,Kelly Kultala,83,24,107
Miami,SH 02,U.S. House,3,D,Kelly Kultala,26,19,45
Miami,SH 03,U.S. House,3,D,Kelly Kultala,9,2,11
Miami,TM,U.S. House,3,D,Kelly Kultala,93,38,131
Miami,EMC(3),U.S. House,3,R,Kevin Yoder,205,43,248
Miami,LC 01,U.S. House,3,R,Kevin Yoder,148,27,175
Miami,LC 02,U.S. House,3,R,Kevin Yoder,214,21,235
Miami,LC 03,U.S. House,3,R,Kevin Yoder,214,29,243
Miami,LC 04,U.S. House,3,R,Kevin Yoder,216,35,251
Miami,NMV(3),U.S. House,3,R,Kevin Yoder,182,27,209
Miami,NW,U.S. House,3,R,Kevin Yoder,194,19,213
Miami,SMV(3),U.S. House,3,R,Kevin Yoder,5,0,5
Miami,SW,U.S. House,3,R,Kevin Yoder,402,85,487
Miami,SH 01,U.S. House,3,R,Kevin Yoder,317,27,344
Miami,SH 02,U.S. House,3,R,Kevin Yoder,68,22,90
Miami,SH 03,U.S. House,3,R,Kevin Yoder,23,5,28
Miami,TM,U.S. House,3,R,Kevin Yoder,343,76,419
Miami,EMC(3),U.S. House,3,,Write-ins,0,0,0
Miami,LC 01,U.S. House,3,,Write-ins,1,0,1
Miami,LC 02,U.S. House,3,,Write-ins,1,1,2
Miami,LC 03,U.S. House,3,,Write-ins,0,0,0
Miami,LC 04,U.S. House,3,,Write-ins,0,1,1
Miami,NMV(3),U.S. House,3,,Write-ins,0,0,0
Miami,NW,U.S. House,3,,Write-ins,0,0,0
Miami,SMV(3),U.S. House,3,,Write-ins,0,0,0
Miami,SW,U.S. House,3,,Write-ins,0,0,0
Miami,SH 01,U.S. House,3,,Write-ins,0,0,0
Miami,SH 02,U.S. House,3,,Write-ins,1,0,1
Miami,SH 03,U.S. House,3,,Write-ins,0,0,0
Miami,TM,U.S. House,3,,Write-ins,2,1,3
Miami,EMC(2),Governor,,D,Paul Davis,18,9,27
Miami,EMC(3),Governor,,D,Paul Davis,86,25,111
Miami,EV,Governor,,D,Paul Davis,48,18,66
Miami,FC,Governor,,D,Paul Davis,18,3,21
Miami,LC 01,Governor,,D,Paul Davis,85,21,106
Miami,LC 02,Governor,,D,Paul Davis,121,10,131
Miami,LC 03,Governor,,D,Paul Davis,104,23,127
Miami,LC 04,Governor,,D,Paul Davis,99,14,113
Miami,MI,Governor,,D,Paul Davis,57,18,75
Miami,MND,Governor,,D,Paul Davis,73,29,102
Miami,NMV(2),Governor,,D,Paul Davis,17,7,24
Miami,NMV(3),Governor,,D,Paul Davis,76,33,109
Miami,NPW,Governor,,D,Paul Davis,53,21,74
Miami,NPE Prt1,Governor,,D,Paul Davis,3,0,3
Miami,NPE Prt2,Governor,,D,Paul Davis,10,6,16
Miami,NW,Governor,,D,Paul Davis,62,11,73
Miami,OSAGE,Governor,,D,Paul Davis,50,19,69
Miami,OC 01,Governor,,D,Paul Davis,62,30,92
Miami,OC 02,Governor,,D,Paul Davis,98,39,137
Miami,OC 03,Governor,,D,Paul Davis,126,47,173
Miami,OC 04,Governor,,D,Paul Davis,58,8,66
Miami,OSA TWP,Governor,,D,Paul Davis,81,30,111
Miami,PC 01,Governor,,D,Paul Davis,85,90,175
Miami,PC 02,Governor,,D,Paul Davis,98,55,153
Miami,PC 03,Governor,,D,Paul Davis,107,78,185
Miami,PC 04,Governor,,D,Paul Davis,111,94,205
Miami,RICH,Governor,,D,Paul Davis,137,82,219
Miami,SMV(3),Governor,,D,Paul Davis,1,0,1
Miami,SMV(2),Governor,,D,Paul Davis,135,61,196
Miami,SPE Prt2,Governor,,D,Paul Davis,22,12,34
Miami,SPW,Governor,,D,Paul Davis,29,21,50
Miami,SW,Governor,,D,Paul Davis,121,31,152
Miami,SH 01,Governor,,D,Paul Davis,140,28,168
Miami,SH 02,Governor,,D,Paul Davis,46,24,70
Miami,SH 03,Governor,,D,Paul Davis,14,2,16
Miami,STAN 368,Governor,,D,Paul Davis,47,36,83
Miami,STAN 367,Governor,,D,Paul Davis,25,16,41
Miami,SC,Governor,,D,Paul Davis,33,9,42
Miami,TM,Governor,,D,Paul Davis,122,46,168
Miami,WMC 416,Governor,,D,Paul Davis,16,4,20
Miami,WMC 368,Governor,,D,Paul Davis,40,21,61
Miami,WV(6),Governor,,D,Paul Davis,17,26,43
Miami,WV(12) 368,Governor,,D,Paul Davis,9,5,14
Miami,WV(12) 367,Governor,,D,Paul Davis,34,23,57
Miami,WV(5),Governor,,D,Paul Davis,31,11,42
Miami,EMC(2),Governor,,L,Keen Umbehr,4,0,4
Miami,EMC(3),Governor,,L,Keen Umbehr,9,2,11
Miami,EV,Governor,,L,Keen Umbehr,4,2,6
Miami,FC,Governor,,L,Keen Umbehr,4,0,4
Miami,LC 01,Governor,,L,Keen Umbehr,12,1,13
Miami,LC 02,Governor,,L,Keen Umbehr,11,2,13
Miami,LC 03,Governor,,L,Keen Umbehr,10,2,12
Miami,LC 04,Governor,,L,Keen Umbehr,11,3,14
Miami,MI,Governor,,L,Keen Umbehr,6,1,7
Miami,MND,Governor,,L,Keen Umbehr,8,6,14
Miami,NMV(2),Governor,,L,Keen Umbehr,2,0,2
Miami,NMV(3),Governor,,L,Keen Umbehr,5,3,8
Miami,NPW,Governor,,L,Keen Umbehr,1,0,1
Miami,NPE Prt1,Governor,,L,Keen Umbehr,0,0,0
Miami,NPE Prt2,Governor,,L,Keen Umbehr,4,1,5
Miami,NW,Governor,,L,Keen Umbehr,10,0,10
Miami,OSAGE,Governor,,L,Keen Umbehr,9,1,10
Miami,OC 01,Governor,,L,Keen Umbehr,7,2,9
Miami,OC 02,Governor,,L,Keen Umbehr,12,7,19
Miami,OC 03,Governor,,L,Keen Umbehr,9,5,14
Miami,OC 04,Governor,,L,Keen Umbehr,13,7,20
Miami,OSA TWP,Governor,,L,Keen Umbehr,6,0,6
Miami,PC 01,Governor,,L,Keen Umbehr,9,4,13
Miami,PC 02,Governor,,L,Keen Umbehr,9,6,15
Miami,PC 03,Governor,,L,Keen Umbehr,13,2,15
Miami,PC 04,Governor,,L,Keen Umbehr,10,5,15
Miami,RICH,Governor,,L,Keen Umbehr,22,4,26
Miami,SMV(3),Governor,,L,Keen Umbehr,1,0,1
Miami,SMV(2),Governor,,L,Keen Umbehr,17,5,22
Miami,SPE Prt2,Governor,,L,Keen Umbehr,4,1,5
Miami,SPW,Governor,,L,Keen Umbehr,2,4,6
Miami,SW,Governor,,L,Keen Umbehr,10,2,12
Miami,SH 01,Governor,,L,Keen Umbehr,14,1,15
Miami,SH 02,Governor,,L,Keen Umbehr,2,0,2
Miami,SH 03,Governor,,L,Keen Umbehr,0,0,0
Miami,STAN 368,Governor,,L,Keen Umbehr,5,3,8
Miami,STAN 367,Governor,,L,Keen Umbehr,1,0,1
Miami,SC,Governor,,L,Keen Umbehr,9,1,10
Miami,TM,Governor,,L,Keen Umbehr,11,1,12
Miami,WMC 416,Governor,,L,Keen Umbehr,1,0,1
Miami,WMC 368,Governor,,L,Keen Umbehr,4,3,7
Miami,WV(6),Governor,,L,Keen Umbehr,0,1,1
Miami,WV(12) 368,Governor,,L,Keen Umbehr,0,0,0
Miami,WV(12) 367,Governor,,L,Keen Umbehr,2,1,3
Miami,WV(5),Governor,,L,Keen Umbehr,5,2,7
Miami,EMC(2),Governor,,R,Sam Brownback,51,9,60
Miami,EMC(3),Governor,,R,Sam Brownback,176,38,214
Miami,EV,Governor,,R,Sam Brownback,72,30,102
Miami,FC,Governor,,R,Sam Brownback,17,4,21
Miami,LC 01,Governor,,R,Sam Brownback,118,27,145
Miami,LC 02,Governor,,R,Sam Brownback,170,20,190
Miami,LC 03,Governor,,R,Sam Brownback,169,22,191
Miami,LC 04,Governor,,R,Sam Brownback,161,25,186
Miami,MI,Governor,,R,Sam Brownback,105,27,132
Miami,MND,Governor,,R,Sam Brownback,105,27,132
Miami,NMV(2),Governor,,R,Sam Brownback,64,18,82
Miami,NMV(3),Governor,,R,Sam Brownback,166,24,190
Miami,NPW,Governor,,R,Sam Brownback,79,32,111
Miami,NPE Prt1,Governor,,R,Sam Brownback,5,1,6
Miami,NPE Prt2,Governor,,R,Sam Brownback,42,7,49
Miami,NW,Governor,,R,Sam Brownback,166,16,182
Miami,OSAGE,Governor,,R,Sam Brownback,87,6,93
Miami,OC 01,Governor,,R,Sam Brownback,53,15,68
Miami,OC 02,Governor,,R,Sam Brownback,93,26,119
Miami,OC 03,Governor,,R,Sam Brownback,84,27,111
Miami,OC 04,Governor,,R,Sam Brownback,50,16,66
Miami,OSA TWP,Governor,,R,Sam Brownback,109,32,141
Miami,PC 01,Governor,,R,Sam Brownback,129,82,211
Miami,PC 02,Governor,,R,Sam Brownback,98,42,140
Miami,PC 03,Governor,,R,Sam Brownback,138,61,199
Miami,PC 04,Governor,,R,Sam Brownback,130,97,227
Miami,RICH,Governor,,R,Sam Brownback,367,147,514
Miami,SMV(3),Governor,,R,Sam Brownback,5,0,5
Miami,SMV(2),Governor,,R,Sam Brownback,245,56,301
Miami,SPE Prt2,Governor,,R,Sam Brownback,19,14,33
Miami,SPW,Governor,,R,Sam Brownback,43,12,55
Miami,SW,Governor,,R,Sam Brownback,347,73,420
Miami,SH 01,Governor,,R,Sam Brownback,247,21,268
Miami,SH 02,Governor,,R,Sam Brownback,48,16,64
Miami,SH 03,Governor,,R,Sam Brownback,18,5,23
Miami,STAN 368,Governor,,R,Sam Brownback,65,56,121
Miami,STAN 367,Governor,,R,Sam Brownback,53,10,63
Miami,SC,Governor,,R,Sam Brownback,100,20,120
Miami,TM,Governor,,R,Sam Brownback,305,69,374
Miami,WMC 416,Governor,,R,Sam Brownback,29,15,44
Miami,WMC 368,Governor,,R,Sam Brownback,103,42,145
Miami,WV(6),Governor,,R,Sam Brownback,28,25,53
Miami,WV(12) 368,Governor,,R,Sam Brownback,25,6,31
Miami,WV(12) 367,Governor,,R,Sam Brownback,43,15,58
Miami,WV(5),Governor,,R,Sam Brownback,38,9,47
Miami,EMC(2),Governor,,,Write-ins,0,0,0
Miami,EMC(3),Governor,,,Write-ins,0,0,0
Miami,EV,Governor,,,Write-ins,0,0,0
Miami,FC,Governor,,,Write-ins,0,0,0
Miami,LC 01,Governor,,,Write-ins,1,0,1
Miami,LC 02,Governor,,,Write-ins,0,1,1
Miami,LC 03,Governor,,,Write-ins,0,0,0
Miami,LC 04,Governor,,,Write-ins,0,2,2
Miami,MI,Governor,,,Write-ins,0,0,0
Miami,MND,Governor,,,Write-ins,0,0,0
Miami,NMV(2),Governor,,,Write-ins,0,0,0
Miami,NMV(3),Governor,,,Write-ins,0,0,0
Miami,NPW,Governor,,,Write-ins,0,0,0
Miami,NPE Prt1,Governor,,,Write-ins,0,0,0
Miami,NPE Prt2,Governor,,,Write-ins,0,0,0
Miami,NW,Governor,,,Write-ins,0,0,0
Miami,OSAGE,Governor,,,Write-ins,0,0,0
Miami,OC 01,Governor,,,Write-ins,0,0,0
Miami,OC 02,Governor,,,Write-ins,0,0,0
Miami,OC 03,Governor,,,Write-ins,0,0,0
Miami,OC 04,Governor,,,Write-ins,0,0,0
Miami,OSA TWP,Governor,,,Write-ins,0,0,0
Miami,PC 01,Governor,,,Write-ins,1,0,1
Miami,PC 02,Governor,,,Write-ins,1,0,1
Miami,PC 03,Governor,,,Write-ins,0,0,0
Miami,PC 04,Governor,,,Write-ins,0,0,0
Miami,RICH,Governor,,,Write-ins,1,0,1
Miami,SMV(3),Governor,,,Write-ins,0,0,0
Miami,SMV(2),Governor,,,Write-ins,0,0,0
Miami,SPE Prt2,Governor,,,Write-ins,0,0,0
Miami,SPW,Governor,,,Write-ins,0,0,0
Miami,SW,Governor,,,Write-ins,0,0,0
Miami,SH 01,Governor,,,Write-ins,1,0,1
Miami,SH 02,Governor,,,Write-ins,0,1,1
Miami,SH 03,Governor,,,Write-ins,0,0,0
Miami,STAN 368,Governor,,,Write-ins,1,0,1
Miami,STAN 367,Governor,,,Write-ins,0,0,0
Miami,SC,Governor,,,Write-ins,0,0,0
Miami,TM,Governor,,,Write-ins,0,0,0
Miami,WMC 416,Governor,,,Write-ins,0,0,0
Miami,WMC 368,Governor,,,Write-ins,0,0,0
Miami,WV(6),Governor,,,Write-ins,0,0,0
Miami,WV(12) 368,Governor,,,Write-ins,0,0,0
Miami,WV(12) 367,Governor,,,Write-ins,0,0,0
Miami,WV(5),Governor,,,Write-ins,0,0,0
Miami,EMC(2),Secretary of State,,D,Jean Schodorf,18,6,24
Miami,EMC(3),Secretary of State,,D,Jean Schodorf,68,24,92
Miami,EV,Secretary of State,,D,Jean Schodorf,38,18,56
Miami,FC,Secretary of State,,D,Jean Schodorf,16,2,18
Miami,LC 01,Secretary of State,,D,Jean Schodorf,72,22,94
Miami,LC 02,Secretary of State,,D,Jean Schodorf,95,8,103
Miami,LC 03,Secretary of State,,D,Jean Schodorf,82,23,105
Miami,LC 04,Secretary of State,,D,Jean Schodorf,73,13,86
Miami,MI,Secretary of State,,D,Jean Schodorf,49,17,66
Miami,MND,Secretary of State,,D,Jean Schodorf,63,31,94
Miami,NMV(2),Secretary of State,,D,Jean Schodorf,15,8,23
Miami,NMV(3),Secretary of State,,D,Jean Schodorf,67,31,98
Miami,NPW,Secretary of State,,D,Jean Schodorf,41,20,61
Miami,NPE Prt1,Secretary of State,,D,Jean Schodorf,2,0,2
Miami,NPE Prt2,Secretary of State,,D,Jean Schodorf,11,5,16
Miami,NW,Secretary of State,,D,Jean Schodorf,55,10,65
Miami,OSAGE,Secretary of State,,D,Jean Schodorf,39,18,57
Miami,OC 01,Secretary of State,,D,Jean Schodorf,57,30,87
Miami,OC 02,Secretary of State,,D,Jean Schodorf,84,34,118
Miami,OC 03,Secretary of State,,D,Jean Schodorf,99,39,138
Miami,OC 04,Secretary of State,,D,Jean Schodorf,54,11,65
Miami,OSA TWP,Secretary of State,,D,Jean Schodorf,62,28,90
Miami,PC 01,Secretary of State,,D,Jean Schodorf,67,68,135
Miami,PC 02,Secretary of State,,D,Jean Schodorf,83,55,138
Miami,PC 03,Secretary of State,,D,Jean Schodorf,86,69,155
Miami,PC 04,Secretary of State,,D,Jean Schodorf,87,76,163
Miami,RICH,Secretary of State,,D,Jean Schodorf,120,66,186
Miami,SMV(3),Secretary of State,,D,Jean Schodorf,3,0,3
Miami,SMV(2),Secretary of State,,D,Jean Schodorf,106,57,163
Miami,SPE Prt2,Secretary of State,,D,Jean Schodorf,15,11,26
Miami,SPW,Secretary of State,,D,Jean Schodorf,17,18,35
Miami,SW,Secretary of State,,D,Jean Schodorf,85,25,110
Miami,SH 01,Secretary of State,,D,Jean Schodorf,99,25,124
Miami,SH 02,Secretary of State,,D,Jean Schodorf,33,21,54
Miami,SH 03,Secretary of State,,D,Jean Schodorf,9,2,11
Miami,STAN 368,Secretary of State,,D,Jean Schodorf,37,33,70
Miami,STAN 367,Secretary of State,,D,Jean Schodorf,22,14,36
Miami,SC,Secretary of State,,D,Jean Schodorf,31,7,38
Miami,TM,Secretary of State,,D,Jean Schodorf,100,47,147
Miami,WMC 416,Secretary of State,,D,Jean Schodorf,10,5,15
Miami,WMC 368,Secretary of State,,D,Jean Schodorf,35,24,59
Miami,WV(6),Secretary of State,,D,Jean Schodorf,12,25,37
Miami,WV(12) 368,Secretary of State,,D,Jean Schodorf,8,3,11
Miami,WV(12) 367,Secretary of State,,D,Jean Schodorf,26,16,42
Miami,WV(5),Secretary of State,,D,Jean Schodorf,30,10,40
Miami,EMC(2),Secretary of State,,R,Kris Kobach,55,12,67
Miami,EMC(3),Secretary of State,,R,Kris Kobach,199,41,240
Miami,EV,Secretary of State,,R,Kris Kobach,85,31,116
Miami,FC,Secretary of State,,R,Kris Kobach,22,5,27
Miami,LC 01,Secretary of State,,R,Kris Kobach,144,26,170
Miami,LC 02,Secretary of State,,R,Kris Kobach,204,23,227
Miami,LC 03,Secretary of State,,R,Kris Kobach,199,24,223
Miami,LC 04,Secretary of State,,R,Kris Kobach,193,31,224
Miami,MI,Secretary of State,,R,Kris Kobach,118,29,147
Miami,MND,Secretary of State,,R,Kris Kobach,120,31,151
Miami,NMV(2),Secretary of State,,R,Kris Kobach,67,17,84
Miami,NMV(3),Secretary of State,,R,Kris Kobach,179,29,208
Miami,NPW,Secretary of State,,R,Kris Kobach,87,34,121
Miami,NPE Prt1,Secretary of State,,R,Kris Kobach,6,1,7
Miami,NPE Prt2,Secretary of State,,R,Kris Kobach,45,8,53
Miami,NW,Secretary of State,,R,Kris Kobach,179,17,196
Miami,OSAGE,Secretary of State,,R,Kris Kobach,100,8,108
Miami,OC 01,Secretary of State,,R,Kris Kobach,66,17,83
Miami,OC 02,Secretary of State,,R,Kris Kobach,118,37,155
Miami,OC 03,Secretary of State,,R,Kris Kobach,113,38,151
Miami,OC 04,Secretary of State,,R,Kris Kobach,64,20,84
Miami,OSA TWP,Secretary of State,,R,Kris Kobach,132,33,165
Miami,PC 01,Secretary of State,,R,Kris Kobach,154,104,258
Miami,PC 02,Secretary of State,,R,Kris Kobach,122,48,170
Miami,PC 03,Secretary of State,,R,Kris Kobach,169,72,241
Miami,PC 04,Secretary of State,,R,Kris Kobach,158,117,275
Miami,RICH,Secretary of State,,R,Kris Kobach,402,167,569
Miami,SMV(3),Secretary of State,,R,Kris Kobach,4,0,4
Miami,SMV(2),Secretary of State,,R,Kris Kobach,286,65,351
Miami,SPE Prt2,Secretary of State,,R,Kris Kobach,30,14,44
Miami,SPW,Secretary of State,,R,Kris Kobach,55,19,74
Miami,SW,Secretary of State,,R,Kris Kobach,393,78,471
Miami,SH 01,Secretary of State,,R,Kris Kobach,298,25,323
Miami,SH 02,Secretary of State,,R,Kris Kobach,61,18,79
Miami,SH 03,Secretary of State,,R,Kris Kobach,23,5,28
Miami,STAN 368,Secretary of State,,R,Kris Kobach,79,60,139
Miami,STAN 367,Secretary of State,,R,Kris Kobach,56,13,69
Miami,SC,Secretary of State,,R,Kris Kobach,108,23,131
Miami,TM,Secretary of State,,R,Kris Kobach,338,68,406
Miami,WMC 416,Secretary of State,,R,Kris Kobach,36,14,50
Miami,WMC 368,Secretary of State,,R,Kris Kobach,113,43,156
Miami,WV(6),Secretary of State,,R,Kris Kobach,33,26,59
Miami,WV(12) 368,Secretary of State,,R,Kris Kobach,25,9,34
Miami,WV(12) 367,Secretary of State,,R,Kris Kobach,53,24,77
Miami,WV(5),Secretary of State,,R,Kris Kobach,42,11,53
Miami,EMC(2),Secretary of State,,,Write-ins,0,0,0
Miami,EMC(3),Secretary of State,,,Write-ins,0,0,0
Miami,EV,Secretary of State,,,Write-ins,0,0,0
Miami,FC,Secretary of State,,,Write-ins,1,0,1
Miami,LC 01,Secretary of State,,,Write-ins,0,0,0
Miami,LC 02,Secretary of State,,,Write-ins,0,1,1
Miami,LC 03,Secretary of State,,,Write-ins,0,0,0
Miami,LC 04,Secretary of State,,,Write-ins,0,0,0
Miami,MI,Secretary of State,,,Write-ins,0,0,0
Miami,MND,Secretary of State,,,Write-ins,0,0,0
Miami,NMV(2),Secretary of State,,,Write-ins,0,0,0
Miami,NMV(3),Secretary of State,,,Write-ins,0,0,0
Miami,NPW,Secretary of State,,,Write-ins,0,0,0
Miami,NPE Prt1,Secretary of State,,,Write-ins,0,0,0
Miami,NPE Prt2,Secretary of State,,,Write-ins,0,0,0
Miami,NW,Secretary of State,,,Write-ins,0,0,0
Miami,OSAGE,Secretary of State,,,Write-ins,0,0,0
Miami,OC 01,Secretary of State,,,Write-ins,0,0,0
Miami,OC 02,Secretary of State,,,Write-ins,0,0,0
Miami,OC 03,Secretary of State,,,Write-ins,0,0,0
Miami,OC 04,Secretary of State,,,Write-ins,2,0,2
Miami,OSA TWP,Secretary of State,,,Write-ins,0,0,0
Miami,PC 01,Secretary of State,,,Write-ins,0,0,0
Miami,PC 02,Secretary of State,,,Write-ins,0,0,0
Miami,PC 03,Secretary of State,,,Write-ins,1,0,1
Miami,PC 04,Secretary of State,,,Write-ins,0,0,0
Miami,RICH,Secretary of State,,,Write-ins,1,0,1
Miami,SMV(3),Secretary of State,,,Write-ins,0,0,0
Miami,SMV(2),Secretary of State,,,Write-ins,0,0,0
Miami,SPE Prt2,Secretary of State,,,Write-ins,0,0,0
Miami,SPW,Secretary of State,,,Write-ins,0,0,0
Miami,SW,Secretary of State,,,Write-ins,0,0,0
Miami,SH 01,Secretary of State,,,Write-ins,0,0,0
Miami,SH 02,Secretary of State,,,Write-ins,0,0,0
Miami,SH 03,Secretary of State,,,Write-ins,0,0,0
Miami,STAN 368,Secretary of State,,,Write-ins,0,0,0
Miami,STAN 367,Secretary of State,,,Write-ins,0,0,0
Miami,SC,Secretary of State,,,Write-ins,0,0,0
Miami,TM,Secretary of State,,,Write-ins,0,0,0
Miami,WMC 416,Secretary of State,,,Write-ins,0,0,0
Miami,WMC 368,Secretary of State,,,Write-ins,0,0,0
Miami,WV(6),Secretary of State,,,Write-ins,0,0,0
Miami,WV(12) 368,Secretary of State,,,Write-ins,0,0,0
Miami,WV(12) 367,Secretary of State,,,Write-ins,0,0,0
Miami,WV(5),Secretary of State,,,Write-ins,0,0,0
Miami,EMC(2),Attorney General,,R,Derek Schmidt,57,10,67
Miami,EMC(3),Attorney General,,R,Derek Schmidt,207,43,250
Miami,EV,Attorney General,,R,Derek Schmidt,84,33,117
Miami,FC,Attorney General,,R,Derek Schmidt,24,4,28
Miami,LC 01,Attorney General,,R,Derek Schmidt,145,23,168
Miami,LC 02,Attorney General,,R,Derek Schmidt,215,21,236
Miami,LC 03,Attorney General,,R,Derek Schmidt,202,26,228
Miami,LC 04,Attorney General,,R,Derek Schmidt,205,32,237
Miami,MI,Attorney General,,R,Derek Schmidt,120,28,148
Miami,MND,Attorney General,,R,Derek Schmidt,121,37,158
Miami,NMV(2),Attorney General,,R,Derek Schmidt,69,19,88
Miami,NMV(3),Attorney General,,R,Derek Schmidt,183,34,217
Miami,NPW,Attorney General,,R,Derek Schmidt,90,38,128
Miami,NPE Prt1,Attorney General,,R,Derek Schmidt,6,1,7
Miami,NPE Prt2,Attorney General,,R,Derek Schmidt,48,8,56
Miami,NW,Attorney General,,R,Derek Schmidt,183,17,200
Miami,OSAGE,Attorney General,,R,Derek Schmidt,100,10,110
Miami,OC 01,Attorney General,,R,Derek Schmidt,72,22,94
Miami,OC 02,Attorney General,,R,Derek Schmidt,125,39,164
Miami,OC 03,Attorney General,,R,Derek Schmidt,122,36,158
Miami,OC 04,Attorney General,,R,Derek Schmidt,69,19,88
Miami,OSA TWP,Attorney General,,R,Derek Schmidt,138,33,171
Miami,PC 01,Attorney General,,R,Derek Schmidt,157,107,264
Miami,PC 02,Attorney General,,R,Derek Schmidt,130,51,181
Miami,PC 03,Attorney General,,R,Derek Schmidt,180,74,254
Miami,PC 04,Attorney General,,R,Derek Schmidt,158,131,289
Miami,RICH,Attorney General,,R,Derek Schmidt,408,163,571
Miami,SMV(3),Attorney General,,R,Derek Schmidt,5,0,5
Miami,SMV(2),Attorney General,,R,Derek Schmidt,290,73,363
Miami,SPE Prt2,Attorney General,,R,Derek Schmidt,29,18,47
Miami,SPW,Attorney General,,R,Derek Schmidt,54,21,75
Miami,SW,Attorney General,,R,Derek Schmidt,394,81,475
Miami,SH 01,Attorney General,,R,Derek Schmidt,307,26,333
Miami,SH 02,Attorney General,,R,Derek Schmidt,64,25,89
Miami,SH 03,Attorney General,,R,Derek Schmidt,21,4,25
Miami,STAN 368,Attorney General,,R,Derek Schmidt,80,64,144
Miami,STAN 367,Attorney General,,R,Derek Schmidt,58,14,72
Miami,SC,Attorney General,,R,Derek Schmidt,111,23,134
Miami,TM,Attorney General,,R,Derek Schmidt,338,77,415
Miami,WMC 416,Attorney General,,R,Derek Schmidt,35,15,50
Miami,WMC 368,Attorney General,,R,Derek Schmidt,114,43,157
Miami,WV(6),Attorney General,,R,Derek Schmidt,36,32,68
Miami,WV(12) 368,Attorney General,,R,Derek Schmidt,25,11,36
Miami,WV(12) 367,Attorney General,,R,Derek Schmidt,55,20,75
Miami,WV(5),Attorney General,,R,Derek Schmidt,45,11,56
Miami,EMC(2),Attorney General,,D,A J Kotich,16,7,23
Miami,EMC(3),Attorney General,,D,A J Kotich,61,22,83
Miami,EV,Attorney General,,D,A J Kotich,38,16,54
Miami,FC,Attorney General,,D,A J Kotich,15,3,18
Miami,LC 01,Attorney General,,D,A J Kotich,65,24,89
Miami,LC 02,Attorney General,,D,A J Kotich,82,11,93
Miami,LC 03,Attorney General,,D,A J Kotich,71,20,91
Miami,LC 04,Attorney General,,D,A J Kotich,58,12,70
Miami,MI,Attorney General,,D,A J Kotich,38,17,55
Miami,MND,Attorney General,,D,A J Kotich,61,26,87
Miami,NMV(2),Attorney General,,D,A J Kotich,12,6,18
Miami,NMV(3),Attorney General,,D,A J Kotich,61,26,87
Miami,NPW,Attorney General,,D,A J Kotich,37,16,53
Miami,NPE Prt1,Attorney General,,D,A J Kotich,2,0,2
Miami,NPE Prt2,Attorney General,,D,A J Kotich,8,4,12
Miami,NW,Attorney General,,D,A J Kotich,47,10,57
Miami,OSAGE,Attorney General,,D,A J Kotich,38,16,54
Miami,OC 01,Attorney General,,D,A J Kotich,51,25,76
Miami,OC 02,Attorney General,,D,A J Kotich,76,32,108
Miami,OC 03,Attorney General,,D,A J Kotich,90,43,133
Miami,OC 04,Attorney General,,D,A J Kotich,49,12,61
Miami,OSA TWP,Attorney General,,D,A J Kotich,56,27,83
Miami,PC 01,Attorney General,,D,A J Kotich,62,62,124
Miami,PC 02,Attorney General,,D,A J Kotich,73,52,125
Miami,PC 03,Attorney General,,D,A J Kotich,72,63,135
Miami,PC 04,Attorney General,,D,A J Kotich,83,60,143
Miami,RICH,Attorney General,,D,A J Kotich,109,66,175
Miami,SMV(3),Attorney General,,D,A J Kotich,2,0,2
Miami,SMV(2),Attorney General,,D,A J Kotich,103,48,151
Miami,SPE Prt2,Attorney General,,D,A J Kotich,14,8,22
Miami,SPW,Attorney General,,D,A J Kotich,19,14,33
Miami,SW,Attorney General,,D,A J Kotich,82,23,105
Miami,SH 01,Attorney General,,D,A J Kotich,86,25,111
Miami,SH 02,Attorney General,,D,A J Kotich,26,16,42
Miami,SH 03,Attorney General,,D,A J Kotich,11,3,14
Miami,STAN 368,Attorney General,,D,A J Kotich,36,30,66
Miami,STAN 367,Attorney General,,D,A J Kotich,21,13,34
Miami,SC,Attorney General,,D,A J Kotich,27,7,34
Miami,TM,Attorney General,,D,A J Kotich,92,35,127
Miami,WMC 416,Attorney General,,D,A J Kotich,9,4,13
Miami,WMC 368,Attorney General,,D,A J Kotich,31,24,55
Miami,WV(6),Attorney General,,D,A J Kotich,9,19,28
Miami,WV(12) 368,Attorney General,,D,A J Kotich,8,1,9
Miami,WV(12) 367,Attorney General,,D,A J Kotich,24,20,44
Miami,WV(5),Attorney General,,D,A J Kotich,28,11,39
Miami,EMC(2),Attorney General,,,Write-ins,0,0,0
Miami,EMC(3),Attorney General,,,Write-ins,0,0,0
Miami,EV,Attorney General,,,Write-ins,0,0,0
Miami,FC,Attorney General,,,Write-ins,0,0,0
Miami,LC 01,Attorney General,,,Write-ins,1,0,1
Miami,LC 02,Attorney General,,,Write-ins,0,1,1
Miami,LC 03,Attorney General,,,Write-ins,0,0,0
Miami,LC 04,Attorney General,,,Write-ins,0,0,0
Miami,MI,Attorney General,,,Write-ins,0,0,0
Miami,MND,Attorney General,,,Write-ins,0,0,0
Miami,NMV(2),Attorney General,,,Write-ins,0,0,0
Miami,NMV(3),Attorney General,,,Write-ins,0,0,0
Miami,NPW,Attorney General,,,Write-ins,0,0,0
Miami,NPE Prt1,Attorney General,,,Write-ins,0,0,0
Miami,NPE Prt2,Attorney General,,,Write-ins,0,0,0
Miami,NW,Attorney General,,,Write-ins,0,0,0
Miami,OSAGE,Attorney General,,,Write-ins,0,0,0
Miami,OC 01,Attorney General,,,Write-ins,0,0,0
Miami,OC 02,Attorney General,,,Write-ins,0,0,0
Miami,OC 03,Attorney General,,,Write-ins,2,0,2
Miami,OC 04,Attorney General,,,Write-ins,0,0,0
Miami,OSA TWP,Attorney General,,,Write-ins,0,0,0
Miami,PC 01,Attorney General,,,Write-ins,1,1,2
Miami,PC 02,Attorney General,,,Write-ins,1,0,1
Miami,PC 03,Attorney General,,,Write-ins,1,0,1
Miami,PC 04,Attorney General,,,Write-ins,0,0,0
Miami,RICH,Attorney General,,,Write-ins,0,0,0
Miami,SMV(3),Attorney General,,,Write-ins,0,0,0
Miami,SMV(2),Attorney General,,,Write-ins,0,0,0
Miami,SPE Prt2,Attorney General,,,Write-ins,0,0,0
Miami,SPW,Attorney General,,,Write-ins,0,0,0
Miami,SW,Attorney General,,,Write-ins,0,0,0
Miami,SH 01,Attorney General,,,Write-ins,0,0,0
Miami,SH 02,Attorney General,,,Write-ins,0,0,0
Miami,SH 03,Attorney General,,,Write-ins,0,0,0
Miami,STAN 368,Attorney General,,,Write-ins,1,0,1
Miami,STAN 367,Attorney General,,,Write-ins,0,0,0
Miami,SC,Attorney General,,,Write-ins,0,0,0
Miami,TM,Attorney General,,,Write-ins,0,0,0
Miami,WMC 416,Attorney General,,,Write-ins,0,0,0
Miami,WMC 368,Attorney General,,,Write-ins,0,0,0
Miami,WV(6),Attorney General,,,Write-ins,0,0,0
Miami,WV(12) 368,Attorney General,,,Write-ins,0,0,0
Miami,WV(12) 367,Attorney General,,,Write-ins,0,0,0
Miami,WV(5),Attorney General,,,Write-ins,0,0,0
Miami,EMC(2),State Treasurer,,R,Ron Estes,55,11,66
Miami,EMC(3),State Treasurer,,R,Ron Estes,200,46,246
Miami,EV,State Treasurer,,R,Ron Estes,91,35,126
Miami,FC,State Treasurer,,R,Ron Estes,24,3,27
Miami,LC 01,State Treasurer,,R,Ron Estes,146,24,170
Miami,LC 02,State Treasurer,,R,Ron Estes,211,20,231
Miami,LC 03,State Treasurer,,R,Ron Estes,202,27,229
Miami,LC 04,State Treasurer,,R,Ron Estes,206,33,239
Miami,MI,State Treasurer,,R,Ron Estes,123,30,153
Miami,MND,State Treasurer,,R,Ron Estes,120,35,155
Miami,NMV(2),State Treasurer,,R,Ron Estes,73,17,90
Miami,NMV(3),State Treasurer,,R,Ron Estes,182,35,217
Miami,NPW,State Treasurer,,R,Ron Estes,93,38,131
Miami,NPE Prt1,State Treasurer,,R,Ron Estes,5,1,6
Miami,NPE Prt2,State Treasurer,,R,Ron Estes,47,8,55
Miami,NW,State Treasurer,,R,Ron Estes,187,16,203
Miami,OSAGE,State Treasurer,,R,Ron Estes,104,10,114
Miami,OC 01,State Treasurer,,R,Ron Estes,78,22,100
Miami,OC 02,State Treasurer,,R,Ron Estes,126,36,162
Miami,OC 03,State Treasurer,,R,Ron Estes,125,40,165
Miami,OC 04,State Treasurer,,R,Ron Estes,66,17,83
Miami,OSA TWP,State Treasurer,,R,Ron Estes,134,35,169
Miami,PC 01,State Treasurer,,R,Ron Estes,156,110,266
Miami,PC 02,State Treasurer,,R,Ron Estes,136,57,193
Miami,PC 03,State Treasurer,,R,Ron Estes,185,77,262
Miami,PC 04,State Treasurer,,R,Ron Estes,169,128,297
Miami,RICH,State Treasurer,,R,Ron Estes,420,161,581
Miami,SMV(3),State Treasurer,,R,Ron Estes,5,0,5
Miami,SMV(2),State Treasurer,,R,Ron Estes,304,77,381
Miami,SPE Prt2,State Treasurer,,R,Ron Estes,30,17,47
Miami,SPW,State Treasurer,,R,Ron Estes,57,22,79
Miami,SW,State Treasurer,,R,Ron Estes,392,79,471
Miami,SH 01,State Treasurer,,R,Ron Estes,303,28,331
Miami,SH 02,State Treasurer,,R,Ron Estes,66,23,89
Miami,SH 03,State Treasurer,,R,Ron Estes,23,5,28
Miami,STAN 368,State Treasurer,,R,Ron Estes,88,66,154
Miami,STAN 367,State Treasurer,,R,Ron Estes,54,12,66
Miami,SC,State Treasurer,,R,Ron Estes,109,21,130
Miami,TM,State Treasurer,,R,Ron Estes,344,77,421
Miami,WMC 416,State Treasurer,,R,Ron Estes,34,14,48
Miami,WMC 368,State Treasurer,,R,Ron Estes,118,42,160
Miami,WV(6),State Treasurer,,R,Ron Estes,32,32,64
Miami,WV(12) 368,State Treasurer,,R,Ron Estes,25,11,36
Miami,WV(12) 367,State Treasurer,,R,Ron Estes,53,24,77
Miami,WV(5),State Treasurer,,R,Ron Estes,42,12,54
Miami,EMC(2),State Treasurer,,D,Carmen Alldritt,17,6,23
Miami,EMC(3),State Treasurer,,D,Carmen Alldritt,61,19,80
Miami,EV,State Treasurer,,D,Carmen Alldritt,33,14,47
Miami,FC,State Treasurer,,D,Carmen Alldritt,13,3,16
Miami,LC 01,State Treasurer,,D,Carmen Alldritt,64,24,88
Miami,LC 02,State Treasurer,,D,Carmen Alldritt,82,12,94
Miami,LC 03,State Treasurer,,D,Carmen Alldritt,71,20,91
Miami,LC 04,State Treasurer,,D,Carmen Alldritt,57,11,68
Miami,MI,State Treasurer,,D,Carmen Alldritt,39,13,52
Miami,MND,State Treasurer,,D,Carmen Alldritt,64,28,92
Miami,NMV(2),State Treasurer,,D,Carmen Alldritt,9,6,15
Miami,NMV(3),State Treasurer,,D,Carmen Alldritt,60,25,85
Miami,NPW,State Treasurer,,D,Carmen Alldritt,36,16,52
Miami,NPE Prt1,State Treasurer,,D,Carmen Alldritt,2,0,2
Miami,NPE Prt2,State Treasurer,,D,Carmen Alldritt,8,5,13
Miami,NW,State Treasurer,,D,Carmen Alldritt,43,10,53
Miami,OSAGE,State Treasurer,,D,Carmen Alldritt,35,15,50
Miami,OC 01,State Treasurer,,D,Carmen Alldritt,45,25,70
Miami,OC 02,State Treasurer,,D,Carmen Alldritt,74,35,109
Miami,OC 03,State Treasurer,,D,Carmen Alldritt,90,40,130
Miami,OC 04,State Treasurer,,D,Carmen Alldritt,52,13,65
Miami,OSA TWP,State Treasurer,,D,Carmen Alldritt,58,26,84
Miami,PC 01,State Treasurer,,D,Carmen Alldritt,60,62,122
Miami,PC 02,State Treasurer,,D,Carmen Alldritt,68,47,115
Miami,PC 03,State Treasurer,,D,Carmen Alldritt,67,61,128
Miami,PC 04,State Treasurer,,D,Carmen Alldritt,75,63,138
Miami,RICH,State Treasurer,,D,Carmen Alldritt,95,66,161
Miami,SMV(3),State Treasurer,,D,Carmen Alldritt,2,0,2
Miami,SMV(2),State Treasurer,,D,Carmen Alldritt,86,42,128
Miami,SPE Prt2,State Treasurer,,D,Carmen Alldritt,12,9,21
Miami,SPW,State Treasurer,,D,Carmen Alldritt,18,14,32
Miami,SW,State Treasurer,,D,Carmen Alldritt,81,26,107
Miami,SH 01,State Treasurer,,D,Carmen Alldritt,86,23,109
Miami,SH 02,State Treasurer,,D,Carmen Alldritt,26,18,44
Miami,SH 03,State Treasurer,,D,Carmen Alldritt,8,2,10
Miami,STAN 368,State Treasurer,,D,Carmen Alldritt,27,28,55
Miami,STAN 367,State Treasurer,,D,Carmen Alldritt,24,15,39
Miami,SC,State Treasurer,,D,Carmen Alldritt,26,7,33
Miami,TM,State Treasurer,,D,Carmen Alldritt,84,34,118
Miami,WMC 416,State Treasurer,,D,Carmen Alldritt,12,5,17
Miami,WMC 368,State Treasurer,,D,Carmen Alldritt,28,25,53
Miami,WV(6),State Treasurer,,D,Carmen Alldritt,13,18,31
Miami,WV(12) 368,State Treasurer,,D,Carmen Alldritt,7,1,8
Miami,WV(12) 367,State Treasurer,,D,Carmen Alldritt,26,16,42
Miami,WV(5),State Treasurer,,D,Carmen Alldritt,31,10,41
Miami,EMC(2),State Treasurer,,,Write-ins,0,0,0
Miami,EMC(3),State Treasurer,,,Write-ins,0,0,0
Miami,EV,State Treasurer,,,Write-ins,0,0,0
Miami,FC,State Treasurer,,,Write-ins,0,0,0
Miami,LC 01,State Treasurer,,,Write-ins,0,0,0
Miami,LC 02,State Treasurer,,,Write-ins,1,1,2
Miami,LC 03,State Treasurer,,,Write-ins,0,0,0
Miami,LC 04,State Treasurer,,,Write-ins,0,0,0
Miami,MI,State Treasurer,,,Write-ins,0,0,0
Miami,MND,State Treasurer,,,Write-ins,0,0,0
Miami,NMV(2),State Treasurer,,,Write-ins,0,0,0
Miami,NMV(3),State Treasurer,,,Write-ins,0,0,0
Miami,NPW,State Treasurer,,,Write-ins,0,0,0
Miami,NPE Prt1,State Treasurer,,,Write-ins,0,0,0
Miami,NPE Prt2,State Treasurer,,,Write-ins,0,0,0
Miami,NW,State Treasurer,,,Write-ins,0,0,0
Miami,OSAGE,State Treasurer,,,Write-ins,0,0,0
Miami,OC 01,State Treasurer,,,Write-ins,0,0,0
Miami,OC 02,State Treasurer,,,Write-ins,0,0,0
Miami,OC 03,State Treasurer,,,Write-ins,0,0,0
Miami,OC 04,State Treasurer,,,Write-ins,0,0,0
Miami,OSA TWP,State Treasurer,,,Write-ins,0,0,0
Miami,PC 01,State Treasurer,,,Write-ins,0,1,1
Miami,PC 02,State Treasurer,,,Write-ins,0,0,0
Miami,PC 03,State Treasurer,,,Write-ins,0,0,0
Miami,PC 04,State Treasurer,,,Write-ins,0,0,0
Miami,RICH,State Treasurer,,,Write-ins,0,0,0
Miami,SMV(3),State Treasurer,,,Write-ins,0,0,0
Miami,SMV(2),State Treasurer,,,Write-ins,0,0,0
Miami,SPE Prt2,State Treasurer,,,Write-ins,0,0,0
Miami,SPW,State Treasurer,,,Write-ins,0,0,0
Miami,SW,State Treasurer,,,Write-ins,1,0,1
Miami,SH 01,State Treasurer,,,Write-ins,0,0,0
Miami,SH 02,State Treasurer,,,Write-ins,0,0,0
Miami,SH 03,State Treasurer,,,Write-ins,0,0,0
Miami,STAN 368,State Treasurer,,,Write-ins,0,0,0
Miami,STAN 367,State Treasurer,,,Write-ins,0,0,0
Miami,SC,State Treasurer,,,Write-ins,0,0,0
Miami,TM,State Treasurer,,,Write-ins,0,0,0
Miami,WMC 416,State Treasurer,,,Write-ins,0,0,0
Miami,WMC 368,State Treasurer,,,Write-ins,0,0,0
Miami,WV(6),State Treasurer,,,Write-ins,0,0,0
Miami,WV(12) 368,State Treasurer,,,Write-ins,0,0,0
Miami,WV(12) 367,State Treasurer,,,Write-ins,0,0,0
Miami,WV(5),State Treasurer,,,Write-ins,0,0,0
Miami,EMC(2),Insurance Commissioner,,R,Ken Selzer,53,10,63
Miami,EMC(3),Insurance Commissioner,,R,Ken Selzer,199,45,244
Miami,EV,Insurance Commissioner,,R,Ken Selzer,79,33,112
Miami,FC,Insurance Commissioner,,R,Ken Selzer,24,5,29
Miami,LC 01,Insurance Commissioner,,R,Ken Selzer,148,26,174
Miami,LC 02,Insurance Commissioner,,R,Ken Selzer,204,20,224
Miami,LC 03,Insurance Commissioner,,R,Ken Selzer,191,25,216
Miami,LC 04,Insurance Commissioner,,R,Ken Selzer,200,29,229
Miami,MI,Insurance Commissioner,,R,Ken Selzer,116,27,143
Miami,MND,Insurance Commissioner,,R,Ken Selzer,109,31,140
Miami,NMV(2),Insurance Commissioner,,R,Ken Selzer,65,16,81
Miami,NMV(3),Insurance Commissioner,,R,Ken Selzer,179,27,206
Miami,NPW,Insurance Commissioner,,R,Ken Selzer,88,38,126
Miami,NPE Prt1,Insurance Commissioner,,R,Ken Selzer,5,1,6
Miami,NPE Prt2,Insurance Commissioner,,R,Ken Selzer,42,8,50
Miami,NW,Insurance Commissioner,,R,Ken Selzer,180,16,196
Miami,OSAGE,Insurance Commissioner,,R,Ken Selzer,98,11,109
Miami,OC 01,Insurance Commissioner,,R,Ken Selzer,65,19,84
Miami,OC 02,Insurance Commissioner,,R,Ken Selzer,111,40,151
Miami,OC 03,Insurance Commissioner,,R,Ken Selzer,114,35,149
Miami,OC 04,Insurance Commissioner,,R,Ken Selzer,60,16,76
Miami,OSA TWP,Insurance Commissioner,,R,Ken Selzer,123,31,154
Miami,PC 01,Insurance Commissioner,,R,Ken Selzer,151,105,256
Miami,PC 02,Insurance Commissioner,,R,Ken Selzer,126,56,182
Miami,PC 03,Insurance Commissioner,,R,Ken Selzer,167,77,244
Miami,PC 04,Insurance Commissioner,,R,Ken Selzer,153,114,267
Miami,RICH,Insurance Commissioner,,R,Ken Selzer,405,159,564
Miami,SMV(3),Insurance Commissioner,,R,Ken Selzer,5,0,5
Miami,SMV(2),Insurance Commissioner,,R,Ken Selzer,284,67,351
Miami,SPE Prt2,Insurance Commissioner,,R,Ken Selzer,30,15,45
Miami,SPW,Insurance Commissioner,,R,Ken Selzer,53,17,70
Miami,SW,Insurance Commissioner,,R,Ken Selzer,393,80,473
Miami,SH 01,Insurance Commissioner,,R,Ken Selzer,293,23,316
Miami,SH 02,Insurance Commissioner,,R,Ken Selzer,64,22,86
Miami,SH 03,Insurance Commissioner,,R,Ken Selzer,21,4,25
Miami,STAN 368,Insurance Commissioner,,R,Ken Selzer,76,65,141
Miami,STAN 367,Insurance Commissioner,,R,Ken Selzer,52,12,64
Miami,SC,Insurance Commissioner,,R,Ken Selzer,104,22,126
Miami,TM,Insurance Commissioner,,R,Ken Selzer,340,81,421
Miami,WMC 416,Insurance Commissioner,,R,Ken Selzer,33,14,47
Miami,WMC 368,Insurance Commissioner,,R,Ken Selzer,111,39,150
Miami,WV(6),Insurance Commissioner,,R,Ken Selzer,32,29,61
Miami,WV(12) 368,Insurance Commissioner,,R,Ken Selzer,25,11,36
Miami,WV(12) 367,Insurance Commissioner,,R,Ken Selzer,51,22,73
Miami,WV(5),Insurance Commissioner,,R,Ken Selzer,42,12,54
Miami,EMC(2),Insurance Commissioner,,D,Dennis Anderson,19,7,26
Miami,EMC(3),Insurance Commissioner,,D,Dennis Anderson,66,20,86
Miami,EV,Insurance Commissioner,,D,Dennis Anderson,42,16,58
Miami,FC,Insurance Commissioner,,D,Dennis Anderson,15,2,17
Miami,LC 01,Insurance Commissioner,,D,Dennis Anderson,64,22,86
Miami,LC 02,Insurance Commissioner,,D,Dennis Anderson,92,12,104
Miami,LC 03,Insurance Commissioner,,D,Dennis Anderson,81,21,102
Miami,LC 04,Insurance Commissioner,,D,Dennis Anderson,65,15,80
Miami,MI,Insurance Commissioner,,D,Dennis Anderson,44,16,60
Miami,MND,Insurance Commissioner,,D,Dennis Anderson,72,30,102
Miami,NMV(2),Insurance Commissioner,,D,Dennis Anderson,15,6,21
Miami,NMV(3),Insurance Commissioner,,D,Dennis Anderson,63,33,96
Miami,NPW,Insurance Commissioner,,D,Dennis Anderson,41,14,55
Miami,NPE Prt1,Insurance Commissioner,,D,Dennis Anderson,2,0,2
Miami,NPE Prt2,Insurance Commissioner,,D,Dennis Anderson,13,4,17
Miami,NW,Insurance Commissioner,,D,Dennis Anderson,49,10,59
Miami,OSAGE,Insurance Commissioner,,D,Dennis Anderson,41,15,56
Miami,OC 01,Insurance Commissioner,,D,Dennis Anderson,58,29,87
Miami,OC 02,Insurance Commissioner,,D,Dennis Anderson,90,30,120
Miami,OC 03,Insurance Commissioner,,D,Dennis Anderson,103,44,147
Miami,OC 04,Insurance Commissioner,,D,Dennis Anderson,55,13,68
Miami,OSA TWP,Insurance Commissioner,,D,Dennis Anderson,69,30,99
Miami,PC 01,Insurance Commissioner,,D,Dennis Anderson,64,68,132
Miami,PC 02,Insurance Commissioner,,D,Dennis Anderson,80,49,129
Miami,PC 03,Insurance Commissioner,,D,Dennis Anderson,85,60,145
Miami,PC 04,Insurance Commissioner,,D,Dennis Anderson,85,78,163
Miami,RICH,Insurance Commissioner,,D,Dennis Anderson,107,66,173
Miami,SMV(3),Insurance Commissioner,,D,Dennis Anderson,2,0,2
Miami,SMV(2),Insurance Commissioner,,D,Dennis Anderson,108,54,162
Miami,SPE Prt2,Insurance Commissioner,,D,Dennis Anderson,13,11,24
Miami,SPW,Insurance Commissioner,,D,Dennis Anderson,20,18,38
Miami,SW,Insurance Commissioner,,D,Dennis Anderson,84,26,110
Miami,SH 01,Insurance Commissioner,,D,Dennis Anderson,97,25,122
Miami,SH 02,Insurance Commissioner,,D,Dennis Anderson,27,19,46
Miami,SH 03,Insurance Commissioner,,D,Dennis Anderson,9,3,12
Miami,STAN 368,Insurance Commissioner,,D,Dennis Anderson,38,29,67
Miami,STAN 367,Insurance Commissioner,,D,Dennis Anderson,25,15,40
Miami,SC,Insurance Commissioner,,D,Dennis Anderson,32,6,38
Miami,TM,Insurance Commissioner,,D,Dennis Anderson,92,34,126
Miami,WMC 416,Insurance Commissioner,,D,Dennis Anderson,13,5,18
Miami,WMC 368,Insurance Commissioner,,D,Dennis Anderson,34,28,62
Miami,WV(6),Insurance Commissioner,,D,Dennis Anderson,13,21,34
Miami,WV(12) 368,Insurance Commissioner,,D,Dennis Anderson,8,1,9
Miami,WV(12) 367,Insurance Commissioner,,D,Dennis Anderson,28,18,46
Miami,WV(5),Insurance Commissioner,,D,Dennis Anderson,31,10,41
Miami,EMC(2),Insurance Commissioner,,,Write-ins,0,0,0
Miami,EMC(3),Insurance Commissioner,,,Write-ins,0,0,0
Miami,EV,Insurance Commissioner,,,Write-ins,0,0,0
Miami,FC,Insurance Commissioner,,,Write-ins,0,0,0
Miami,LC 01,Insurance Commissioner,,,Write-ins,1,0,1
Miami,LC 02,Insurance Commissioner,,,Write-ins,1,1,2
Miami,LC 03,Insurance Commissioner,,,Write-ins,0,0,0
Miami,LC 04,Insurance Commissioner,,,Write-ins,0,0,0
Miami,MI,Insurance Commissioner,,,Write-ins,0,0,0
Miami,MND,Insurance Commissioner,,,Write-ins,0,0,0
Miami,NMV(2),Insurance Commissioner,,,Write-ins,0,0,0
Miami,NMV(3),Insurance Commissioner,,,Write-ins,0,0,0
Miami,NPW,Insurance Commissioner,,,Write-ins,0,0,0
Miami,NPE Prt1,Insurance Commissioner,,,Write-ins,0,0,0
Miami,NPE Prt2,Insurance Commissioner,,,Write-ins,0,0,0
Miami,NW,Insurance Commissioner,,,Write-ins,0,0,0
Miami,OSAGE,Insurance Commissioner,,,Write-ins,0,0,0
Miami,OC 01,Insurance Commissioner,,,Write-ins,0,0,0
Miami,OC 02,Insurance Commissioner,,,Write-ins,0,0,0
Miami,OC 03,Insurance Commissioner,,,Write-ins,0,0,0
Miami,OC 04,Insurance Commissioner,,,Write-ins,0,0,0
Miami,OSA TWP,Insurance Commissioner,,,Write-ins,0,0,0
Miami,PC 01,Insurance Commissioner,,,Write-ins,0,0,0
Miami,PC 02,Insurance Commissioner,,,Write-ins,0,0,0
Miami,PC 03,Insurance Commissioner,,,Write-ins,0,0,0
Miami,PC 04,Insurance Commissioner,,,Write-ins,0,0,0
Miami,RICH,Insurance Commissioner,,,Write-ins,0,0,0
Miami,SMV(3),Insurance Commissioner,,,Write-ins,0,0,0
Miami,SMV(2),Insurance Commissioner,,,Write-ins,0,0,0
Miami,SPE Prt2,Insurance Commissioner,,,Write-ins,0,0,0
Miami,SPW,Insurance Commissioner,,,Write-ins,0,0,0
Miami,SW,Insurance Commissioner,,,Write-ins,0,0,0
Miami,SH 01,Insurance Commissioner,,,Write-ins,0,0,0
Miami,SH 02,Insurance Commissioner,,,Write-ins,0,0,0
Miami,SH 03,Insurance Commissioner,,,Write-ins,0,0,0
Miami,STAN 368,Insurance Commissioner,,,Write-ins,0,0,0
Miami,STAN 367,Insurance Commissioner,,,Write-ins,0,0,0
Miami,SC,Insurance Commissioner,,,Write-ins,0,0,0
Miami,TM,Insurance Commissioner,,,Write-ins,0,0,0
Miami,WMC 416,Insurance Commissioner,,,Write-ins,0,0,0
Miami,WMC 368,Insurance Commissioner,,,Write-ins,0,0,0
Miami,WV(6),Insurance Commissioner,,,Write-ins,0,0,0
Miami,WV(12) 368,Insurance Commissioner,,,Write-ins,0,0,0
Miami,WV(12) 367,Insurance Commissioner,,,Write-ins,0,0,0
Miami,WV(5),Insurance Commissioner,,,Write-ins,0,0,0
Miami,EMC(2),State Senate,37,R,Molly Baumgardner,65,13,78
Miami,EMC(3),State Senate,37,R,Molly Baumgardner,231,47,278
Miami,LC 01,State Senate,37,R,Molly Baumgardner,185,42,227
Miami,LC 02,State Senate,37,R,Molly Baumgardner,251,30,281
Miami,LC 03,State Senate,37,R,Molly Baumgardner,241,37,278
Miami,LC 04,State Senate,37,R,Molly Baumgardner,248,38,286
Miami,NMV(2),State Senate,37,R,Molly Baumgardner,74,23,97
Miami,NMV(3),State Senate,37,R,Molly Baumgardner,209,41,250
Miami,NPW,State Senate,37,R,Molly Baumgardner,103,44,147
Miami,NPE Prt1,State Senate,37,R,Molly Baumgardner,8,1,9
Miami,NPE Prt2,State Senate,37,R,Molly Baumgardner,51,10,61
Miami,NW,State Senate,37,R,Molly Baumgardner,202,21,223
Miami,PC 01,State Senate,37,R,Molly Baumgardner,188,142,330
Miami,PC 02,State Senate,37,R,Molly Baumgardner,185,85,270
Miami,PC 03,State Senate,37,R,Molly Baumgardner,222,108,330
Miami,PC 04,State Senate,37,R,Molly Baumgardner,209,156,365
Miami,RICH,State Senate,37,R,Molly Baumgardner,471,186,657
Miami,SMV(3),State Senate,37,R,Molly Baumgardner,5,0,5
Miami,SMV(2),State Senate,37,R,Molly Baumgardner,356,93,449
Miami,SPE Prt2,State Senate,37,R,Molly Baumgardner,39,21,60
Miami,SPW,State Senate,37,R,Molly Baumgardner,60,28,88
Miami,SW,State Senate,37,R,Molly Baumgardner,415,92,507
Miami,SH 01,State Senate,37,R,Molly Baumgardner,359,35,394
Miami,SH 02,State Senate,37,R,Molly Baumgardner,83,30,113
Miami,SH 03,State Senate,37,R,Molly Baumgardner,26,6,32
Miami,STAN 368,State Senate,37,R,Molly Baumgardner,103,78,181
Miami,STAN 367,State Senate,37,R,Molly Baumgardner,69,19,88
Miami,TM,State Senate,37,R,Molly Baumgardner,383,94,477
Miami,WMC 416,State Senate,37,R,Molly Baumgardner,37,17,54
Miami,WMC 368,State Senate,37,R,Molly Baumgardner,133,55,188
Miami,WV(6),State Senate,37,R,Molly Baumgardner,40,43,83
Miami,WV(5),State Senate,37,R,Molly Baumgardner,59,18,77
Miami,EMC(2),State Senate,37,,Write-ins,2,0,2
Miami,EMC(3),State Senate,37,,Write-ins,5,6,11
Miami,LC 01,State Senate,37,,Write-ins,5,1,6
Miami,LC 02,State Senate,37,,Write-ins,3,1,4
Miami,LC 03,State Senate,37,,Write-ins,8,1,9
Miami,LC 04,State Senate,37,,Write-ins,4,0,4
Miami,NMV(2),State Senate,37,,Write-ins,0,0,0
Miami,NMV(3),State Senate,37,,Write-ins,0,2,2
Miami,NPW,State Senate,37,,Write-ins,1,2,3
Miami,NPE Prt1,State Senate,37,,Write-ins,0,0,0
Miami,NPE Prt2,State Senate,37,,Write-ins,0,0,0
Miami,NW,State Senate,37,,Write-ins,7,0,7
Miami,PC 01,State Senate,37,,Write-ins,1,5,6
Miami,PC 02,State Senate,37,,Write-ins,1,2,3
Miami,PC 03,State Senate,37,,Write-ins,1,2,3
Miami,PC 04,State Senate,37,,Write-ins,4,5,9
Miami,RICH,State Senate,37,,Write-ins,2,3,5
Miami,SMV(3),State Senate,37,,Write-ins,0,0,0
Miami,SMV(2),State Senate,37,,Write-ins,2,1,3
Miami,SPE Prt2,State Senate,37,,Write-ins,0,0,0
Miami,SPW,State Senate,37,,Write-ins,1,1,2
Miami,SW,State Senate,37,,Write-ins,8,4,12
Miami,SH 01,State Senate,37,,Write-ins,3,3,6
Miami,SH 02,State Senate,37,,Write-ins,1,0,1
Miami,SH 03,State Senate,37,,Write-ins,0,0,0
Miami,STAN 368,State Senate,37,,Write-ins,0,0,0
Miami,STAN 367,State Senate,37,,Write-ins,0,1,1
Miami,TM,State Senate,37,,Write-ins,8,0,8
Miami,WMC 416,State Senate,37,,Write-ins,1,0,1
Miami,WMC 368,State Senate,37,,Write-ins,1,1,2
Miami,WV(6),State Senate,37,,Write-ins,0,0,0
Miami,WV(5),State Senate,37,,Write-ins,2,0,2
Miami,MND,State House,5,D,Cleon Rickel,63,27,90
Miami,OC 01,State House,5,D,Cleon Rickel,51,27,78
Miami,OC 02,State House,5,D,Cleon Rickel,69,30,99
Miami,OC 03,State House,5,D,Cleon Rickel,87,33,120
Miami,OC 04,State House,5,D,Cleon Rickel,51,12,63
Miami,OSA TWP,State House,5,D,Cleon Rickel,57,29,86
Miami,STAN 368,State House,5,D,Cleon Rickel,32,28,60
Miami,STAN 367,State House,5,D,Cleon Rickel,21,16,37
Miami,WV(5),State House,5,D,Cleon Rickel,27,9,36
Miami,MND,State House,5,R,Kevin Jones,121,34,155
Miami,OC 01,State House,5,R,Kevin Jones,72,20,92
Miami,OC 02,State House,5,R,Kevin Jones,131,41,172
Miami,OC 03,State House,5,R,Kevin Jones,128,44,172
Miami,OC 04,State House,5,R,Kevin Jones,69,17,86
Miami,OSA TWP,State House,5,R,Kevin Jones,135,32,167
Miami,STAN 368,State House,5,R,Kevin Jones,84,65,149
Miami,STAN 367,State House,5,R,Kevin Jones,58,11,69
Miami,WV(5),State House,5,R,Kevin Jones,46,13,59
Miami,MND,State House,5,,Write-ins,0,0,0
Miami,OC 01,State House,5,,Write-ins,0,0,0
Miami,OC 02,State House,5,,Write-ins,0,1,1
Miami,OC 03,State House,5,,Write-ins,0,1,1
Miami,OC 04,State House,5,,Write-ins,0,0,0
Miami,OSA TWP,State House,5,,Write-ins,0,0,0
Miami,STAN 368,State House,5,,Write-ins,0,0,0
Miami,STAN 367,State House,5,,Write-ins,0,0,0
Miami,WV(5),State House,5,,Write-ins,0,0,0
Miami,EMC(2),State House,6,D,Christy Levings,21,5,26
Miami,EMC(3),State House,6,D,Christy Levings,75,22,97
Miami,EV,State House,6,D,Christy Levings,40,19,59
Miami,FC,State House,6,D,Christy Levings,17,2,19
Miami,LC 01,State House,6,D,Christy Levings,83,22,105
Miami,LC 02,State House,6,D,Christy Levings,101,12,113
Miami,LC 03,State House,6,D,Christy Levings,90,18,108
Miami,LC 04,State House,6,D,Christy Levings,90,10,100
Miami,MI,State House,6,D,Christy Levings,47,15,62
Miami,NPW,State House,6,D,Christy Levings,48,18,66
Miami,NPE Prt1,State House,6,D,Christy Levings,2,0,2
Miami,NPE Prt2,State House,6,D,Christy Levings,8,5,13
Miami,NW,State House,6,D,Christy Levings,65,10,75
Miami,OSAGE,State House,6,D,Christy Levings,51,17,68
Miami,PC 01,State House,6,D,Christy Levings,79,77,156
Miami,PC 02,State House,6,D,Christy Levings,87,56,143
Miami,PC 03,State House,6,D,Christy Levings,105,79,184
Miami,PC 04,State House,6,D,Christy Levings,97,86,183
Miami,RICH,State House,6,D,Christy Levings,131,67,198
Miami,SMV(3),State House,6,D,Christy Levings,1,0,1
Miami,SMV(2),State House,6,D,Christy Levings,123,61,184
Miami,SPE Prt2,State House,6,D,Christy Levings,16,14,30
Miami,SPW,State House,6,D,Christy Levings,25,21,46
Miami,SW,State House,6,D,Christy Levings,101,31,132
Miami,SC,State House,6,D,Christy Levings,33,8,41
Miami,TM,State House,6,D,Christy Levings,89,41,130
Miami,WMC 416,State House,6,D,Christy Levings,18,4,22
Miami,WMC 368,State House,6,D,Christy Levings,33,24,57
Miami,WV(6),State House,6,D,Christy Levings,15,23,38
Miami,WV(12) 368,State House,6,D,Christy Levings,9,2,11
Miami,WV(12) 367,State House,6,D,Christy Levings,26,25,51
Miami,EMC(2),State House,6,R,Jene Vickrey,53,13,66
Miami,EMC(3),State House,6,R,Jene Vickrey,195,42,237
Miami,EV,State House,6,R,Jene Vickrey,86,31,117
Miami,FC,State House,6,R,Jene Vickrey,22,5,27
Miami,LC 01,State House,6,R,Jene Vickrey,130,28,158
Miami,LC 02,State House,6,R,Jene Vickrey,199,21,220
Miami,LC 03,State House,6,R,Jene Vickrey,193,29,222
Miami,LC 04,State House,6,R,Jene Vickrey,185,33,218
Miami,MI,State House,6,R,Jene Vickrey,121,30,151
Miami,NPW,State House,6,R,Jene Vickrey,84,35,119
Miami,NPE Prt1,State House,6,R,Jene Vickrey,6,1,7
Miami,NPE Prt2,State House,6,R,Jene Vickrey,47,9,56
Miami,NW,State House,6,R,Jene Vickrey,171,17,188
Miami,OSAGE,State House,6,R,Jene Vickrey,95,9,104
Miami,PC 01,State House,6,R,Jene Vickrey,145,96,241
Miami,PC 02,State House,6,R,Jene Vickrey,124,49,173
Miami,PC 03,State House,6,R,Jene Vickrey,153,63,216
Miami,PC 04,State House,6,R,Jene Vickrey,151,110,261
Miami,RICH,State House,6,R,Jene Vickrey,395,165,560
Miami,SMV(3),State House,6,R,Jene Vickrey,6,0,6
Miami,SMV(2),State House,6,R,Jene Vickrey,272,61,333
Miami,SPE Prt2,State House,6,R,Jene Vickrey,30,12,42
Miami,SPW,State House,6,R,Jene Vickrey,50,15,65
Miami,SW,State House,6,R,Jene Vickrey,381,74,455
Miami,SC,State House,6,R,Jene Vickrey,108,22,130
Miami,TM,State House,6,R,Jene Vickrey,348,75,423
Miami,WMC 416,State House,6,R,Jene Vickrey,28,15,43
Miami,WMC 368,State House,6,R,Jene Vickrey,112,42,154
Miami,WV(6),State House,6,R,Jene Vickrey,30,28,58
Miami,WV(12) 368,State House,6,R,Jene Vickrey,24,10,34
Miami,WV(12) 367,State House,6,R,Jene Vickrey,52,15,67
Miami,EMC(2),State House,6,,Write-ins,0,0,0
Miami,EMC(3),State House,6,,Write-ins,0,0,0
Miami,EV,State House,6,,Write-ins,0,0,0
Miami,FC,State House,6,,Write-ins,0,0,0
Miami,LC 01,State House,6,,Write-ins,1,0,1
Miami,LC 02,State House,6,,Write-ins,0,1,1
Miami,LC 03,State House,6,,Write-ins,0,0,0
Miami,LC 04,State House,6,,Write-ins,0,0,0
Miami,MI,State House,6,,Write-ins,0,0,0
Miami,NPW,State House,6,,Write-ins,0,0,0
Miami,NPE Prt1,State House,6,,Write-ins,0,0,0
Miami,NPE Prt2,State House,6,,Write-ins,0,0,0
Miami,NW,State House,6,,Write-ins,0,0,0
Miami,OSAGE,State House,6,,Write-ins,0,0,0
Miami,PC 01,State House,6,,Write-ins,0,1,1
Miami,PC 02,State House,6,,Write-ins,0,0,0
Miami,PC 03,State House,6,,Write-ins,1,0,1
Miami,PC 04,State House,6,,Write-ins,0,0,0
Miami,RICH,State House,6,,Write-ins,0,0,0
Miami,SMV(3),State House,6,,Write-ins,0,0,0
Miami,SMV(2),State House,6,,Write-ins,0,0,0
Miami,SPE Prt2,State House,6,,Write-ins,0,0,0
Miami,SPW,State House,6,,Write-ins,0,0,0
Miami,SW,State House,6,,Write-ins,0,0,0
Miami,SC,State House,6,,Write-ins,0,0,0
Miami,TM,State House,6,,Write-ins,0,0,0
Miami,WMC 416,State House,6,,Write-ins,0,0,0
Miami,WMC 368,State House,6,,Write-ins,0,0,0
Miami,WV(6),State House,6,,Write-ins,0,0,0
Miami,WV(12) 368,State House,6,,Write-ins,0,0,0
Miami,WV(12) 367,State House,6,,Write-ins,0,0,0
Miami,NMV(2),State House,26,D,Cheron Tiffany,8,6,14
Miami,NMV(3),State House,26,D,Cheron Tiffany,70,29,99
Miami,SH 01,State House,26,D,Cheron Tiffany,93,24,117
Miami,SH 02,State House,26,D,Cheron Tiffany,27,16,43
Miami,SH 03,State House,26,D,Cheron Tiffany,10,2,12
Miami,NMV(2),State House,26,R,Larry Campbell,72,17,89
Miami,NMV(3),State House,26,R,Larry Campbell,172,29,201
Miami,SH 01,State House,26,R,Larry Campbell,298,25,323
Miami,SH 02,State House,26,R,Larry Campbell,64,23,87
Miami,SH 03,State House,26,R,Larry Campbell,21,5,26
Miami,NMV(2),State House,26,,Write-ins,0,0,0
Miami,NMV(3),State House,26,,Write-ins,0,0,0
Miami,SH 01,State House,26,,Write-ins,0,0,0
Miami,SH 02,State House,26,,Write-ins,0,0,0
Miami,SH 03,State House,26,,Write-ins,0,0,0
