county,precinct,office,district,party,candidate,votes,code
Riley,W1P1,Attorney General,,D,A.J. Kotich,260,RI01
Riley,W2P1,Attorney General,,D,A.J. Kotich,234,RI02
Riley,W2P2,Attorney General,,D,A.J. Kotich,108,RI03
Riley,W2P3,Attorney General,,D,A.J. Kotich,338,RI04
Riley,W2P4,Attorney General,,D,A.J. Kotich,152,RI05
Riley,W3P2,Attorney General,,D,A.J. Kotich,110,RI06
Riley,W3P3,Attorney General,,D,A.J. Kotich,204,RI07
Riley,W4P2,Attorney General,,D,A.J. Kotich,94,RI08
Riley,W4P3,Attorney General,,D,A.J. Kotich,251,RI09
Riley,W4P4,Attorney General,,D,A.J. Kotich,370,RI10
Riley,W4P5,Attorney General,,D,A.J. Kotich,181,RI11
Riley,W4P6,Attorney General,,D,A.J. Kotich,61,RI12
Riley,W4P7,Attorney General,,D,A.J. Kotich,2,RI13
Riley,W5P2,Attorney General,,D,A.J. Kotich,273,RI14
Riley,W5P3,Attorney General,,D,A.J. Kotich,234,RI15
Riley,W5P5,Attorney General,,D,A.J. Kotich,100,RI16
Riley,W5P6,Attorney General,,D,A.J. Kotich,206,RI17
Riley,W5P7,Attorney General,,D,A.J. Kotich,94,RI18
Riley,W5P8,Attorney General,,D,A.J. Kotich,132,RI19
Riley,W5P9,Attorney General,,D,A.J. Kotich,347,RI20
Riley,W5P10,Attorney General,,D,A.J. Kotich,334,RI21
Riley,W5P11,Attorney General,,D,A.J. Kotich,334,RI22
Riley,W6P1,Attorney General,,D,A.J. Kotich,0,RI23
Riley,W8P1,Attorney General,,D,A.J. Kotich,59,RI24
Riley,W8P2,Attorney General,,D,A.J. Kotich,1,RI25
Riley,W8P3,Attorney General,,D,A.J. Kotich,64,RI26
Riley,W9P1,Attorney General,,D,A.J. Kotich,28,RI27
Riley,W9P2,Attorney General,,D,A.J. Kotich,50,RI28
Riley,W9P3,Attorney General,,D,A.J. Kotich,11,RI29
Riley,W10P1,Attorney General,,D,A.J. Kotich,17,RI30
Riley,W11P1,Attorney General,,D,A.J. Kotich,47,RI31
Riley,W11P1B,Attorney General,,D,A.J. Kotich,35,RI32
Riley,W11P3,Attorney General,,D,A.J. Kotich,2,RI33
Riley,Ashland,Attorney General,,D,A.J. Kotich,37,RI34
Riley,Bala,Attorney General,,D,A.J. Kotich,38,RI35
Riley,Center,Attorney General,,D,A.J. Kotich,3,RI36
Riley,Fancy Creek,Attorney General,,D,A.J. Kotich,4,RI37
Riley,Grant ,Attorney General,,D,A.J. Kotich,141,RI38
Riley,Jackson,Attorney General,,D,A.J. Kotich,27,RI39
Riley,Madison H64,Attorney General,,D,A.J. Kotich,100,RI40
Riley,Madison H67,Attorney General,,D,A.J. Kotich,1,RI41
Riley,Man twp 1,Attorney General,,D,A.J. Kotich,71,RI42
Riley,Man twp 2,Attorney General,,D,A.J. Kotich,90,RI43
Riley,Man twp 3,Attorney General,,D,A.J. Kotich,21,RI44
Riley,Man twp 4,Attorney General,,D,A.J. Kotich,61,RI45
Riley,May Day,Attorney General,,D,A.J. Kotich,1,RI46
Riley,Ogden,Attorney General,,D,A.J. Kotich,26,RI47
Riley,Ogden/Ft Ril,Attorney General,,D,A.J. Kotich,68,RI48
Riley,Sherman,Attorney General,,D,A.J. Kotich,52,RI49
Riley,Swede Creek,Attorney General,,D,A.J. Kotich,18,RI50
Riley,Wildcat,Attorney General,,D,A.J. Kotich,81,RI51
Riley,Zeandale,Attorney General,,D,A.J. Kotich,48,RI52
Riley,Mad/Ft Ril A,Attorney General,,D,A.J. Kotich,4,RI53
Riley,Mad/Ft Ril B,Attorney General,,D,A.J. Kotich,3,RI54
Riley,,Attorney General,,D,A.J. Kotich,5628,RI99
Riley,W1P1,Attorney General,,R,Derek Schmidt,202,RI01
Riley,W2P1,Attorney General,,R,Derek Schmidt,154,RI02
Riley,W2P2,Attorney General,,R,Derek Schmidt,78,RI03
Riley,W2P3,Attorney General,,R,Derek Schmidt,492,RI04
Riley,W2P4,Attorney General,,R,Derek Schmidt,289,RI05
Riley,W3P2,Attorney General,,R,Derek Schmidt,77,RI06
Riley,W3P3,Attorney General,,R,Derek Schmidt,281,RI07
Riley,W4P2,Attorney General,,R,Derek Schmidt,111,RI08
Riley,W4P3,Attorney General,,R,Derek Schmidt,240,RI09
Riley,W4P4,Attorney General,,R,Derek Schmidt,559,RI10
Riley,W4P5,Attorney General,,R,Derek Schmidt,285,RI11
Riley,W4P6,Attorney General,,R,Derek Schmidt,175,RI12
Riley,W4P7,Attorney General,,R,Derek Schmidt,12,RI13
Riley,W5P2,Attorney General,,R,Derek Schmidt,173,RI14
Riley,W5P3,Attorney General,,R,Derek Schmidt,206,RI15
Riley,W5P5,Attorney General,,R,Derek Schmidt,154,RI16
Riley,W5P6,Attorney General,,R,Derek Schmidt,406,RI17
Riley,W5P7,Attorney General,,R,Derek Schmidt,147,RI18
Riley,W5P8,Attorney General,,R,Derek Schmidt,250,RI19
Riley,W5P9,Attorney General,,R,Derek Schmidt,643,RI20
Riley,W5P10,Attorney General,,R,Derek Schmidt,630,RI21
Riley,W5P11,Attorney General,,R,Derek Schmidt,643,RI22
Riley,W6P1,Attorney General,,R,Derek Schmidt,2,RI23
Riley,W8P1,Attorney General,,R,Derek Schmidt,79,RI24
Riley,W8P2,Attorney General,,R,Derek Schmidt,0,RI25
Riley,W8P3,Attorney General,,R,Derek Schmidt,94,RI26
Riley,W9P1,Attorney General,,R,Derek Schmidt,62,RI27
Riley,W9P2,Attorney General,,R,Derek Schmidt,64,RI28
Riley,W9P3,Attorney General,,R,Derek Schmidt,25,RI29
Riley,W10P1,Attorney General,,R,Derek Schmidt,16,RI30
Riley,W11P1,Attorney General,,R,Derek Schmidt,65,RI31
Riley,W11P1B,Attorney General,,R,Derek Schmidt,64,RI32
Riley,W11P3,Attorney General,,R,Derek Schmidt,19,RI33
Riley,Ashland,Attorney General,,R,Derek Schmidt,58,RI34
Riley,Bala,Attorney General,,R,Derek Schmidt,225,RI35
Riley,Center,Attorney General,,R,Derek Schmidt,37,RI36
Riley,Fancy Creek,Attorney General,,R,Derek Schmidt,52,RI37
Riley,Grant ,Attorney General,,R,Derek Schmidt,378,RI38
Riley,Jackson,Attorney General,,R,Derek Schmidt,98,RI39
Riley,Madison H64,Attorney General,,R,Derek Schmidt,298,RI40
Riley,Madison H67,Attorney General,,R,Derek Schmidt,14,RI41
Riley,Man twp 1,Attorney General,,R,Derek Schmidt,170,RI42
Riley,Man twp 2,Attorney General,,R,Derek Schmidt,167,RI43
Riley,Man twp 3,Attorney General,,R,Derek Schmidt,66,RI44
Riley,Man twp 4,Attorney General,,R,Derek Schmidt,155,RI45
Riley,May Day,Attorney General,,R,Derek Schmidt,34,RI46
Riley,Ogden,Attorney General,,R,Derek Schmidt,130,RI47
Riley,Ogden/Ft Ril,Attorney General,,R,Derek Schmidt,179,RI48
Riley,Sherman,Attorney General,,R,Derek Schmidt,187,RI49
Riley,Swede Creek,Attorney General,,R,Derek Schmidt,39,RI50
Riley,Wildcat,Attorney General,,R,Derek Schmidt,331,RI51
Riley,Zeandale,Attorney General,,R,Derek Schmidt,129,RI52
Riley,Mad/Ft Ril A,Attorney General,,R,Derek Schmidt,4,RI53
Riley,Mad/Ft Ril B,Attorney General,,R,Derek Schmidt,5,RI54
Riley,,Attorney General,,R,Derek Schmidt,9453,RI99
Riley,W1P1,Commissioner of Insurance,,D,Dennis Anderson,279,RI01
Riley,W2P1,Commissioner of Insurance,,D,Dennis Anderson,254,RI02
Riley,W2P2,Commissioner of Insurance,,D,Dennis Anderson,113,RI03
Riley,W2P3,Commissioner of Insurance,,D,Dennis Anderson,373,RI04
Riley,W2P4,Commissioner of Insurance,,D,Dennis Anderson,191,RI05
Riley,W3P2,Commissioner of Insurance,,D,Dennis Anderson,115,RI06
Riley,W3P3,Commissioner of Insurance,,D,Dennis Anderson,227,RI07
Riley,W4P2,Commissioner of Insurance,,D,Dennis Anderson,105,RI08
Riley,W4P3,Commissioner of Insurance,,D,Dennis Anderson,281,RI09
Riley,W4P4,Commissioner of Insurance,,D,Dennis Anderson,404,RI10
Riley,W4P5,Commissioner of Insurance,,D,Dennis Anderson,198,RI11
Riley,W4P6,Commissioner of Insurance,,D,Dennis Anderson,69,RI12
Riley,W4P7,Commissioner of Insurance,,D,Dennis Anderson,3,RI13
Riley,W5P2,Commissioner of Insurance,,D,Dennis Anderson,288,RI14
Riley,W5P3,Commissioner of Insurance,,D,Dennis Anderson,253,RI15
Riley,W5P5,Commissioner of Insurance,,D,Dennis Anderson,115,RI16
Riley,W5P6,Commissioner of Insurance,,D,Dennis Anderson,237,RI17
Riley,W5P7,Commissioner of Insurance,,D,Dennis Anderson,107,RI18
Riley,W5P8,Commissioner of Insurance,,D,Dennis Anderson,156,RI19
Riley,W5P9,Commissioner of Insurance,,D,Dennis Anderson,409,RI20
Riley,W5P10,Commissioner of Insurance,,D,Dennis Anderson,393,RI21
Riley,W5P11,Commissioner of Insurance,,D,Dennis Anderson,399,RI22
Riley,W6P1,Commissioner of Insurance,,D,Dennis Anderson,0,RI23
Riley,W8P1,Commissioner of Insurance,,D,Dennis Anderson,66,RI24
Riley,W8P2,Commissioner of Insurance,,D,Dennis Anderson,0,RI25
Riley,W8P3,Commissioner of Insurance,,D,Dennis Anderson,70,RI26
Riley,W9P1,Commissioner of Insurance,,D,Dennis Anderson,37,RI27
Riley,W9P2,Commissioner of Insurance,,D,Dennis Anderson,56,RI28
Riley,W9P3,Commissioner of Insurance,,D,Dennis Anderson,12,RI29
Riley,W10P1,Commissioner of Insurance,,D,Dennis Anderson,18,RI30
Riley,W11P1,Commissioner of Insurance,,D,Dennis Anderson,45,RI31
Riley,W11P1B,Commissioner of Insurance,,D,Dennis Anderson,38,RI32
Riley,W11P3,Commissioner of Insurance,,D,Dennis Anderson,4,RI33
Riley,Ashland,Commissioner of Insurance,,D,Dennis Anderson,41,RI34
Riley,Bala,Commissioner of Insurance,,D,Dennis Anderson,59,RI35
Riley,Center,Commissioner of Insurance,,D,Dennis Anderson,7,RI36
Riley,Fancy Creek,Commissioner of Insurance,,D,Dennis Anderson,8,RI37
Riley,Grant ,Commissioner of Insurance,,D,Dennis Anderson,167,RI38
Riley,Jackson,Commissioner of Insurance,,D,Dennis Anderson,28,RI39
Riley,Madison H64,Commissioner of Insurance,,D,Dennis Anderson,120,RI40
Riley,Madison H67,Commissioner of Insurance,,D,Dennis Anderson,2,RI41
Riley,Man twp 1,Commissioner of Insurance,,D,Dennis Anderson,67,RI42
Riley,Man twp 2,Commissioner of Insurance,,D,Dennis Anderson,101,RI43
Riley,Man twp 3,Commissioner of Insurance,,D,Dennis Anderson,28,RI44
Riley,Man twp 4,Commissioner of Insurance,,D,Dennis Anderson,72,RI45
Riley,May Day,Commissioner of Insurance,,D,Dennis Anderson,4,RI46
Riley,Ogden,Commissioner of Insurance,,D,Dennis Anderson,33,RI47
Riley,Ogden/Ft Ril,Commissioner of Insurance,,D,Dennis Anderson,84,RI48
Riley,Sherman,Commissioner of Insurance,,D,Dennis Anderson,62,RI49
Riley,Swede Creek,Commissioner of Insurance,,D,Dennis Anderson,21,RI50
Riley,Wildcat,Commissioner of Insurance,,D,Dennis Anderson,93,RI51
Riley,Zeandale,Commissioner of Insurance,,D,Dennis Anderson,53,RI52
Riley,Mad/Ft Ril A,Commissioner of Insurance,,D,Dennis Anderson,4,RI53
Riley,Mad/Ft Ril B,Commissioner of Insurance,,D,Dennis Anderson,3,RI54
Riley,,Commissioner of Insurance,,D,Dennis Anderson,6372,RI99
Riley,W1P1,Commissioner of Insurance,,R,Ken Selzer,181,RI01
Riley,W2P1,Commissioner of Insurance,,R,Ken Selzer,134,RI02
Riley,W2P2,Commissioner of Insurance,,R,Ken Selzer,71,RI03
Riley,W2P3,Commissioner of Insurance,,R,Ken Selzer,449,RI04
Riley,W2P4,Commissioner of Insurance,,R,Ken Selzer,240,RI05
Riley,W3P2,Commissioner of Insurance,,R,Ken Selzer,66,RI06
Riley,W3P3,Commissioner of Insurance,,R,Ken Selzer,252,RI07
Riley,W4P2,Commissioner of Insurance,,R,Ken Selzer,94,RI08
Riley,W4P3,Commissioner of Insurance,,R,Ken Selzer,201,RI09
Riley,W4P4,Commissioner of Insurance,,R,Ken Selzer,506,RI10
Riley,W4P5,Commissioner of Insurance,,R,Ken Selzer,267,RI11
Riley,W4P6,Commissioner of Insurance,,R,Ken Selzer,167,RI12
Riley,W4P7,Commissioner of Insurance,,R,Ken Selzer,10,RI13
Riley,W5P2,Commissioner of Insurance,,R,Ken Selzer,152,RI14
Riley,W5P3,Commissioner of Insurance,,R,Ken Selzer,179,RI15
Riley,W5P5,Commissioner of Insurance,,R,Ken Selzer,132,RI16
Riley,W5P6,Commissioner of Insurance,,R,Ken Selzer,369,RI17
Riley,W5P7,Commissioner of Insurance,,R,Ken Selzer,129,RI18
Riley,W5P8,Commissioner of Insurance,,R,Ken Selzer,221,RI19
Riley,W5P9,Commissioner of Insurance,,R,Ken Selzer,568,RI20
Riley,W5P10,Commissioner of Insurance,,R,Ken Selzer,563,RI21
Riley,W5P11,Commissioner of Insurance,,R,Ken Selzer,563,RI22
Riley,W6P1,Commissioner of Insurance,,R,Ken Selzer,2,RI23
Riley,W8P1,Commissioner of Insurance,,R,Ken Selzer,73,RI24
Riley,W8P2,Commissioner of Insurance,,R,Ken Selzer,1,RI25
Riley,W8P3,Commissioner of Insurance,,R,Ken Selzer,84,RI26
Riley,W9P1,Commissioner of Insurance,,R,Ken Selzer,51,RI27
Riley,W9P2,Commissioner of Insurance,,R,Ken Selzer,55,RI28
Riley,W9P3,Commissioner of Insurance,,R,Ken Selzer,24,RI29
Riley,W10P1,Commissioner of Insurance,,R,Ken Selzer,14,RI30
Riley,W11P1,Commissioner of Insurance,,R,Ken Selzer,65,RI31
Riley,W11P1B,Commissioner of Insurance,,R,Ken Selzer,61,RI32
Riley,W11P3,Commissioner of Insurance,,R,Ken Selzer,16,RI33
Riley,Ashland,Commissioner of Insurance,,R,Ken Selzer,50,RI34
Riley,Bala,Commissioner of Insurance,,R,Ken Selzer,203,RI35
Riley,Center,Commissioner of Insurance,,R,Ken Selzer,30,RI36
Riley,Fancy Creek,Commissioner of Insurance,,R,Ken Selzer,49,RI37
Riley,Grant ,Commissioner of Insurance,,R,Ken Selzer,339,RI38
Riley,Jackson,Commissioner of Insurance,,R,Ken Selzer,97,RI39
Riley,Madison H64,Commissioner of Insurance,,R,Ken Selzer,271,RI40
Riley,Madison H67,Commissioner of Insurance,,R,Ken Selzer,13,RI41
Riley,Man twp 1,Commissioner of Insurance,,R,Ken Selzer,169,RI42
Riley,Man twp 2,Commissioner of Insurance,,R,Ken Selzer,150,RI43
Riley,Man twp 3,Commissioner of Insurance,,R,Ken Selzer,58,RI44
Riley,Man twp 4,Commissioner of Insurance,,R,Ken Selzer,140,RI45
Riley,May Day,Commissioner of Insurance,,R,Ken Selzer,31,RI46
Riley,Ogden,Commissioner of Insurance,,R,Ken Selzer,124,RI47
Riley,Ogden/Ft Ril,Commissioner of Insurance,,R,Ken Selzer,156,RI48
Riley,Sherman,Commissioner of Insurance,,R,Ken Selzer,168,RI49
Riley,Swede Creek,Commissioner of Insurance,,R,Ken Selzer,36,RI50
Riley,Wildcat,Commissioner of Insurance,,R,Ken Selzer,317,RI51
Riley,Zeandale,Commissioner of Insurance,,R,Ken Selzer,121,RI52
Riley,Mad/Ft Ril A,Commissioner of Insurance,,R,Ken Selzer,5,RI53
Riley,Mad/Ft Ril B,Commissioner of Insurance,,R,Ken Selzer,5,RI54
Riley,,Commissioner of Insurance,,R,Ken Selzer,8492,RI99
Riley,W1P1,Governor,,D,Paul Davis,305,RI01
Riley,W2P1,Governor,,D,Paul Davis,292,RI02
Riley,W2P2,Governor,,D,Paul Davis,136,RI03
Riley,W2P3,Governor,,D,Paul Davis,447,RI04
Riley,W2P4,Governor,,D,Paul Davis,245,RI05
Riley,W3P2,Governor,,D,Paul Davis,135,RI06
Riley,W3P3,Governor,,D,Paul Davis,279,RI07
Riley,W4P2,Governor,,D,Paul Davis,116,RI08
Riley,W4P3,Governor,,D,Paul Davis,322,RI09
Riley,W4P4,Governor,,D,Paul Davis,527,RI10
Riley,W4P5,Governor,,D,Paul Davis,260,RI11
Riley,W4P6,Governor,,D,Paul Davis,94,RI12
Riley,W4P7,Governor,,D,Paul Davis,6,RI13
Riley,W5P2,Governor,,D,Paul Davis,327,RI14
Riley,W5P3,Governor,,D,Paul Davis,284,RI15
Riley,W5P5,Governor,,D,Paul Davis,142,RI16
Riley,W5P6,Governor,,D,Paul Davis,311,RI17
Riley,W5P7,Governor,,D,Paul Davis,144,RI18
Riley,W5P8,Governor,,D,Paul Davis,213,RI19
Riley,W5P9,Governor,,D,Paul Davis,547,RI20
Riley,W5P10,Governor,,D,Paul Davis,520,RI21
Riley,W5P11,Governor,,D,Paul Davis,511,RI22
Riley,W6P1,Governor,,D,Paul Davis,0,RI23
Riley,W8P1,Governor,,D,Paul Davis,78,RI24
Riley,W8P2,Governor,,D,Paul Davis,1,RI25
Riley,W8P3,Governor,,D,Paul Davis,89,RI26
Riley,W9P1,Governor,,D,Paul Davis,43,RI27
Riley,W9P2,Governor,,D,Paul Davis,69,RI28
Riley,W9P3,Governor,,D,Paul Davis,19,RI29
Riley,W10P1,Governor,,D,Paul Davis,22,RI30
Riley,W11P1,Governor,,D,Paul Davis,73,RI31
Riley,W11P1B,Governor,,D,Paul Davis,47,RI32
Riley,W11P3,Governor,,D,Paul Davis,8,RI33
Riley,Ashland,Governor,,D,Paul Davis,45,RI34
Riley,Bala,Governor,,D,Paul Davis,77,RI35
Riley,Center,Governor,,D,Paul Davis,7,RI36
Riley,Fancy Creek,Governor,,D,Paul Davis,12,RI37
Riley,Grant ,Governor,,D,Paul Davis,217,RI38
Riley,Jackson,Governor,,D,Paul Davis,49,RI39
Riley,Madison H64,Governor,,D,Paul Davis,179,RI40
Riley,Madison H67,Governor,,D,Paul Davis,2,RI41
Riley,Man twp 1,Governor,,D,Paul Davis,94,RI42
Riley,Man twp 2,Governor,,D,Paul Davis,130,RI43
Riley,Man twp 3,Governor,,D,Paul Davis,33,RI44
Riley,Man twp 4,Governor,,D,Paul Davis,92,RI45
Riley,May Day,Governor,,D,Paul Davis,6,RI46
Riley,Ogden,Governor,,D,Paul Davis,40,RI47
Riley,Ogden/Ft Ril,Governor,,D,Paul Davis,101,RI48
Riley,Sherman,Governor,,D,Paul Davis,81,RI49
Riley,Swede Creek,Governor,,D,Paul Davis,29,RI50
Riley,Wildcat,Governor,,D,Paul Davis,154,RI51
Riley,Zeandale,Governor,,D,Paul Davis,68,RI52
Riley,Mad/Ft Ril A,Governor,,D,Paul Davis,4,RI53
Riley,Mad/Ft Ril B,Governor,,D,Paul Davis,3,RI54
Riley,,Governor,,D,Paul Davis,8035,RI99
Riley,W1P1,Governor,,L,Keen A. Umbehr,20,RI01
Riley,W2P1,Governor,,L,Keen A. Umbehr,24,RI02
Riley,W2P2,Governor,,L,Keen A. Umbehr,11,RI03
Riley,W2P3,Governor,,L,Keen A. Umbehr,66,RI04
Riley,W2P4,Governor,,L,Keen A. Umbehr,32,RI05
Riley,W3P2,Governor,,L,Keen A. Umbehr,10,RI06
Riley,W3P3,Governor,,L,Keen A. Umbehr,15,RI07
Riley,W4P2,Governor,,L,Keen A. Umbehr,8,RI08
Riley,W4P3,Governor,,L,Keen A. Umbehr,13,RI09
Riley,W4P4,Governor,,L,Keen A. Umbehr,31,RI10
Riley,W4P5,Governor,,L,Keen A. Umbehr,21,RI11
Riley,W4P6,Governor,,L,Keen A. Umbehr,16,RI12
Riley,W4P7,Governor,,L,Keen A. Umbehr,1,RI13
Riley,W5P2,Governor,,L,Keen A. Umbehr,11,RI14
Riley,W5P3,Governor,,L,Keen A. Umbehr,17,RI15
Riley,W5P5,Governor,,L,Keen A. Umbehr,17,RI16
Riley,W5P6,Governor,,L,Keen A. Umbehr,29,RI17
Riley,W5P7,Governor,,L,Keen A. Umbehr,10,RI18
Riley,W5P8,Governor,,L,Keen A. Umbehr,11,RI19
Riley,W5P9,Governor,,L,Keen A. Umbehr,17,RI20
Riley,W5P10,Governor,,L,Keen A. Umbehr,18,RI21
Riley,W5P11,Governor,,L,Keen A. Umbehr,38,RI22
Riley,W6P1,Governor,,L,Keen A. Umbehr,0,RI23
Riley,W8P1,Governor,,L,Keen A. Umbehr,9,RI24
Riley,W8P2,Governor,,L,Keen A. Umbehr,0,RI25
Riley,W8P3,Governor,,L,Keen A. Umbehr,12,RI26
Riley,W9P1,Governor,,L,Keen A. Umbehr,2,RI27
Riley,W9P2,Governor,,L,Keen A. Umbehr,2,RI28
Riley,W9P3,Governor,,L,Keen A. Umbehr,2,RI29
Riley,W10P1,Governor,,L,Keen A. Umbehr,0,RI30
Riley,W11P1,Governor,,L,Keen A. Umbehr,5,RI31
Riley,W11P1B,Governor,,L,Keen A. Umbehr,8,RI32
Riley,W11P3,Governor,,L,Keen A. Umbehr,1,RI33
Riley,Ashland,Governor,,L,Keen A. Umbehr,3,RI34
Riley,Bala,Governor,,L,Keen A. Umbehr,13,RI35
Riley,Center,Governor,,L,Keen A. Umbehr,1,RI36
Riley,Fancy Creek,Governor,,L,Keen A. Umbehr,1,RI37
Riley,Grant ,Governor,,L,Keen A. Umbehr,20,RI38
Riley,Jackson,Governor,,L,Keen A. Umbehr,10,RI39
Riley,Madison H64,Governor,,L,Keen A. Umbehr,21,RI40
Riley,Madison H67,Governor,,L,Keen A. Umbehr,2,RI41
Riley,Man twp 1,Governor,,L,Keen A. Umbehr,14,RI42
Riley,Man twp 2,Governor,,L,Keen A. Umbehr,17,RI43
Riley,Man twp 3,Governor,,L,Keen A. Umbehr,6,RI44
Riley,Man twp 4,Governor,,L,Keen A. Umbehr,14,RI45
Riley,May Day,Governor,,L,Keen A. Umbehr,1,RI46
Riley,Ogden,Governor,,L,Keen A. Umbehr,14,RI47
Riley,Ogden/Ft Ril,Governor,,L,Keen A. Umbehr,23,RI48
Riley,Sherman,Governor,,L,Keen A. Umbehr,8,RI49
Riley,Swede Creek,Governor,,L,Keen A. Umbehr,2,RI50
Riley,Wildcat,Governor,,L,Keen A. Umbehr,18,RI51
Riley,Zeandale,Governor,,L,Keen A. Umbehr,7,RI52
Riley,Mad/Ft Ril A,Governor,,L,Keen A. Umbehr,1,RI53
Riley,Mad/Ft Ril B,Governor,,L,Keen A. Umbehr,0,RI54
Riley,,Governor,,L,Keen A. Umbehr,673,RI99
Riley,W1P1,Governor,,R,Sam Brownback,157,RI01
Riley,W2P1,Governor,,R,Sam Brownback,95,RI02
Riley,W2P2,Governor,,R,Sam Brownback,50,RI03
Riley,W2P3,Governor,,R,Sam Brownback,341,RI04
Riley,W2P4,Governor,,R,Sam Brownback,183,RI05
Riley,W3P2,Governor,,R,Sam Brownback,53,RI06
Riley,W3P3,Governor,,R,Sam Brownback,211,RI07
Riley,W4P2,Governor,,R,Sam Brownback,81,RI08
Riley,W4P3,Governor,,R,Sam Brownback,165,RI09
Riley,W4P4,Governor,,R,Sam Brownback,387,RI10
Riley,W4P5,Governor,,R,Sam Brownback,209,RI11
Riley,W4P6,Governor,,R,Sam Brownback,131,RI12
Riley,W4P7,Governor,,R,Sam Brownback,7,RI13
Riley,W5P2,Governor,,R,Sam Brownback,118,RI14
Riley,W5P3,Governor,,R,Sam Brownback,156,RI15
Riley,W5P5,Governor,,R,Sam Brownback,100,RI16
Riley,W5P6,Governor,,R,Sam Brownback,287,RI17
Riley,W5P7,Governor,,R,Sam Brownback,95,RI18
Riley,W5P8,Governor,,R,Sam Brownback,161,RI19
Riley,W5P9,Governor,,R,Sam Brownback,449,RI20
Riley,W5P10,Governor,,R,Sam Brownback,447,RI21
Riley,W5P11,Governor,,R,Sam Brownback,460,RI22
Riley,W6P1,Governor,,R,Sam Brownback,2,RI23
Riley,W8P1,Governor,,R,Sam Brownback,51,RI24
Riley,W8P2,Governor,,R,Sam Brownback,0,RI25
Riley,W8P3,Governor,,R,Sam Brownback,62,RI26
Riley,W9P1,Governor,,R,Sam Brownback,47,RI27
Riley,W9P2,Governor,,R,Sam Brownback,43,RI28
Riley,W9P3,Governor,,R,Sam Brownback,16,RI29
Riley,W10P1,Governor,,R,Sam Brownback,12,RI30
Riley,W11P1,Governor,,R,Sam Brownback,41,RI31
Riley,W11P1B,Governor,,R,Sam Brownback,44,RI32
Riley,W11P3,Governor,,R,Sam Brownback,13,RI33
Riley,Ashland,Governor,,R,Sam Brownback,50,RI34
Riley,Bala,Governor,,R,Sam Brownback,180,RI35
Riley,Center,Governor,,R,Sam Brownback,31,RI36
Riley,Fancy Creek,Governor,,R,Sam Brownback,43,RI37
Riley,Grant ,Governor,,R,Sam Brownback,289,RI38
Riley,Jackson,Governor,,R,Sam Brownback,71,RI39
Riley,Madison H64,Governor,,R,Sam Brownback,209,RI40
Riley,Madison H67,Governor,,R,Sam Brownback,11,RI41
Riley,Man twp 1,Governor,,R,Sam Brownback,135,RI42
Riley,Man twp 2,Governor,,R,Sam Brownback,114,RI43
Riley,Man twp 3,Governor,,R,Sam Brownback,50,RI44
Riley,Man twp 4,Governor,,R,Sam Brownback,115,RI45
Riley,May Day,Governor,,R,Sam Brownback,28,RI46
Riley,Ogden,Governor,,R,Sam Brownback,109,RI47
Riley,Ogden/Ft Ril,Governor,,R,Sam Brownback,128,RI48
Riley,Sherman,Governor,,R,Sam Brownback,155,RI49
Riley,Swede Creek,Governor,,R,Sam Brownback,31,RI50
Riley,Wildcat,Governor,,R,Sam Brownback,247,RI51
Riley,Zeandale,Governor,,R,Sam Brownback,104,RI52
Riley,Mad/Ft Ril A,Governor,,R,Sam Brownback,5,RI53
Riley,Mad/Ft Ril B,Governor,,R,Sam Brownback,5,RI54
Riley,,Governor,,R,Sam Brownback,6784,RI99
Riley,W1P1,State House,66,D,Sydney Carlin,384,RI01
Riley,W2P1,State House,66,D,Sydney Carlin,336,RI02
Riley,W2P2,State House,66,D,Sydney Carlin,165,RI03
Riley,W2P3,State House,66,D,Sydney Carlin,661,RI04
Riley,W2P4,State House,66,D,Sydney Carlin,353,RI05
Riley,W3P2,State House,66,D,Sydney Carlin,160,RI06
Riley,W3P3,State House,66,D,Sydney Carlin,375,RI07
Riley,W4P2,State House,66,D,Sydney Carlin,154,RI08
Riley,W4P3,State House,67,R,Tom Phillips,371,RI09
Riley,W4P4,State House,67,R,Tom Phillips,800,RI10
Riley,W4P5,State House,67,R,Tom Phillips,409,RI11
Riley,W4P6,State House,67,R,Tom Phillips,216,RI12
Riley,W4P7,State House,67,R,Tom Phillips,13,RI13
Riley,W5P2,State House,66,D,Sydney Carlin,376,RI14
Riley,W5P3,State House,66,D,Sydney Carlin,347,RI15
Riley,W5P5,State House,67,R,Tom Phillips,205,RI16
Riley,W5P6,State House,67,R,Tom Phillips,549,RI17
Riley,W5P7,State House,67,R,Tom Phillips,210,RI18
Riley,W5P8,State House,67,R,Tom Phillips,333,RI19
Riley,W5P9,State House,67,R,Tom Phillips,881,RI20
Riley,W5P10,State House,67,R,Tom Phillips,844,RI21
Riley,W5P11,State House,67,R,Tom Phillips,852,RI22
Riley,W6P1,State House,64,R,Susie Swanson,2,RI23
Riley,W8P1,State House,66,D,Sydney Carlin,112,RI24
Riley,W8P2,State House,66,D,Sydney Carlin,1,RI25
Riley,W8P3,State House,66,D,Sydney Carlin,129,RI26
Riley,W9P1,State House,66,D,Sydney Carlin,70,RI27
Riley,W9P2,State House,66,D,Sydney Carlin,85,RI28
Riley,W9P3,State House,67,R,Tom Phillips,31,RI29
Riley,W10P1,State House,67,R,Tom Phillips,26,RI30
Riley,W11P1,State House,67,R,Tom Phillips,92,RI31
Riley,W11P1B,State House,67,R,Tom Phillips,80,RI32
Riley,W11P3,State House,67,R,Tom Phillips,21,RI33
Riley,Ashland,State House,67,R,Tom Phillips,81,RI34
Riley,Bala,State House,64,R,Susie Swanson,227,RI35
Riley,Center,State House,64,R,Susie Swanson,37,RI36
Riley,Fancy Creek,State House,64,R,Susie Swanson,44,RI37
Riley,Grant ,State House,67,R,Tom Phillips,462,RI38
Riley,Jackson,State House,64,R,Susie Swanson,113,RI39
Riley,Madison H64,State House,64,R,Susie Swanson,341,RI40
Riley,Madison H67,State House,67,R,Tom Phillips,15,RI41
Riley,Man twp 1,State House,66,D,Sydney Carlin,149,RI42
Riley,Man twp 2,State House,67,R,Tom Phillips,217,RI43
Riley,Man twp 3,State House,67,R,Tom Phillips,77,RI44
Riley,Man twp 4,State House,66,D,Sydney Carlin,154,RI45
Riley,May Day,State House,64,R,Susie Swanson,33,RI46
Riley,Ogden,State House,64,R,Susie Swanson,143,RI47
Riley,Ogden/Ft Ril,State House,64,R,Susie Swanson,209,RI48
Riley,Sherman,State House,64,R,Susie Swanson,223,RI49
Riley,Swede Creek,State House,64,R,Susie Swanson,56,RI50
Riley,Wildcat,State House,67,R,Tom Phillips,372,RI51
Riley,Zeandale,State House,51,R,Ron Highland,151,RI52
Riley,Mad/Ft Ril A,State House,64,R,Susie Swanson,7,RI53
Riley,Mad/Ft Ril B,State House,64,R,Susie Swanson,7,RI54
Riley,,State House,66,D,Sydney Carlin,4013,RI99
Riley,,State House,51,R,Ron Highland,151,RI99
Riley,,State House,64,R,Susie Swanson,1442,RI99
Riley,,State House,67,R,Tom Phillips,7159,RI99
Riley,W1P1,State House,66,,Write-ins,19,RI01
Riley,W2P1,State House,66,,Write-ins,10,RI02
Riley,W2P2,State House,66,,Write-ins,2,RI03
Riley,W2P3,State House,66,,Write-ins,37,RI04
Riley,W2P4,State House,66,,Write-ins,14,RI05
Riley,W3P2,State House,66,,Write-ins,8,RI06
Riley,W3P3,State House,66,,Write-ins,16,RI07
Riley,W4P2,State House,66,,Write-ins,12,RI08
Riley,W4P3,State House,67,,Write-ins,21,RI09
Riley,W4P4,State House,67,,Write-ins,33,RI10
Riley,W4P5,State House,67,,Write-ins,7,RI11
Riley,W4P6,State House,67,,Write-ins,2,RI12
Riley,W4P7,State House,67,,Write-ins,0,RI13
Riley,W5P2,State House,66,,Write-ins,15,RI14
Riley,W5P3,State House,66,,Write-ins,12,RI15
Riley,W5P5,State House,67,,Write-ins,2,RI16
Riley,W5P6,State House,67,,Write-ins,7,RI17
Riley,W5P7,State House,67,,Write-ins,1,RI18
Riley,W5P8,State House,67,,Write-ins,3,RI19
Riley,W5P9,State House,67,,Write-ins,17,RI20
Riley,W5P10,State House,67,,Write-ins,18,RI21
Riley,W5P11,State House,67,,Write-ins,19,RI22
Riley,W6P1,State House,64,,Write-ins,0,RI23
Riley,W8P1,State House,66,,Write-ins,6,RI24
Riley,W8P2,State House,66,,Write-ins,0,RI25
Riley,W8P3,State House,66,,Write-ins,4,RI26
Riley,W9P1,State House,66,,Write-ins,0,RI27
Riley,W9P2,State House,67,,Write-ins,8,RI28
Riley,W9P3,State House,67,,Write-ins,1,RI29
Riley,W10P1,State House,67,,Write-ins,3,RI30
Riley,W11P1,State House,67,,Write-ins,2,RI31
Riley,W11P1B,State House,67,,Write-ins,4,RI32
Riley,W11P3,State House,67,,Write-ins,0,RI33
Riley,Ashland,State House,67,,Write-ins,2,RI34
Riley,Bala,State House,64,,Write-ins,19,RI35
Riley,Center,State House,64,,Write-ins,0,RI36
Riley,Fancy Creek,State House,64,,Write-ins,7,RI37
Riley,Grant ,State House,67,,Write-ins,4,RI38
Riley,Jackson,State House,64,,Write-ins,5,RI39
Riley,Madison H64,State House,64,,Write-ins,15,RI40
Riley,Madison H67,State House,67,,Write-ins,0,RI41
Riley,Man twp 1,State House,66,,Write-ins,66,RI42
Riley,Man twp 2,State House,67,,Write-ins,7,RI43
Riley,Man twp 3,State House,67,,Write-ins,1,RI44
Riley,Man twp 4,State House,66,,Write-ins,7,RI45
Riley,May Day,State House,64,,Write-ins,1,RI46
Riley,Ogden,State House,64,,Write-ins,8,RI47
Riley,Ogden/Ft Ril A,State House,64,,Write-ins,7,RI48
Riley,Sherman,State House,64,,Write-ins,6,RI49
Riley,Swede Creek,State House,64,,Write-ins,0,RI50
Riley,Wildcat,State House,67,,Write-ins,7,RI51
Riley,Zeandale,State House,51,,Write-ins,3,RI52
Riley,Mad/Ft Ril A,State House,64,,Write-ins,0,RI53
Riley,Mad/Ft Ril B,State House,64,,Write-ins,0,RI54
Riley,,State House,51,,Write-ins,3,RI99
Riley,,State House,64,,Write-ins,68,RI99
Riley,,State House,66,,Write-ins,230,RI99
Riley,,State House,67,,Write-ins,167,RI99
Riley,W1P1,Secretary of State,,D,Jean Kurtis Schodorf,181,RI01
Riley,W2P1,Secretary of State,,D,Jean Kurtis Schodorf,133,RI02
Riley,W2P2,Secretary of State,,D,Jean Kurtis Schodorf,65,RI03
Riley,W2P3,Secretary of State,,D,Jean Kurtis Schodorf,438,RI04
Riley,W2P4,Secretary of State,,D,Jean Kurtis Schodorf,239,RI05
Riley,W3P2,Secretary of State,,D,Jean Kurtis Schodorf,74,RI06
Riley,W3P3,Secretary of State,,D,Jean Kurtis Schodorf,250,RI07
Riley,W4P2,Secretary of State,,D,Jean Kurtis Schodorf,89,RI08
Riley,W4P3,Secretary of State,,D,Jean Kurtis Schodorf,186,RI09
Riley,W4P4,Secretary of State,,D,Jean Kurtis Schodorf,492,RI10
Riley,W4P5,Secretary of State,,D,Jean Kurtis Schodorf,252,RI11
Riley,W4P6,Secretary of State,,D,Jean Kurtis Schodorf,156,RI12
Riley,W4P7,Secretary of State,,D,Jean Kurtis Schodorf,8,RI13
Riley,W5P2,Secretary of State,,D,Jean Kurtis Schodorf,143,RI14
Riley,W5P3,Secretary of State,,D,Jean Kurtis Schodorf,188,RI15
Riley,W5P5,Secretary of State,,D,Jean Kurtis Schodorf,124,RI16
Riley,W5P6,Secretary of State,,D,Jean Kurtis Schodorf,352,RI17
Riley,W5P7,Secretary of State,,D,Jean Kurtis Schodorf,121,RI18
Riley,W5P8,Secretary of State,,D,Jean Kurtis Schodorf,210,RI19
Riley,W5P9,Secretary of State,,D,Jean Kurtis Schodorf,510,RI20
Riley,W5P10,Secretary of State,,D,Jean Kurtis Schodorf,535,RI21
Riley,W5P11,Secretary of State,,D,Jean Kurtis Schodorf,550,RI22
Riley,W6P1,Secretary of State,,D,Jean Kurtis Schodorf,2,RI23
Riley,W8P1,Secretary of State,,D,Jean Kurtis Schodorf,76,RI24
Riley,W8P2,Secretary of State,,D,Jean Kurtis Schodorf,0,RI25
Riley,W8P3,Secretary of State,,D,Jean Kurtis Schodorf,86,RI26
Riley,W9P1,Secretary of State,,D,Jean Kurtis Schodorf,50,RI27
Riley,W9P2,Secretary of State,,D,Jean Kurtis Schodorf,46,RI28
Riley,W9P3,Secretary of State,,D,Jean Kurtis Schodorf,22,RI29
Riley,W10P1,Secretary of State,,D,Jean Kurtis Schodorf,14,RI30
Riley,W11P1,Secretary of State,,D,Jean Kurtis Schodorf,50,RI31
Riley,W11P1B,Secretary of State,,D,Jean Kurtis Schodorf,59,RI32
Riley,W11P3,Secretary of State,,D,Jean Kurtis Schodorf,16,RI33
Riley,Ashland,Secretary of State,,D,Jean Kurtis Schodorf,56,RI34
Riley,Bala,Secretary of State,,D,Jean Kurtis Schodorf,212,RI35
Riley,Center,Secretary of State,,D,Jean Kurtis Schodorf,37,RI36
Riley,Fancy Creek,Secretary of State,,D,Jean Kurtis Schodorf,50,RI37
Riley,Grant ,Secretary of State,,D,Jean Kurtis Schodorf,339,RI38
Riley,Jackson,Secretary of State,,D,Jean Kurtis Schodorf,90,RI39
Riley,Madison H64,Secretary of State,,D,Jean Kurtis Schodorf,269,RI40
Riley,Madison H67,Secretary of State,,D,Jean Kurtis Schodorf,14,RI41
Riley,Man twp 1,Secretary of State,,D,Jean Kurtis Schodorf,160,RI42
Riley,Man twp 2,Secretary of State,,D,Jean Kurtis Schodorf,141,RI43
Riley,Man twp 3,Secretary of State,,D,Jean Kurtis Schodorf,61,RI44
Riley,Man twp 4,Secretary of State,,D,Jean Kurtis Schodorf,147,RI45
Riley,May Day,Secretary of State,,D,Jean Kurtis Schodorf,33,RI46
Riley,Ogden,Secretary of State,,D,Jean Kurtis Schodorf,123,RI47
Riley,Ogden/Ft Ril,Secretary of State,,D,Jean Kurtis Schodorf,162,RI48
Riley,Sherman,Secretary of State,,D,Jean Kurtis Schodorf,177,RI49
Riley,Swede Creek,Secretary of State,,D,Jean Kurtis Schodorf,41,RI50
Riley,Wildcat,Secretary of State,,D,Jean Kurtis Schodorf,302,RI51
Riley,Zeandale,Secretary of State,,D,Jean Kurtis Schodorf,124,RI52
Riley,Mad/Ft Ril A,Secretary of State,,D,Jean Kurtis Schodorf,6,RI53
Riley,Mad/Ft Ril B,Secretary of State,,D,Jean Kurtis Schodorf,5,RI54
Riley,,Secretary of State,,D,Jean Kurtis Schodorf,8266,RI99
Riley,W1P1,Secretary of State,,R,Kris Kobach,290,RI01
Riley,W2P1,Secretary of State,,R,Kris Kobach,269,RI02
Riley,W2P2,Secretary of State,,R,Kris Kobach,125,RI03
Riley,W2P3,Secretary of State,,R,Kris Kobach,399,RI04
Riley,W2P4,Secretary of State,,R,Kris Kobach,206,RI05
Riley,W3P2,Secretary of State,,R,Kris Kobach,120,RI06
Riley,W3P3,Secretary of State,,R,Kris Kobach,247,RI07
Riley,W4P2,Secretary of State,,R,Kris Kobach,115,RI08
Riley,W4P3,Secretary of State,,R,Kris Kobach,309,RI09
Riley,W4P4,Secretary of State,,R,Kris Kobach,444,RI10
Riley,W4P5,Secretary of State,,R,Kris Kobach,224,RI11
Riley,W4P6,Secretary of State,,R,Kris Kobach,82,RI12
Riley,W4P7,Secretary of State,,R,Kris Kobach,5,RI13
Riley,W5P2,Secretary of State,,R,Kris Kobach,304,RI14
Riley,W5P3,Secretary of State,,R,Kris Kobach,260,RI15
Riley,W5P5,Secretary of State,,R,Kris Kobach,129,RI16
Riley,W5P6,Secretary of State,,R,Kris Kobach,267,RI17
Riley,W5P7,Secretary of State,,R,Kris Kobach,123,RI18
Riley,W5P8,Secretary of State,,R,Kris Kobach,177,RI19
Riley,W5P9,Secretary of State,,R,Kris Kobach,492,RI20
Riley,W5P10,Secretary of State,,R,Kris Kobach,436,RI21
Riley,W5P11,Secretary of State,,R,Kris Kobach,436,RI22
Riley,W6P1,Secretary of State,,R,Kris Kobach,0,RI23
Riley,W8P1,Secretary of State,,R,Kris Kobach,62,RI24
Riley,W8P2,Secretary of State,,R,Kris Kobach,1,RI25
Riley,W8P3,Secretary of State,,R,Kris Kobach,75,RI26
Riley,W9P1,Secretary of State,,R,Kris Kobach,39,RI27
Riley,W9P2,Secretary of State,,R,Kris Kobach,69,RI28
Riley,W9P3,Secretary of State,,R,Kris Kobach,13,RI29
Riley,W10P1,Secretary of State,,R,Kris Kobach,19,RI30
Riley,W11P1,Secretary of State,,R,Kris Kobach,63,RI31
Riley,W11P1B,Secretary of State,,R,Kris Kobach,41,RI32
Riley,W11P3,Secretary of State,,R,Kris Kobach,5,RI33
Riley,Ashland,Secretary of State,,R,Kris Kobach,42,RI34
Riley,Bala,Secretary of State,,R,Kris Kobach,51,RI35
Riley,Center,Secretary of State,,R,Kris Kobach,3,RI36
Riley,Fancy Creek,Secretary of State,,R,Kris Kobach,7,RI37
Riley,Grant ,Secretary of State,,R,Kris Kobach,181,RI38
Riley,Jackson,Secretary of State,,R,Kris Kobach,36,RI39
Riley,Madison H64,Secretary of State,,R,Kris Kobach,127,RI40
Riley,Madison H67,Secretary of State,,R,Kris Kobach,1,RI41
Riley,Man twp 1,Secretary of State,,R,Kris Kobach,81,RI42
Riley,Man twp 2,Secretary of State,,R,Kris Kobach,118,RI43
Riley,Man twp 3,Secretary of State,,R,Kris Kobach,28,RI44
Riley,Man twp 4,Secretary of State,,R,Kris Kobach,72,RI45
Riley,May Day,Secretary of State,,R,Kris Kobach,2,RI46
Riley,Ogden,Secretary of State,,R,Kris Kobach,36,RI47
Riley,Ogden/Ft Ril,Secretary of State,,R,Kris Kobach,85,RI48
Riley,Sherman,Secretary of State,,R,Kris Kobach,65,RI49
Riley,Swede Creek,Secretary of State,,R,Kris Kobach,19,RI50
Riley,Wildcat,Secretary of State,,R,Kris Kobach,116,RI51
Riley,Zeandale,Secretary of State,,R,Kris Kobach,56,RI52
Riley,Mad/Ft Ril A,Secretary of State,,R,Kris Kobach,4,RI53
Riley,Mad/Ft Ril B,Secretary of State,,R,Kris Kobach,3,RI54
Riley,,Secretary of State,,R,Kris Kobach,6979,RI99
Riley,W1P1,State Treasurer,,D,Carmen Alldritt,256,RI01
Riley,W2P1,State Treasurer,,D,Carmen Alldritt,232,RI02
Riley,W2P2,State Treasurer,,D,Carmen Alldritt,106,RI03
Riley,W2P3,State Treasurer,,D,Carmen Alldritt,338,RI04
Riley,W2P4,State Treasurer,,D,Carmen Alldritt,164,RI05
Riley,W3P2,State Treasurer,,D,Carmen Alldritt,112,RI06
Riley,W3P3,State Treasurer,,D,Carmen Alldritt,200,RI07
Riley,W4P2,State Treasurer,,D,Carmen Alldritt,89,RI08
Riley,W4P3,State Treasurer,,D,Carmen Alldritt,251,RI09
Riley,W4P4,State Treasurer,,D,Carmen Alldritt,377,RI10
Riley,W4P5,State Treasurer,,D,Carmen Alldritt,177,RI11
Riley,W4P6,State Treasurer,,D,Carmen Alldritt,59,RI12
Riley,W4P7,State Treasurer,,D,Carmen Alldritt,2,RI13
Riley,W5P2,State Treasurer,,D,Carmen Alldritt,262,RI14
Riley,W5P3,State Treasurer,,D,Carmen Alldritt,223,RI15
Riley,W5P5,State Treasurer,,D,Carmen Alldritt,93,RI16
Riley,W5P6,State Treasurer,,D,Carmen Alldritt,210,RI17
Riley,W5P7,State Treasurer,,D,Carmen Alldritt,94,RI18
Riley,W5P8,State Treasurer,,D,Carmen Alldritt,133,RI19
Riley,W5P9,State Treasurer,,D,Carmen Alldritt,341,RI20
Riley,W5P10,State Treasurer,,D,Carmen Alldritt,332,RI21
Riley,W5P11,State Treasurer,,D,Carmen Alldritt,335,RI22
Riley,W6P1,State Treasurer,,D,Carmen Alldritt,0,RI23
Riley,W8P1,State Treasurer,,D,Carmen Alldritt,62,RI24
Riley,W8P2,State Treasurer,,D,Carmen Alldritt,0,RI25
Riley,W8P3,State Treasurer,,D,Carmen Alldritt,64,RI26
Riley,W9P1,State Treasurer,,D,Carmen Alldritt,31,RI27
Riley,W9P2,State Treasurer,,D,Carmen Alldritt,45,RI28
Riley,W9P3,State Treasurer,,D,Carmen Alldritt,10,RI29
Riley,W10P1,State Treasurer,,D,Carmen Alldritt,16,RI30
Riley,W11P1,State Treasurer,,D,Carmen Alldritt,49,RI31
Riley,W11P1B,State Treasurer,,D,Carmen Alldritt,36,RI32
Riley,W11P3,State Treasurer,,D,Carmen Alldritt,3,RI33
Riley,Ashland,State Treasurer,,D,Carmen Alldritt,33,RI34
Riley,Bala,State Treasurer,,D,Carmen Alldritt,48,RI35
Riley,Center,State Treasurer,,D,Carmen Alldritt,2,RI36
Riley,Fancy Creek,State Treasurer,,D,Carmen Alldritt,5,RI37
Riley,Grant ,State Treasurer,,D,Carmen Alldritt,142,RI38
Riley,Jackson,State Treasurer,,D,Carmen Alldritt,23,RI39
Riley,Madison H64,State Treasurer,,D,Carmen Alldritt,99,RI40
Riley,Madison H67,State Treasurer,,D,Carmen Alldritt,3,RI41
Riley,Man twp 1,State Treasurer,,D,Carmen Alldritt,54,RI42
Riley,Man twp 2,State Treasurer,,D,Carmen Alldritt,83,RI43
Riley,Man twp 3,State Treasurer,,D,Carmen Alldritt,27,RI44
Riley,Man twp 4,State Treasurer,,D,Carmen Alldritt,62,RI45
Riley,May Day,State Treasurer,,D,Carmen Alldritt,1,RI46
Riley,Ogden,State Treasurer,,D,Carmen Alldritt,26,RI47
Riley,Ogden/Ft Ril,State Treasurer,,D,Carmen Alldritt,69,RI48
Riley,Sherman,State Treasurer,,D,Carmen Alldritt,48,RI49
Riley,Swede Creek,State Treasurer,,D,Carmen Alldritt,17,RI50
Riley,Wildcat,State Treasurer,,D,Carmen Alldritt,71,RI51
Riley,Zeandale,State Treasurer,,D,Carmen Alldritt,41,RI52
Riley,Mad/Ft Ril A,State Treasurer,,D,Carmen Alldritt,4,RI53
Riley,Mad/Ft Ril B,State Treasurer,,D,Carmen Alldritt,3,RI54
Riley,,State Treasurer,,D,Carmen Alldritt,5563,RI99
Riley,W1P1,State Treasurer,,R,Ron Estes,204,RI01
Riley,W2P1,State Treasurer,,R,Ron Estes,158,RI02
Riley,W2P2,State Treasurer,,R,Ron Estes,80,RI03
Riley,W2P3,State Treasurer,,R,Ron Estes,492,RI04
Riley,W2P4,State Treasurer,,R,Ron Estes,274,RI05
Riley,W3P2,State Treasurer,,R,Ron Estes,71,RI06
Riley,W3P3,State Treasurer,,R,Ron Estes,285,RI07
Riley,W4P2,State Treasurer,,R,Ron Estes,110,RI08
Riley,W4P3,State Treasurer,,R,Ron Estes,233,RI09
Riley,W4P4,State Treasurer,,R,Ron Estes,543,RI10
Riley,W4P5,State Treasurer,,R,Ron Estes,288,RI11
Riley,W4P6,State Treasurer,,R,Ron Estes,177,RI12
Riley,W4P7,State Treasurer,,R,Ron Estes,11,RI13
Riley,W5P2,State Treasurer,,R,Ron Estes,177,RI14
Riley,W5P3,State Treasurer,,R,Ron Estes,210,RI15
Riley,W5P5,State Treasurer,,R,Ron Estes,156,RI16
Riley,W5P6,State Treasurer,,R,Ron Estes,401,RI17
Riley,W5P7,State Treasurer,,R,Ron Estes,149,RI18
Riley,W5P8,State Treasurer,,R,Ron Estes,250,RI19
Riley,W5P9,State Treasurer,,R,Ron Estes,639,RI20
Riley,W5P10,State Treasurer,,R,Ron Estes,626,RI21
Riley,W5P11,State Treasurer,,R,Ron Estes,640,RI22
Riley,W6P1,State Treasurer,,R,Ron Estes,2,RI23
Riley,W8P1,State Treasurer,,R,Ron Estes,77,RI24
Riley,W8P2,State Treasurer,,R,Ron Estes,1,RI25
Riley,W8P3,State Treasurer,,R,Ron Estes,92,RI26
Riley,W9P1,State Treasurer,,R,Ron Estes,59,RI27
Riley,W9P2,State Treasurer,,R,Ron Estes,67,RI28
Riley,W9P3,State Treasurer,,R,Ron Estes,27,RI29
Riley,W10P1,State Treasurer,,R,Ron Estes,17,RI30
Riley,W11P1,State Treasurer,,R,Ron Estes,61,RI31
Riley,W11P1B,State Treasurer,,R,Ron Estes,63,RI32
Riley,W11P3,State Treasurer,,R,Ron Estes,18,RI33
Riley,Ashland,State Treasurer,,R,Ron Estes,62,RI34
Riley,Bala,State Treasurer,,R,Ron Estes,215,RI35
Riley,Center,State Treasurer,,R,Ron Estes,36,RI36
Riley,Fancy Creek,State Treasurer,,R,Ron Estes,51,RI37
Riley,Grant ,State Treasurer,,R,Ron Estes,368,RI38
Riley,Jackson,State Treasurer,,R,Ron Estes,104,RI39
Riley,Madison H64,State Treasurer,,R,Ron Estes,297,RI40
Riley,Madison H67,State Treasurer,,R,Ron Estes,12,RI41
Riley,Man twp 1,State Treasurer,,R,Ron Estes,181,RI42
Riley,Man twp 2,State Treasurer,,R,Ron Estes,172,RI43
Riley,Man twp 3,State Treasurer,,R,Ron Estes,60,RI44
Riley,Man twp 4,State Treasurer,,R,Ron Estes,155,RI45
Riley,May Day,State Treasurer,,R,Ron Estes,33,RI46
Riley,Ogden,State Treasurer,,R,Ron Estes,134,RI47
Riley,Ogden/Ft Ril,State Treasurer,,R,Ron Estes,173,RI48
Riley,Sherman,State Treasurer,,R,Ron Estes,189,RI49
Riley,Swede Creek,State Treasurer,,R,Ron Estes,40,RI50
Riley,Wildcat,State Treasurer,,R,Ron Estes,340,RI51
Riley,Zeandale,State Treasurer,,R,Ron Estes,137,RI52
Riley,Mad/Ft Ril A,State Treasurer,,R,Ron Estes,5,RI53
Riley,Mad/Ft Ril B,State Treasurer,,R,Ron Estes,5,RI54
Riley,,State Treasurer,,R,Ron Estes,9427,RI99
Riley,W1P1,U.S. House,1,D,James E. Sherow,148,RI01
Riley,W2P1,U.S. House,1,D,James E. Sherow,114,RI02
Riley,W2P2,U.S. House,1,D,James E. Sherow,56,RI03
Riley,W2P3,U.S. House,1,D,James E. Sherow,365,RI04
Riley,W2P4,U.S. House,1,D,James E. Sherow,193,RI05
Riley,W3P2,U.S. House,1,D,James E. Sherow,70,RI06
Riley,W3P3,U.S. House,1,D,James E. Sherow,215,RI07
Riley,W4P2,U.S. House,1,D,James E. Sherow,84,RI08
Riley,W4P3,U.S. House,1,D,James E. Sherow,171,RI09
Riley,W4P4,U.S. House,1,D,James E. Sherow,412,RI10
Riley,W4P5,U.S. House,1,D,James E. Sherow,231,RI11
Riley,W4P6,U.S. House,1,D,James E. Sherow,142,RI12
Riley,W4P7,U.S. House,1,D,James E. Sherow,8,RI13
Riley,W5P2,U.S. House,1,D,James E. Sherow,133,RI14
Riley,W5P3,U.S. House,1,D,James E. Sherow,162,RI15
Riley,W5P5,U.S. House,1,D,James E. Sherow,111,RI16
Riley,W5P6,U.S. House,1,D,James E. Sherow,310,RI17
Riley,W5P7,U.S. House,1,D,James E. Sherow,101,RI18
Riley,W5P8,U.S. House,1,D,James E. Sherow,171,RI19
Riley,W5P9,U.S. House,1,D,James E. Sherow,442,RI20
Riley,W5P10,U.S. House,1,D,James E. Sherow,437,RI21
Riley,W5P11,U.S. House,1,D,James E. Sherow,476,RI22
Riley,W6P1,U.S. House,1,D,James E. Sherow,2,RI23
Riley,W8P1,U.S. House,1,D,James E. Sherow,64,RI24
Riley,W8P2,U.S. House,1,D,James E. Sherow,0,RI25
Riley,W8P3,U.S. House,1,D,James E. Sherow,75,RI26
Riley,W9P1,U.S. House,1,D,James E. Sherow,43,RI27
Riley,W9P2,U.S. House,1,D,James E. Sherow,41,RI28
Riley,W9P3,U.S. House,1,D,James E. Sherow,17,RI29
Riley,W10P1,U.S. House,1,D,James E. Sherow,14,RI30
Riley,W11P1,U.S. House,1,D,James E. Sherow,51,RI31
Riley,W11P1B,U.S. House,1,D,James E. Sherow,52,RI32
Riley,W11P3,U.S. House,1,D,James E. Sherow,11,RI33
Riley,Ashland,U.S. House,1,D,James E. Sherow,47,RI34
Riley,Bala,U.S. House,1,D,James E. Sherow,191,RI35
Riley,Center,U.S. House,1,D,James E. Sherow,32,RI36
Riley,Fancy Creek,U.S. House,1,D,James E. Sherow,46,RI37
Riley,Grant ,U.S. House,1,D,James E. Sherow,304,RI38
Riley,Jackson,U.S. House,1,D,James E. Sherow,82,RI39
Riley,Madison H64,U.S. House,1,D,James E. Sherow,239,RI40
Riley,Madison H67,U.S. House,1,D,James E. Sherow,12,RI41
Riley,Man twp 1,U.S. House,1,D,James E. Sherow,149,RI42
Riley,Man twp 2,U.S. House,1,D,James E. Sherow,121,RI43
Riley,Man twp 3,U.S. House,1,D,James E. Sherow,51,RI44
Riley,Man twp 4,U.S. House,1,D,James E. Sherow,125,RI45
Riley,May Day,U.S. House,1,D,James E. Sherow,29,RI46
Riley,Ogden,U.S. House,1,D,James E. Sherow,115,RI47
Riley,Ogden/Ft Ril,U.S. House,1,D,James E. Sherow,149,RI48
Riley,Sherman,U.S. House,1,D,James E. Sherow,160,RI49
Riley,Swede Creek,U.S. House,1,D,James E. Sherow,32,RI50
Riley,Wildcat,U.S. House,1,D,James E. Sherow,261,RI51
Riley,Zeandale,U.S. House,1,D,James E. Sherow,109,RI52
Riley,Mad/Ft Ril A,U.S. House,1,D,James E. Sherow,6,RI53
Riley,Mad/Ft Ril B,U.S. House,1,D,James E. Sherow,5,RI54
Riley,,U.S. House,1,D,James E. Sherow,7187,RI99
Riley,W1P1,U.S. House,1,R,Tim Huelskamp,324,RI01
Riley,W2P1,U.S. House,1,R,Tim Huelskamp,289,RI02
Riley,W2P2,U.S. House,1,R,Tim Huelskamp,137,RI03
Riley,W2P3,U.S. House,1,R,Tim Huelskamp,476,RI04
Riley,W2P4,U.S. House,1,R,Tim Huelskamp,261,RI05
Riley,W3P2,U.S. House,1,R,Tim Huelskamp,124,RI06
Riley,W3P3,U.S. House,1,R,Tim Huelskamp,287,RI07
Riley,W4P2,U.S. House,1,R,Tim Huelskamp,121,RI08
Riley,W4P3,U.S. House,1,R,Tim Huelskamp,323,RI09
Riley,W4P4,U.S. House,1,R,Tim Huelskamp,528,RI10
Riley,W4P5,U.S. House,1,R,Tim Huelskamp,257,RI11
Riley,W4P6,U.S. House,1,R,Tim Huelskamp,98,RI12
Riley,W4P7,U.S. House,1,R,Tim Huelskamp,5,RI13
Riley,W5P2,U.S. House,1,R,Tim Huelskamp,317,RI14
Riley,W5P3,U.S. House,1,R,Tim Huelskamp,289,RI15
Riley,W5P5,U.S. House,1,R,Tim Huelskamp,145,RI16
Riley,W5P6,U.S. House,1,R,Tim Huelskamp,312,RI17
Riley,W5P7,U.S. House,1,R,Tim Huelskamp,148,RI18
Riley,W5P8,U.S. House,1,R,Tim Huelskamp,212,RI19
Riley,W5P9,U.S. House,1,R,Tim Huelskamp,564,RI20
Riley,W5P10,U.S. House,1,R,Tim Huelskamp,533,RI21
Riley,W5P11,U.S. House,1,R,Tim Huelskamp,521,RI22
Riley,W6P1,U.S. House,1,R,Tim Huelskamp,0,RI23
Riley,W8P1,U.S. House,1,R,Tim Huelskamp,74,RI24
Riley,W8P2,U.S. House,1,R,Tim Huelskamp,1,RI25
Riley,W8P3,U.S. House,1,R,Tim Huelskamp,88,RI26
Riley,W9P1,U.S. House,1,R,Tim Huelskamp,47,RI27
Riley,W9P2,U.S. House,1,R,Tim Huelskamp,75,RI28
Riley,W9P3,U.S. House,1,R,Tim Huelskamp,20,RI29
Riley,W10P1,U.S. House,1,R,Tim Huelskamp,20,RI30
Riley,W11P1,U.S. House,1,R,Tim Huelskamp,65,RI31
Riley,W11P1B,U.S. House,1,R,Tim Huelskamp,48,RI32
Riley,W11P3,U.S. House,1,R,Tim Huelskamp,11,RI33
Riley,Ashland,U.S. House,1,R,Tim Huelskamp,51,RI34
Riley,Bala,U.S. House,1,R,Tim Huelskamp,74,RI35
Riley,Center,U.S. House,1,R,Tim Huelskamp,7,RI36
Riley,Fancy Creek,U.S. House,1,R,Tim Huelskamp,10,RI37
Riley,Grant ,U.S. House,1,R,Tim Huelskamp,218,RI38
Riley,Jackson,U.S. House,1,R,Tim Huelskamp,45,RI39
Riley,Madison H64,U.S. House,1,R,Tim Huelskamp,162,RI40
Riley,Madison H67,U.S. House,1,R,Tim Huelskamp,3,RI41
Riley,Man twp 1,U.S. House,1,R,Tim Huelskamp,92,RI42
Riley,Man twp 2,U.S. House,1,R,Tim Huelskamp,138,RI43
Riley,Man twp 3,U.S. House,1,R,Tim Huelskamp,38,RI44
Riley,Man twp 4,U.S. House,1,R,Tim Huelskamp,91,RI45
Riley,May Day,U.S. House,1,R,Tim Huelskamp,6,RI46
Riley,Ogden,U.S. House,1,R,Tim Huelskamp,45,RI47
Riley,Ogden/Ft Ril,U.S. House,1,R,Tim Huelskamp,98,RI48
Riley,Sherman,U.S. House,1,R,Tim Huelskamp,82,RI49
Riley,Swede Creek,U.S. House,1,R,Tim Huelskamp,27,RI50
Riley,Wildcat,U.S. House,1,R,Tim Huelskamp,155,RI51
Riley,Zeandale,U.S. House,1,R,Tim Huelskamp,69,RI52
Riley,Mad/Ft Ril A,U.S. House,1,R,Tim Huelskamp,4,RI53
Riley,Mad/Ft Ril B,U.S. House,1,R,Tim Huelskamp,3,RI54
Riley,,U.S. House,1,R,Tim Huelskamp,8138,RI99
Riley,W1P1,U.S. Senate,,I,Greg Orman,295,RI01
Riley,W2P1,U.S. Senate,,I,Greg Orman,279,RI02
Riley,W2P2,U.S. Senate,,I,Greg Orman,131,RI03
Riley,W2P3,U.S. Senate,,I,Greg Orman,412,RI04
Riley,W2P4,U.S. Senate,,I,Greg Orman,216,RI05
Riley,W3P2,U.S. Senate,,I,Greg Orman,133,RI06
Riley,W3P3,U.S. Senate,,I,Greg Orman,246,RI07
Riley,W4P2,U.S. Senate,,I,Greg Orman,107,RI08
Riley,W4P3,U.S. Senate,,I,Greg Orman,310,RI09
Riley,W4P4,U.S. Senate,,I,Greg Orman,463,RI10
Riley,W4P5,U.S. Senate,,I,Greg Orman,228,RI11
Riley,W4P6,U.S. Senate,,I,Greg Orman,86,RI12
Riley,W4P7,U.S. Senate,,I,Greg Orman,4,RI13
Riley,W5P2,U.S. Senate,,I,Greg Orman,306,RI14
Riley,W5P3,U.S. Senate,,I,Greg Orman,265,RI15
Riley,W5P5,U.S. Senate,,I,Greg Orman,129,RI16
Riley,W5P6,U.S. Senate,,I,Greg Orman,273,RI17
Riley,W5P7,U.S. Senate,,I,Greg Orman,127,RI18
Riley,W5P8,U.S. Senate,,I,Greg Orman,176,RI19
Riley,W5P9,U.S. Senate,,I,Greg Orman,488,RI20
Riley,W5P10,U.S. Senate,,I,Greg Orman,428,RI21
Riley,W5P11,U.S. Senate,,I,Greg Orman,432,RI22
Riley,W6P1,U.S. Senate,,I,Greg Orman,0,RI23
Riley,W8P1,U.S. Senate,,I,Greg Orman,74,RI24
Riley,W8P2,U.S. Senate,,I,Greg Orman,1,RI25
Riley,W8P3,U.S. Senate,,I,Greg Orman,85,RI26
Riley,W9P1,U.S. Senate,,I,Greg Orman,42,RI27
Riley,W9P2,U.S. Senate,,I,Greg Orman,64,RI28
Riley,W9P3,U.S. Senate,,I,Greg Orman,15,RI29
Riley,W10P1,U.S. Senate,,I,Greg Orman,17,RI30
Riley,W11P1,U.S. Senate,,I,Greg Orman,63,RI31
Riley,W11P1B,U.S. Senate,,I,Greg Orman,42,RI32
Riley,W11P3,U.S. Senate,,I,Greg Orman,3,RI33
Riley,Ashland,U.S. Senate,,I,Greg Orman,46,RI34
Riley,Bala,U.S. Senate,,I,Greg Orman,64,RI35
Riley,Center,U.S. Senate,,I,Greg Orman,8,RI36
Riley,Fancy Creek,U.S. Senate,,I,Greg Orman,7,RI37
Riley,Grant ,U.S. Senate,,I,Greg Orman,187,RI38
Riley,Jackson,U.S. Senate,,I,Greg Orman,43,RI39
Riley,Madison H64,U.S. Senate,,I,Greg Orman,150,RI40
Riley,Madison H67,U.S. Senate,,I,Greg Orman,1,RI41
Riley,Man twp 1,U.S. Senate,,I,Greg Orman,79,RI42
Riley,Man twp 2,U.S. Senate,,I,Greg Orman,118,RI43
Riley,Man twp 3,U.S. Senate,,I,Greg Orman,35,RI44
Riley,Man twp 4,U.S. Senate,,I,Greg Orman,81,RI45
Riley,May Day,U.S. Senate,,I,Greg Orman,3,RI46
Riley,Ogden,U.S. Senate,,I,Greg Orman,36,RI47
Riley,Ogden/Ft Ril,U.S. Senate,,I,Greg Orman,95,RI48
Riley,Sherman,U.S. Senate,,I,Greg Orman,70,RI49
Riley,Swede Creek,U.S. Senate,,I,Greg Orman,25,RI50
Riley,Wildcat,U.S. Senate,,I,Greg Orman,120,RI51
Riley,Zeandale,U.S. Senate,,I,Greg Orman,64,RI52
Riley,Mad/Ft Ril A,U.S. Senate,,I,Greg Orman,5,RI53
Riley,Mad/Ft Ril B,U.S. Senate,,I,Greg Orman,5,RI54
Riley,,U.S. Senate,,I,Greg Orman,7182,RI99
Riley,W1P1,U.S. Senate,,L,Randall Batson,19,RI01
Riley,W2P1,U.S. Senate,,L,Randall Batson,13,RI02
Riley,W2P2,U.S. Senate,,L,Randall Batson,9,RI03
Riley,W2P3,U.S. Senate,,L,Randall Batson,52,RI04
Riley,W2P4,U.S. Senate,,L,Randall Batson,26,RI05
Riley,W3P2,U.S. Senate,,L,Randall Batson,6,RI06
Riley,W3P3,U.S. Senate,,L,Randall Batson,13,RI07
Riley,W4P2,U.S. Senate,,L,Randall Batson,5,RI08
Riley,W4P3,U.S. Senate,,L,Randall Batson,14,RI09
Riley,W4P4,U.S. Senate,,L,Randall Batson,21,RI10
Riley,W4P5,U.S. Senate,,L,Randall Batson,26,RI11
Riley,W4P6,U.S. Senate,,L,Randall Batson,2,RI12
Riley,W4P7,U.S. Senate,,L,Randall Batson,1,RI13
Riley,W5P2,U.S. Senate,,L,Randall Batson,10,RI14
Riley,W5P3,U.S. Senate,,L,Randall Batson,14,RI15
Riley,W5P5,U.S. Senate,,L,Randall Batson,10,RI16
Riley,W5P6,U.S. Senate,,L,Randall Batson,23,RI17
Riley,W5P7,U.S. Senate,,L,Randall Batson,4,RI18
Riley,W5P8,U.S. Senate,,L,Randall Batson,7,RI19
Riley,W5P9,U.S. Senate,,L,Randall Batson,5,RI20
Riley,W5P10,U.S. Senate,,L,Randall Batson,20,RI21
Riley,W5P11,U.S. Senate,,L,Randall Batson,26,RI22
Riley,W6P1,U.S. Senate,,L,Randall Batson,0,RI23
Riley,W8P1,U.S. Senate,,L,Randall Batson,5,RI24
Riley,W8P2,U.S. Senate,,L,Randall Batson,0,RI25
Riley,W8P3,U.S. Senate,,L,Randall Batson,7,RI26
Riley,W9P1,U.S. Senate,,L,Randall Batson,0,RI27
Riley,W9P2,U.S. Senate,,L,Randall Batson,2,RI28
Riley,W9P3,U.S. Senate,,L,Randall Batson,1,RI29
Riley,W10P1,U.S. Senate,,L,Randall Batson,0,RI30
Riley,W11P1,U.S. Senate,,L,Randall Batson,4,RI31
Riley,W11P1B,U.S. Senate,,L,Randall Batson,7,RI32
Riley,W11P3,U.S. Senate,,L,Randall Batson,2,RI33
Riley,Ashland,U.S. Senate,,L,Randall Batson,4,RI34
Riley,Bala,U.S. Senate,,L,Randall Batson,13,RI35
Riley,Center,U.S. Senate,,L,Randall Batson,0,RI36
Riley,Fancy Creek,U.S. Senate,,L,Randall Batson,1,RI37
Riley,Grant ,U.S. Senate,,L,Randall Batson,15,RI38
Riley,Jackson,U.S. Senate,,L,Randall Batson,6,RI39
Riley,Madison H64,U.S. Senate,,L,Randall Batson,14,RI40
Riley,Madison H67,U.S. Senate,,L,Randall Batson,0,RI41
Riley,Man twp 1,U.S. Senate,,L,Randall Batson,5,RI42
Riley,Man twp 2,U.S. Senate,,L,Randall Batson,17,RI43
Riley,Man twp 3,U.S. Senate,,L,Randall Batson,3,RI44
Riley,Man twp 4,U.S. Senate,,L,Randall Batson,9,RI45
Riley,May Day,U.S. Senate,,L,Randall Batson,1,RI46
Riley,Ogden,U.S. Senate,,L,Randall Batson,4,RI47
Riley,Ogden/Ft Ril,U.S. Senate,,L,Randall Batson,20,RI48
Riley,Sherman,U.S. Senate,,L,Randall Batson,5,RI49
Riley,Swede Creek,U.S. Senate,,L,Randall Batson,1,RI50
Riley,Wildcat,U.S. Senate,,L,Randall Batson,8,RI51
Riley,Zeandale,U.S. Senate,,L,Randall Batson,7,RI52
Riley,Mad/Ft Ril A,U.S. Senate,,L,Randall Batson,1,RI53
Riley,Mad/Ft Ril B,U.S. Senate,,L,Randall Batson,0,RI54
Riley,,U.S. Senate,,L,Randall Batson,488,RI99
Riley,W1P1,U.S. Senate,,R,Pat Roberts,162,RI01
Riley,W2P1,U.S. Senate,,R,Pat Roberts,116,RI02
Riley,W2P2,U.S. Senate,,R,Pat Roberts,52,RI03
Riley,W2P3,U.S. Senate,,R,Pat Roberts,385,RI04
Riley,W2P4,U.S. Senate,,R,Pat Roberts,213,RI05
Riley,W3P2,U.S. Senate,,R,Pat Roberts,60,RI06
Riley,W3P3,U.S. Senate,,R,Pat Roberts,245,RI07
Riley,W4P2,U.S. Senate,,R,Pat Roberts,89,RI08
Riley,W4P3,U.S. Senate,,R,Pat Roberts,177,RI09
Riley,W4P4,U.S. Senate,,R,Pat Roberts,463,RI10
Riley,W4P5,U.S. Senate,,R,Pat Roberts,234,RI11
Riley,W4P6,U.S. Senate,,R,Pat Roberts,154,RI12
Riley,W4P7,U.S. Senate,,R,Pat Roberts,9,RI13
Riley,W5P2,U.S. Senate,,R,Pat Roberts,137,RI14
Riley,W5P3,U.S. Senate,,R,Pat Roberts,179,RI15
Riley,W5P5,U.S. Senate,,R,Pat Roberts,120,RI16
Riley,W5P6,U.S. Senate,,R,Pat Roberts,331,RI17
Riley,W5P7,U.S. Senate,,R,Pat Roberts,117,RI18
Riley,W5P8,U.S. Senate,,R,Pat Roberts,202,RI19
Riley,W5P9,U.S. Senate,,R,Pat Roberts,524,RI20
Riley,W5P10,U.S. Senate,,R,Pat Roberts,535,RI21
Riley,W5P11,U.S. Senate,,R,Pat Roberts,548,RI22
Riley,W6P1,U.S. Senate,,R,Pat Roberts,2,RI23
Riley,W8P1,U.S. Senate,,R,Pat Roberts,60,RI24
Riley,W8P2,U.S. Senate,,R,Pat Roberts,0,RI25
Riley,W8P3,U.S. Senate,,R,Pat Roberts,69,RI26
Riley,W9P1,U.S. Senate,,R,Pat Roberts,49,RI27
Riley,W9P2,U.S. Senate,,R,Pat Roberts,50,RI28
Riley,W9P3,U.S. Senate,,R,Pat Roberts,20,RI29
Riley,W10P1,U.S. Senate,,R,Pat Roberts,16,RI30
Riley,W11P1,U.S. Senate,,R,Pat Roberts,50,RI31
Riley,W11P1B,U.S. Senate,,R,Pat Roberts,50,RI32
Riley,W11P3,U.S. Senate,,R,Pat Roberts,17,RI33
Riley,Ashland,U.S. Senate,,R,Pat Roberts,47,RI34
Riley,Bala,U.S. Senate,,R,Pat Roberts,188,RI35
Riley,Center,U.S. Senate,,R,Pat Roberts,31,RI36
Riley,Fancy Creek,U.S. Senate,,R,Pat Roberts,49,RI37
Riley,Grant ,U.S. Senate,,R,Pat Roberts,325,RI38
Riley,Jackson,U.S. Senate,,R,Pat Roberts,80,RI39
Riley,Madison H64,U.S. Senate,,R,Pat Roberts,242,RI40
Riley,Madison H67,U.S. Senate,,R,Pat Roberts,14,RI41
Riley,Man twp 1,U.S. Senate,,R,Pat Roberts,158,RI42
Riley,Man twp 2,U.S. Senate,,R,Pat Roberts,123,RI43
Riley,Man twp 3,U.S. Senate,,R,Pat Roberts,52,RI44
Riley,Man twp 4,U.S. Senate,,R,Pat Roberts,131,RI45
Riley,May Day,U.S. Senate,,R,Pat Roberts,31,RI46
Riley,Ogden,U.S. Senate,,R,Pat Roberts,123,RI47
Riley,Ogden/Ft Ril,U.S. Senate,,R,Pat Roberts,137,RI48
Riley,Sherman,U.S. Senate,,R,Pat Roberts,169,RI49
Riley,Swede Creek,U.S. Senate,,R,Pat Roberts,36,RI50
Riley,Wildcat,U.S. Senate,,R,Pat Roberts,292,RI51
Riley,Zeandale,U.S. Senate,,R,Pat Roberts,108,RI52
Riley,Mad/Ft Ril A,U.S. Senate,,R,Pat Roberts,5,RI53
Riley,Mad/Ft Ril B,U.S. Senate,,R,Pat Roberts,3,RI54
Riley,,U.S. Senate,,R,Pat Roberts,7779,RI99
Riley,W1P1,Voters,,,Registered,1234,RI01
Riley,W2P1,Voters,,,Registered,1346,RI02
Riley,W2P2,Voters,,,Registered,524,RI03
Riley,W2P3,Voters,,,Registered,1862,RI04
Riley,W2P4,Voters,,,Registered,1112,RI05
Riley,W3P2,Voters,,,Registered,906,RI06
Riley,W3P3,Voters,,,Registered,1603,RI07
Riley,W4P2,Voters,,,Registered,334,RI08
Riley,W4P3,Voters,,,Registered,961,RI09
Riley,W4P4,Voters,,,Registered,1648,RI10
Riley,W4P5,Voters,,,Registered,992,RI11
Riley,W4P6,Voters,,,Registered,431,RI12
Riley,W4P7,Voters,,,Registered,52,RI13
Riley,W5P2,Voters,,,Registered,1210,RI14
Riley,W5P3,Voters,,,Registered,1388,RI15
Riley,W5P5,Voters,,,Registered,634,RI16
Riley,W5P6,Voters,,,Registered,1066,RI17
Riley,W5P7,Voters,,,Registered,472,RI18
Riley,W5P8,Voters,,,Registered,672,RI19
Riley,W5P9,Voters,,,Registered,1656,RI20
Riley,W5P10,Voters,,,Registered,1658,RI21
Riley,W5P11,Voters,,,Registered,1958,RI22
Riley,W6P1,Voters,,,Registered,49,RI23
Riley,W8P1,Voters,,,Registered,438,RI24
Riley,W8P2,Voters,,,Registered,8,RI25
Riley,W8P3,Voters,,,Registered,640,RI26
Riley,W9P1,Voters,,,Registered,165,RI27
Riley,W9P2,Voters,,,Registered,149,RI28
Riley,W9P3,Voters,,,Registered,67,RI29
Riley,W10P1,Voters,,,Registered,65,RI30
Riley,W11P1,Voters,,,Registered,449,RI31
Riley,W11P1B,Voters,,,Registered,259,RI32
Riley,W11P3,Voters,,,Registered,50,RI33
Riley,Ashland,Voters,,,Registered,117,RI34
Riley,Bala,Voters,,,Registered,445,RI35
Riley,Center,Voters,,,Registered,54,RI36
Riley,Fancy Creek,Voters,,,Registered,73,RI37
Riley,Grant ,Voters,,,Registered,731,RI38
Riley,Jackson,Voters,,,Registered,221,RI39
Riley,Madison H64,Voters,,,Registered,718,RI40
Riley,Madison H67,Voters,,,Registered,24,RI41
Riley,Man twp 1,Voters,,,Registered,417,RI42
Riley,Man twp 2,Voters,,,Registered,395,RI43
Riley,Man twp 3,Voters,,,Registered,150,RI44
Riley,Man twp 4,Voters,,,Registered,530,RI45
Riley,May Day,Voters,,,Registered,53,RI46
Riley,Ogden,Voters,,,Registered,292,RI47
Riley,Ogden/Ft Ril A,Voters,,,Registered,929,RI48
Riley,Sherman,Voters,,,Registered,421,RI49
Riley,Swede Creek,Voters,,,Registered,93,RI50
Riley,Wildcat,Voters,,,Registered,636,RI51
Riley,Zeandale,Voters,,,Registered,274,RI52
Riley,Mad/Ft Ril A,Voters,,,Registered,602,RI53
Riley,Mad/Ft Ril B,Voters,,,Registered,340,RI54
Riley,,Voters,,,Registered,33573,RI99
Riley,W1P1,Voters,,,Cast,482,RI01
Riley,W2P1,Voters,,,Cast,404,RI02
Riley,W2P2,Voters,,,Cast,193,RI03
Riley,W2P3,Voters,,,Cast,856,RI04
Riley,W2P4,Voters,,,Cast,461,RI05
Riley,W3P2,Voters,,,Cast,198,RI06
Riley,W3P3,Voters,,,Cast,507,RI07
Riley,W4P2,Voters,,,Cast,207,RI08
Riley,W4P3,Voters,,,Cast,499,RI09
Riley,W4P4,Voters,,,Cast,955,RI10
Riley,W4P5,Voters,,,Cast,492,RI11
Riley,W4P6,Voters,,,Cast,243,RI12
Riley,W4P7,Voters,,,Cast,14,RI13
Riley,W5P2,Voters,,,Cast,454,RI14
Riley,W5P3,Voters,,,Cast,452,RI15
Riley,W5P5,Voters,,,Cast,255,RI16
Riley,W5P6,Voters,,,Cast,629,RI17
Riley,W5P7,Voters,,,Cast,247,RI18
Riley,W5P8,Voters,,,Cast,389,RI19
Riley,W5P9,Voters,,,Cast,1018,RI20
Riley,W5P10,Voters,,,Cast,981,RI21
Riley,W5P11,Voters,,,Cast,1008,RI22
Riley,W6P1,Voters,,,Cast,2,RI23
Riley,W8P1,Voters,,,Cast,139,RI24
Riley,W8P2,Voters,,,Cast,1,RI25
Riley,W8P3,Voters,,,Cast,163,RI26
Riley,W9P1,Voters,,,Cast,92,RI27
Riley,W9P2,Voters,,,Cast,116,RI28
Riley,W9P3,Voters,,,Cast,37,RI29
Riley,W10P1,Voters,,,Cast,34,RI30
Riley,W11P1,Voters,,,Cast,119,RI31
Riley,W11P1B,Voters,,,Cast,100,RI32
Riley,W11P3,Voters,,,Cast,22,RI33
Riley,Ashland,Voters,,,Cast,99,RI34
Riley,Bala,Voters,,,Cast,270,RI35
Riley,Center,Voters,,,Cast,40,RI36
Riley,Fancy Creek,Voters,,,Cast,57,RI37
Riley,Grant ,Voters,,,Cast,524,RI38
Riley,Jackson,Voters,,,Cast,129,RI39
Riley,Madison H64,Voters,,,Cast,406,RI40
Riley,Madison H67,Voters,,,Cast,15,RI41
Riley,Man twp 1,Voters,,,Cast,242,RI42
Riley,Man twp 2,Voters,,,Cast,263,RI43
Riley,Man twp 3,Voters,,,Cast,91,RI44
Riley,Man twp 4,Voters,,,Cast,223,RI45
Riley,May Day,Voters,,,Cast,35,RI46
Riley,Ogden,Voters,,,Cast,163,RI47
Riley,Ogden/Ft Ril A,Voters,,,Cast,252,RI48
Riley,Sherman,Voters,,,Cast,245,RI49
Riley,Swede Creek,Voters,,,Cast,62,RI50
Riley,Wildcat,Voters,,,Cast,421,RI51
Riley,Zeandale,Voters,,,Cast,181,RI52
Riley,Mad/Ft Ril A,Voters,,,Cast,11,RI53
Riley,Mad/Ft Ril B,Voters,,,Cast,8,RI54
Riley,,Voters,,,Cast,15506,RI99
Riley,W1P1,U.S. Senate,,,Write-ins,2,RI01
Riley,W1P1,U.S. House,1,,Write-ins,1,RI01
Riley,W1P1,Governor,,,Write-ins,2,RI01
Riley,W1P1,Secretary of State,,,Write-ins,2,RI01
Riley,W1P1,Attorney General,,,Write-ins,1,RI01
Riley,W1P1,State Treasurer,,,Write-ins,2,RI01
Riley,W1P1,Insurance Commissioner,,,Write-ins,1,RI01
Riley,W2P1,U.S. Senate,,,Write-ins,1,RI02
Riley,W2P1,U.S. House,1,,Write-ins,1,RI02
Riley,W2P1,Governor,,,Write-ins,1,RI02
Riley,W2P1,Secretary of State,,,Write-ins,0,RI02
Riley,W2P1,Attorney General,,,Write-ins,4,RI02
Riley,W2P1,State Treasurer,,,Write-ins,1,RI02
Riley,W2P1,Insurance Commissioner,,,Write-ins,1,RI02
Riley,W2P3,U.S. Senate,,,Write-ins,2,RI03
Riley,W2P3,U.S. House,1,,Write-ins,3,RI03
Riley,W2P3,Governor,,,Write-ins,1,RI03
Riley,W2P3,Secretary of State,,,Write-ins,2,RI03
Riley,W2P3,Attorney General,,,Write-ins,1,RI03
Riley,W2P3,State Treasurer,,,Write-ins,0,RI03
Riley,W2P3,Insurance Commissioner,,,Write-ins,0,RI03
Riley,W2P4,U.S. Senate,,,Write-ins,2,RI05
Riley,W2P4,U.S. House,1,,Write-ins,1,RI05
Riley,W2P4,Governor,,,Write-ins,0,RI05
Riley,W2P4,Secretary of State,,,Write-ins,1,RI05
Riley,W2P4,Attorney General,,,Write-ins,1,RI05
Riley,W2P4,State Treasurer,,,Write-ins,1,RI05
Riley,W2P4,Insurance Commissioner,,,Write-ins,0,RI05
Riley,W3P2,U.S. Senate,,,Write-ins,0,RI06
Riley,W3P2,U.S. House,1,,Write-ins,0,RI06
Riley,W3P2,Governor,,,Write-ins,1,RI06
Riley,W3P2,Secretary of State,,,Write-ins,0,RI06
Riley,W3P2,Attorney General,,,Write-ins,0,RI06
Riley,W3P2,State Treasurer,,,Write-ins,2,RI06
Riley,W3P2,Insurance Commissioner,,,Write-ins,1,RI06
Riley,W3P3,U.S. Senate,,,Write-ins,2,RI07
Riley,W3P3,U.S. House,1,,Write-ins,1,RI07
Riley,W3P3,Governor,,,Write-ins,0,RI07
Riley,W3P3,Secretary of State,,,Write-ins,1,RI07
Riley,W3P3,Attorney General,,,Write-ins,3,RI07
Riley,W3P3,State Treasurer,,,Write-ins,2,RI07
Riley,W3P3,Insurance Commissioner,,,Write-ins,2,RI07
Riley,W4P2,U.S. Senate,,,Write-ins,1,RI08
Riley,W4P2,U.S. House,1,,Write-ins,0,RI08
Riley,W4P2,Governor,,,Write-ins,0,RI08
Riley,W4P2,Secretary of State,,,Write-ins,0,RI08
Riley,W4P2,Attorney General,,,Write-ins,0,RI08
Riley,W4P2,State Treasurer,,,Write-ins,0,RI08
Riley,W4P2,Insurance Commissioner,,,Write-ins,0,RI08
Riley,W4P3,U.S. Senate,,,Write-ins,1,RI09
Riley,W4P3,U.S. House,1,,Write-ins,1,RI09
Riley,W4P3,Governor,,,Write-ins,2,RI09
Riley,W4P3,Secretary of State,,,Write-ins,1,RI09
Riley,W4P3,Attorney General,,,Write-ins,1,RI09
Riley,W4P3,State Treasurer,,,Write-ins,0,RI09
Riley,W4P3,Insurance Commissioner,,,Write-ins,1,RI09
Riley,W4P4,U.S. Senate,,,Write-ins,5,RI10
Riley,W4P4,U.S. House,1,,Write-ins,4,RI10
Riley,W4P4,Governor,,,Write-ins,5,RI10
Riley,W4P4,Secretary of State,,,Write-ins,3,RI10
Riley,W4P4,Attorney General,,,Write-ins,4,RI10
Riley,W4P4,State Treasurer,,,Write-ins,3,RI10
Riley,W4P4,Insurance Commissioner,,,Write-ins,2,RI10
Riley,W4P5,U.S. Senate,,,Write-ins,1,RI11
Riley,W4P5,U.S. House,1,,Write-ins,0,RI11
Riley,W4P5,Governor,,,Write-ins,0,RI11
Riley,W4P5,Secretary of State,,,Write-ins,0,RI11
Riley,W4P5,Attorney General,,,Write-ins,1,RI11
Riley,W4P5,State Treasurer,,,Write-ins,0,RI11
Riley,W4P5,Insurance Commissioner,,,Write-ins,0,RI11
Riley,W5P2,U.S. Senate,,,Write-ins,1,RI14
Riley,W5P2,U.S. House,1,,Write-ins,2,RI14
Riley,W5P2,Governor,,,Write-ins,0,RI14
Riley,W5P2,Secretary of State,,,Write-ins,0,RI14
Riley,W5P2,Attorney General,,,Write-ins,0,RI14
Riley,W5P2,State Treasurer,,,Write-ins,0,RI14
Riley,W5P2,Insurance Commissioner,,,Write-ins,0,RI14
Riley,W5P3,U.S. Senate,,,Write-ins,0,RI15
Riley,W5P3,U.S. House,1,,Write-ins,1,RI15
Riley,W5P3,Governor,,,Write-ins,1,RI15
Riley,W5P3,Secretary of State,,,Write-ins,0,RI15
Riley,W5P3,Attorney General,,,Write-ins,0,RI15
Riley,W5P3,State Treasurer,,,Write-ins,0,RI15
Riley,W5P3,Insurance Commissioner,,,Write-ins,0,RI15
Riley,W5P6,U.S. Senate,,,Write-ins,1,RI17
Riley,W5P6,U.S. House,1,,Write-ins,1,RI17
Riley,W5P6,Governor,,,Write-ins,0,RI17
Riley,W5P6,Secretary of State,,,Write-ins,0,RI17
Riley,W5P6,Attorney General,,,Write-ins,0,RI17
Riley,W5P6,State Treasurer,,,Write-ins,0,RI17
Riley,W5P6,Insurance Commissioner,,,Write-ins,0,RI17
Riley,W5P7,U.S. Senate,,,Write-ins,0,RI18
Riley,W5P7,U.S. House,1,,Write-ins,0,RI18
Riley,W5P7,Governor,,,Write-ins,0,RI18
Riley,W5P7,Secretary of State,,,Write-ins,0,RI18
Riley,W5P7,Attorney General,,,Write-ins,1,RI18
Riley,W5P7,State Treasurer,,,Write-ins,1,RI18
Riley,W5P7,Insurance Commissioner,,,Write-ins,1,RI18
Riley,W5P8,U.S. Senate,,,Write-ins,1,RI19
Riley,W5P8,U.S. House,1,,Write-ins,1,RI19
Riley,W5P8,Governor,,,Write-ins,0,RI19
Riley,W5P8,Secretary of State,,,Write-ins,0,RI19
Riley,W5P8,Attorney General,,,Write-ins,1,RI19
Riley,W5P8,State Treasurer,,,Write-ins,0,RI19
Riley,W5P8,Insurance Commissioner,,,Write-ins,0,RI19
Riley,W5P9,U.S. Senate,,,Write-ins,0,RI20
Riley,W5P9,U.S. House,1,,Write-ins,2,RI20
Riley,W5P9,Governor,,,Write-ins,0,RI20
Riley,W5P9,Secretary of State,,,Write-ins,1,RI20
Riley,W5P9,Attorney General,,,Write-ins,1,RI20
Riley,W5P9,State Treasurer,,,Write-ins,1,RI20
Riley,W5P9,Insurance Commissioner,,,Write-ins,2,RI20
Riley,W5P10,U.S. Senate,,,Write-ins,0,RI21
Riley,W5P10,U.S. House,1,,Write-ins,2,RI21
Riley,W5P10,Governor,,,Write-ins,1,RI21
Riley,W5P10,Secretary of State,,,Write-ins,0,RI21
Riley,W5P10,Attorney General,,,Write-ins,0,RI21
Riley,W5P10,State Treasurer,,,Write-ins,1,RI21
Riley,W5P10,Insurance Commissioner,,,Write-ins,0,RI21
Riley,W5P11,U.S. Senate,,,Write-ins,1,RI22
Riley,W5P11,U.S. House,1,,Write-ins,2,RI22
Riley,W5P11,Governor,,,Write-ins,1,RI22
Riley,W5P11,Secretary of State,,,Write-ins,0,RI22
Riley,W5P11,Attorney General,,,Write-ins,0,RI22
Riley,W5P11,State Treasurer,,,Write-ins,0,RI22
Riley,W5P11,Insurance Commissioner,,,Write-ins,0,RI22
Riley,W8P3,U.S. Senate,,,Write-ins,1,RI26
Riley,W8P3,U.S. House,1,,Write-ins,0,RI26
Riley,W8P3,Governor,,,Write-ins,0,RI26
Riley,W8P3,Secretary of State,,,Write-ins,0,RI26
Riley,W8P3,Attorney General,,,Write-ins,0,RI26
Riley,W8P3,State Treasurer,,,Write-ins,0,RI26
Riley,W8P3,Insurance Commissioner,,,Write-ins,0,RI26
Riley,W9P2,U.S. Senate,,,Write-ins,0,RI28
Riley,W9P2,U.S. House,1,,Write-ins,0,RI28
Riley,W9P2,Governor,,,Write-ins,2,RI28
Riley,W9P2,Secretary of State,,,Write-ins,0,RI28
Riley,W9P2,Attorney General,,,Write-ins,0,RI28
Riley,W9P2,State Treasurer,,,Write-ins,0,RI28
Riley,W9P2,Insurance Commissioner,,,Write-ins,0,RI28
Riley,W9P3,U.S. Senate,,,Write-ins,1,RI29
Riley,W9P3,U.S. House,1,,Write-ins,0,RI29
Riley,W9P3,Governor,,,Write-ins,0,RI29
Riley,W9P3,Secretary of State,,,Write-ins,0,RI29
Riley,W9P3,Attorney General,,,Write-ins,0,RI29
Riley,W9P3,State Treasurer,,,Write-ins,0,RI29
Riley,W9P3,Insurance Commissioner,,,Write-ins,0,RI29
Riley,W11P1,U.S. Senate,,,Write-ins,0,RI31
Riley,W11P1,U.S. House,1,,Write-ins,0,RI31
Riley,W11P1,Governor,,,Write-ins,0,RI31
Riley,W11P1,Secretary of State,,,Write-ins,0,RI31
Riley,W11P1,Attorney General,,,Write-ins,1,RI31
Riley,W11P1,State Treasurer,,,Write-ins,0,RI31
Riley,W11P1,Insurance Commissioner,,,Write-ins,0,RI31
Riley,Bala,U.S. Senate,,,Write-ins,0,RI35
Riley,Bala,U.S. House,1,,Write-ins,1,RI35
Riley,Bala,Governor,,,Write-ins,0,RI35
Riley,Bala,Secretary of State,,,Write-ins,0,RI35
Riley,Bala,Attorney General,,,Write-ins,0,RI35
Riley,Bala,State Treasurer,,,Write-ins,0,RI35
Riley,Bala,Insurance Commissioner,,,Write-ins,0,RI35
Riley,Center,U.S. Senate,,,Write-ins,1,RI36
Riley,Man twp 3,State Treasurer,,,Write-ins,1,RI44
Riley,Grant ,U.S. Senate,,,Write-ins,1,RI38
Riley,Man twp 3,Attorney General,,,Write-ins,1,RI44
Riley,Madison H64,U.S. Senate,,,Write-ins,1,RI40
Riley,Man twp 3,Secretary of State,,,Write-ins,1,RI44
Riley,Man twp 1,U.S. Senate,,,Write-ins,1,RI42
Riley,Man twp 2,U.S. House,1,,Write-ins,1,RI43
Riley,Man twp 3,U.S. House,1,,Write-ins,1,RI44
Riley,Man twp 3,Insurance Commissioner,,,Write-ins,1,RI44
Riley,Man twp 4,Insurance Commissioner,,,Write-ins,1,RI45
Riley,Ogden/Ft Ril A,Attorney General,,,Write-ins,1,RI48
Riley,Ogden/Ft Ril A,U.S. Senate,,,Write-ins,1,RI48
Riley,Wildcat,U.S. House,1,,Write-ins,2,RI51
Riley,Zeandale,U.S. House,1,,Write-ins,1,RI52