County,Precinct,Race,District,Party,Candidate ,Votes
Cloud,Arion,Attorney General ,,Dem,A.J. Kotich,8
Cloud,Aurora,Attorney General ,,Dem,A.J. Kotich,7
Cloud,Buffalo,Attorney General ,,Dem,A.J. Kotich,3
Cloud,Center,Attorney General ,,Dem,A.J. Kotich,2
Cloud,Colfax,Attorney General ,,Dem,A.J. Kotich,2
Cloud,Elk,Attorney General ,,Dem,A.J. Kotich,55
Cloud,Grant,Attorney General ,,Dem,A.J. Kotich,20
Cloud,N. Lawrence,Attorney General ,,Dem,A.J. Kotich,4
Cloud,S. Lawrence,Attorney General ,,Dem,A.J. Kotich,5
Cloud,E. Lincoln,Attorney General ,,Dem,A.J. Kotich,17
Cloud,W. Lincoln,Attorney General ,,Dem,A.J. Kotich,22
Cloud,Lyon,Attorney General ,,Dem,A.J. Kotich,4
Cloud,E. Meredith,Attorney General ,,Dem,A.J. Kotich,1
Cloud,W. Meredith,Attorney General ,,Dem,A.J. Kotich,3
Cloud,Nelson,Attorney General ,,Dem,A.J. Kotich,3
Cloud,Oakland,Attorney General ,,Dem,A.J. Kotich,1
Cloud,Shirley,Attorney General ,,Dem,A.J. Kotich,7
Cloud,Sibley,Attorney General ,,Dem,A.J. Kotich,17
Cloud,Solomon,Attorney General ,,Dem,A.J. Kotich,28
Cloud,Starr,Attorney General ,,Dem,A.J. Kotich,37
Cloud,Summitt,Attorney General ,,Dem,A.J. Kotich,2
Cloud,1st Ward,Attorney General ,,Dem,A.J. Kotich,63
Cloud,1st Pct 2nd Ward,Attorney General ,,Dem,A.J. Kotich,62
Cloud,2nd Pct 2nd Ward,Attorney General ,,Dem,A.J. Kotich,58
Cloud,3rd Ward,Attorney General ,,Dem,A.J. Kotich,75
Cloud,4th Ward,Attorney General ,,Dem,A.J. Kotich,41
Cloud,Arion,Attorney General ,,Rep,Derek Schmidt,23
Cloud,Aurora,Attorney General ,,Rep,Derek Schmidt,32
Cloud,Buffalo,Attorney General ,,Rep,Derek Schmidt,38
Cloud,Center,Attorney General ,,Rep,Derek Schmidt,65
Cloud,Colfax,Attorney General ,,Rep,Derek Schmidt,14
Cloud,Elk,Attorney General ,,Rep,Derek Schmidt,189
Cloud,Grant,Attorney General ,,Rep,Derek Schmidt,80
Cloud,N. Lawrence,Attorney General ,,Rep,Derek Schmidt,18
Cloud,S. Lawrence,Attorney General ,,Rep,Derek Schmidt,12
Cloud,E. Lincoln,Attorney General ,,Rep,Derek Schmidt,67
Cloud,W. Lincoln,Attorney General ,,Rep,Derek Schmidt,34
Cloud,Lyon,Attorney General ,,Rep,Derek Schmidt,32
Cloud,E. Meredith,Attorney General ,,Rep,Derek Schmidt,14
Cloud,W. Meredith,Attorney General ,,Rep,Derek Schmidt,9
Cloud,Nelson,Attorney General ,,Rep,Derek Schmidt,39
Cloud,Oakland,Attorney General ,,Rep,Derek Schmidt,19
Cloud,Shirley,Attorney General ,,Rep,Derek Schmidt,44
Cloud,Sibley,Attorney General ,,Rep,Derek Schmidt,52
Cloud,Solomon,Attorney General ,,Rep,Derek Schmidt,137
Cloud,Starr,Attorney General ,,Rep,Derek Schmidt,144
Cloud,Summitt,Attorney General ,,Rep,Derek Schmidt,23
Cloud,1st Ward,Attorney General ,,Rep,Derek Schmidt,131
Cloud,1st Pct 2nd Ward,Attorney General ,,Rep,Derek Schmidt,153
Cloud,2nd Pct 2nd Ward,Attorney General ,,Rep,Derek Schmidt,237
Cloud,3rd Ward,Attorney General ,,Rep,Derek Schmidt,266
Cloud,4th Ward,Attorney General ,,Rep,Derek Schmidt,123
Cloud,Arion,Commissioner of Insurance,,Dem,Dennis Anderson,6
Cloud,Aurora,Commissioner of Insurance,,Dem,Dennis Anderson,8
Cloud,Buffalo,Commissioner of Insurance,,Dem,Dennis Anderson,5
Cloud,Center,Commissioner of Insurance,,Dem,Dennis Anderson,9
Cloud,Colfax,Commissioner of Insurance,,Dem,Dennis Anderson,1
Cloud,Elk,Commissioner of Insurance,,Dem,Dennis Anderson,77
Cloud,Grant,Commissioner of Insurance,,Dem,Dennis Anderson,14
Cloud,N. Lawrence,Commissioner of Insurance,,Dem,Dennis Anderson,2
Cloud,S. Lawrence,Commissioner of Insurance,,Dem,Dennis Anderson,6
Cloud,E. Lincoln,Commissioner of Insurance,,Dem,Dennis Anderson,20
Cloud,W. Lincoln,Commissioner of Insurance,,Dem,Dennis Anderson,22
Cloud,Lyon,Commissioner of Insurance,,Dem,Dennis Anderson,7
Cloud,E. Meredith,Commissioner of Insurance,,Dem,Dennis Anderson,2
Cloud,W. Meredith,Commissioner of Insurance,,Dem,Dennis Anderson,4
Cloud,Nelson,Commissioner of Insurance,,Dem,Dennis Anderson,4
Cloud,Oakland,Commissioner of Insurance,,Dem,Dennis Anderson,0
Cloud,Shirley,Commissioner of Insurance,,Dem,Dennis Anderson,9
Cloud,Sibley,Commissioner of Insurance,,Dem,Dennis Anderson,19
Cloud,Solomon,Commissioner of Insurance,,Dem,Dennis Anderson,43
Cloud,Starr,Commissioner of Insurance,,Dem,Dennis Anderson,41
Cloud,Summitt,Commissioner of Insurance,,Dem,Dennis Anderson,3
Cloud,1st Ward,Commissioner of Insurance,,Dem,Dennis Anderson,71
Cloud,1st Pct 2nd Ward,Commissioner of Insurance,,Dem,Dennis Anderson,71
Cloud,2nd Pct 2nd Ward,Commissioner of Insurance,,Dem,Dennis Anderson,83
Cloud,3rd Ward,Commissioner of Insurance,,Dem,Dennis Anderson,105
Cloud,4th Ward,Commissioner of Insurance,,Dem,Dennis Anderson,52
Cloud,Arion,Commissioner of Insurance,,Rep,Ken Selzer,25
Cloud,Aurora,Commissioner of Insurance,,Rep,Ken Selzer,32
Cloud,Buffalo,Commissioner of Insurance,,Rep,Ken Selzer,33
Cloud,Center,Commissioner of Insurance,,Rep,Ken Selzer,54
Cloud,Colfax,Commissioner of Insurance,,Rep,Ken Selzer,15
Cloud,Elk,Commissioner of Insurance,,Rep,Ken Selzer,155
Cloud,Grant,Commissioner of Insurance,,Rep,Ken Selzer,83
Cloud,N. Lawrence,Commissioner of Insurance,,Rep,Ken Selzer,16
Cloud,S. Lawrence,Commissioner of Insurance,,Rep,Ken Selzer,12
Cloud,E. Lincoln,Commissioner of Insurance,,Rep,Ken Selzer,62
Cloud,W. Lincoln,Commissioner of Insurance,,Rep,Ken Selzer,33
Cloud,Lyon,Commissioner of Insurance,,Rep,Ken Selzer,26
Cloud,E. Meredith,Commissioner of Insurance,,Rep,Ken Selzer,13
Cloud,W. Meredith,Commissioner of Insurance,,Rep,Ken Selzer,8
Cloud,Nelson,Commissioner of Insurance,,Rep,Ken Selzer,36
Cloud,Oakland,Commissioner of Insurance,,Rep,Ken Selzer,17
Cloud,Shirley,Commissioner of Insurance,,Rep,Ken Selzer,38
Cloud,Sibley,Commissioner of Insurance,,Rep,Ken Selzer,48
Cloud,Solomon,Commissioner of Insurance,,Rep,Ken Selzer,116
Cloud,Starr,Commissioner of Insurance,,Rep,Ken Selzer,135
Cloud,Summitt,Commissioner of Insurance,,Rep,Ken Selzer,22
Cloud,1st Ward,Commissioner of Insurance,,Rep,Ken Selzer,122
Cloud,1st Pct 2nd Ward,Commissioner of Insurance,,Rep,Ken Selzer,143
Cloud,2nd Pct 2nd Ward,Commissioner of Insurance,,Rep,Ken Selzer,199
Cloud,3rd Ward,Commissioner of Insurance,,Rep,Ken Selzer,229
Cloud,4th Ward,Commissioner of Insurance,,Rep,Ken Selzer,108
Cloud,Arion,Governor,,Lib,Keen Umbehr,1
Cloud,Aurora,Governor,,Lib,Keen Umbehr,1
Cloud,Buffalo,Governor,,Lib,Keen Umbehr,1
Cloud,Center,Governor,,Lib,Keen Umbehr,2
Cloud,Colfax,Governor,,Lib,Keen Umbehr,0
Cloud,Elk,Governor,,Lib,Keen Umbehr,13
Cloud,Grant,Governor,,Lib,Keen Umbehr,5
Cloud,N. Lawrence,Governor,,Lib,Keen Umbehr,2
Cloud,S. Lawrence,Governor,,Lib,Keen Umbehr,2
Cloud,E. Lincoln,Governor,,Lib,Keen Umbehr,2
Cloud,W. Lincoln,Governor,,Lib,Keen Umbehr,0
Cloud,Lyon,Governor,,Lib,Keen Umbehr,1
Cloud,E. Meredith,Governor,,Lib,Keen Umbehr,0
Cloud,W. Meredith,Governor,,Lib,Keen Umbehr,0
Cloud,Nelson,Governor,,Lib,Keen Umbehr,0
Cloud,Oakland,Governor,,Lib,Keen Umbehr,0
Cloud,Shirley,Governor,,Lib,Keen Umbehr,5
Cloud,Sibley,Governor,,Lib,Keen Umbehr,0
Cloud,Solomon,Governor,,Lib,Keen Umbehr,19
Cloud,Starr,Governor,,Lib,Keen Umbehr,12
Cloud,Summitt,Governor,,Lib,Keen Umbehr,1
Cloud,1st Ward,Governor,,Lib,Keen Umbehr,10
Cloud,1st Pct 2nd Ward,Governor,,Lib,Keen Umbehr,8
Cloud,2nd Pct 2nd Ward,Governor,,Lib,Keen Umbehr,10
Cloud,3rd Ward,Governor,,Lib,Keen Umbehr,16
Cloud,4th Ward,Governor,,Lib,Keen Umbehr,8
Cloud,Arion,Governor,,Dem,Paul Davis,11
Cloud,Aurora,Governor,,Dem,Paul Davis,14
Cloud,Buffalo,Governor,,Dem,Paul Davis,10
Cloud,Center,Governor,,Dem,Paul Davis,15
Cloud,Colfax,Governor,,Dem,Paul Davis,1
Cloud,Elk,Governor,,Dem,Paul Davis,100
Cloud,Grant,Governor,,Dem,Paul Davis,30
Cloud,N. Lawrence,Governor,,Dem,Paul Davis,7
Cloud,S. Lawrence,Governor,,Dem,Paul Davis,5
Cloud,E. Lincoln,Governor,,Dem,Paul Davis,23
Cloud,W. Lincoln,Governor,,Dem,Paul Davis,20
Cloud,Lyon,Governor,,Dem,Paul Davis,10
Cloud,E. Meredith,Governor,,Dem,Paul Davis,5
Cloud,W. Meredith,Governor,,Dem,Paul Davis,5
Cloud,Nelson,Governor,,Dem,Paul Davis,4
Cloud,Oakland,Governor,,Dem,Paul Davis,0
Cloud,Shirley,Governor,,Dem,Paul Davis,15
Cloud,Sibley,Governor,,Dem,Paul Davis,30
Cloud,Solomon,Governor,,Dem,Paul Davis,43
Cloud,Starr,Governor,,Dem,Paul Davis,48
Cloud,Summitt,Governor,,Dem,Paul Davis,2
Cloud,1st Ward,Governor,,Dem,Paul Davis,91
Cloud,1st Pct 2nd Ward,Governor,,Dem,Paul Davis,110
Cloud,2nd Pct 2nd Ward,Governor,,Dem,Paul Davis,116
Cloud,3rd Ward,Governor,,Dem,Paul Davis,150
Cloud,4th Ward,Governor,,Dem,Paul Davis,67
Cloud,Arion,Governor,,Rep,Sam Brownback,19
Cloud,Aurora,Governor,,Rep,Sam Brownback,28
Cloud,Buffalo,Governor,,Rep,Sam Brownback,32
Cloud,Center,Governor,,Rep,Sam Brownback,52
Cloud,Colfax,Governor,,Rep,Sam Brownback,16
Cloud,Elk,Governor,,Rep,Sam Brownback,152
Cloud,Grant,Governor,,Rep,Sam Brownback,68
Cloud,N. Lawrence,Governor,,Rep,Sam Brownback,13
Cloud,S. Lawrence,Governor,,Rep,Sam Brownback,11
Cloud,E. Lincoln,Governor,,Rep,Sam Brownback,58
Cloud,W. Lincoln,Governor,,Rep,Sam Brownback,35
Cloud,Lyon,Governor,,Rep,Sam Brownback,26
Cloud,E. Meredith,Governor,,Rep,Sam Brownback,10
Cloud,W. Meredith,Governor,,Rep,Sam Brownback,7
Cloud,Nelson,Governor,,Rep,Sam Brownback,38
Cloud,Oakland,Governor,,Rep,Sam Brownback,21
Cloud,Shirley,Governor,,Rep,Sam Brownback,35
Cloud,Sibley,Governor,,Rep,Sam Brownback,40
Cloud,Solomon,Governor,,Rep,Sam Brownback,103
Cloud,Starr,Governor,,Rep,Sam Brownback,126
Cloud,Summitt,Governor,,Rep,Sam Brownback,23
Cloud,1st Ward,Governor,,Rep,Sam Brownback,97
Cloud,1st Pct 2nd Ward,Governor,,Rep,Sam Brownback,102
Cloud,2nd Pct 2nd Ward,Governor,,Rep,Sam Brownback,173
Cloud,3rd Ward,Governor,,Rep,Sam Brownback,183
Cloud,4th Ward,Governor,,Rep,Sam Brownback,91
Cloud,Arion,Secretary of State,,Dem,Jean Kurtis Schodorf,10
Cloud,Aurora,Secretary of State,,Dem,Jean Kurtis Schodorf,6
Cloud,Buffalo,Secretary of State,,Dem,Jean Kurtis Schodorf,7
Cloud,Center,Secretary of State,,Dem,Jean Kurtis Schodorf,12
Cloud,Colfax,Secretary of State,,Dem,Jean Kurtis Schodorf,0
Cloud,Elk,Secretary of State,,Dem,Jean Kurtis Schodorf,91
Cloud,Grant,Secretary of State,,Dem,Jean Kurtis Schodorf,19
Cloud,N. Lawrence,Secretary of State,,Dem,Jean Kurtis Schodorf,5
Cloud,S. Lawrence,Secretary of State,,Dem,Jean Kurtis Schodorf,3
Cloud,E. Lincoln,Secretary of State,,Dem,Jean Kurtis Schodorf,19
Cloud,W. Lincoln,Secretary of State,,Dem,Jean Kurtis Schodorf,17
Cloud,Lyon,Secretary of State,,Dem,Jean Kurtis Schodorf,9
Cloud,E. Meredith,Secretary of State,,Dem,Jean Kurtis Schodorf,3
Cloud,W. Meredith,Secretary of State,,Dem,Jean Kurtis Schodorf,4
Cloud,Nelson,Secretary of State,,Dem,Jean Kurtis Schodorf,3
Cloud,Oakland,Secretary of State,,Dem,Jean Kurtis Schodorf,1
Cloud,Shirley,Secretary of State,,Dem,Jean Kurtis Schodorf,11
Cloud,Sibley,Secretary of State,,Dem,Jean Kurtis Schodorf,25
Cloud,Solomon,Secretary of State,,Dem,Jean Kurtis Schodorf,39
Cloud,Starr,Secretary of State,,Dem,Jean Kurtis Schodorf,39
Cloud,Summitt,Secretary of State,,Dem,Jean Kurtis Schodorf,3
Cloud,1st Ward,Secretary of State,,Dem,Jean Kurtis Schodorf,75
Cloud,1st Pct 2nd Ward,Secretary of State,,Dem,Jean Kurtis Schodorf,86
Cloud,2nd Pct 2nd Ward,Secretary of State,,Dem,Jean Kurtis Schodorf,92
Cloud,3rd Ward,Secretary of State,,Dem,Jean Kurtis Schodorf,106
Cloud,4th Ward,Secretary of State,,Dem,Jean Kurtis Schodorf,53
Cloud,Arion,Secretary of State,,Rep,Kris Kobach,21
Cloud,Aurora,Secretary of State,,Rep,Kris Kobach,35
Cloud,Buffalo,Secretary of State,,Rep,Kris Kobach,34
Cloud,Center,Secretary of State,,Rep,Kris Kobach,58
Cloud,Colfax,Secretary of State,,Rep,Kris Kobach,16
Cloud,Elk,Secretary of State,,Rep,Kris Kobach,168
Cloud,Grant,Secretary of State,,Rep,Kris Kobach,83
Cloud,N. Lawrence,Secretary of State,,Rep,Kris Kobach,17
Cloud,S. Lawrence,Secretary of State,,Rep,Kris Kobach,15
Cloud,E. Lincoln,Secretary of State,,Rep,Kris Kobach,65
Cloud,W. Lincoln,Secretary of State,,Rep,Kris Kobach,39
Cloud,Lyon,Secretary of State,,Rep,Kris Kobach,27
Cloud,E. Meredith,Secretary of State,,Rep,Kris Kobach,12
Cloud,W. Meredith,Secretary of State,,Rep,Kris Kobach,8
Cloud,Nelson,Secretary of State,,Rep,Kris Kobach,38
Cloud,Oakland,Secretary of State,,Rep,Kris Kobach,19
Cloud,Shirley,Secretary of State,,Rep,Kris Kobach,41
Cloud,Sibley,Secretary of State,,Rep,Kris Kobach,46
Cloud,Solomon,Secretary of State,,Rep,Kris Kobach,127
Cloud,Starr,Secretary of State,,Rep,Kris Kobach,146
Cloud,Summitt,Secretary of State,,Rep,Kris Kobach,24
Cloud,1st Ward,Secretary of State,,Rep,Kris Kobach,122
Cloud,1st Pct 2nd Ward,Secretary of State,,Rep,Kris Kobach,131
Cloud,2nd Pct 2nd Ward,Secretary of State,,Rep,Kris Kobach,204
Cloud,3rd Ward,Secretary of State,,Rep,Kris Kobach,239
Cloud,4th Ward,Secretary of State,,Rep,Kris Kobach,112
Cloud,Arion,State House,107,Rep,Susan L Concannon,26
Cloud,Aurora,State House,107,Rep,Susan L Concannon,37
Cloud,Buffalo,State House,107,Rep,Susan L Concannon,37
Cloud,Center,State House,107,Rep,Susan L Concannon,61
Cloud,Colfax,State House,107,Rep,Susan L Concannon,16
Cloud,Elk,State House,107,Rep,Susan L Concannon,212
Cloud,Grant,State House,107,Rep,Susan L Concannon,95
Cloud,N. Lawrence,State House,107,Rep,Susan L Concannon,19
Cloud,S. Lawrence,State House,107,Rep,Susan L Concannon,16
Cloud,E. Lincoln,State House,107,Rep,Susan L Concannon,76
Cloud,W. Lincoln,State House,107,Rep,Susan L Concannon,46
Cloud,Lyon,State House,107,Rep,Susan L Concannon,35
Cloud,E. Meredith,State House,107,Rep,Susan L Concannon,13
Cloud,W. Meredith,State House,107,Rep,Susan L Concannon,11
Cloud,Nelson,State House,107,Rep,Susan L Concannon,43
Cloud,Oakland,State House,107,Rep,Susan L Concannon,18
Cloud,Shirley,State House,107,Rep,Susan L Concannon,44
Cloud,Sibley,State House,107,Rep,Susan L Concannon,64
Cloud,Solomon,State House,107,Rep,Susan L Concannon,155
Cloud,Starr,State House,107,Rep,Susan L Concannon,167
Cloud,Summitt,State House,107,Rep,Susan L Concannon,27
Cloud,1st Ward,State House,107,Rep,Susan L Concannon,172
Cloud,1st Pct 2nd Ward,State House,107,Rep,Susan L Concannon,200
Cloud,2nd Pct 2nd Ward,State House,107,Rep,Susan L Concannon,276
Cloud,3rd Ward,State House,107,Rep,Susan L Concannon,314
Cloud,4th Ward,State House,107,Rep,Susan L Concannon,141
Cloud,Arion,State Treasurer,,Dem,Carmen Alldritt,9
Cloud,Aurora,State Treasurer,,Dem,Carmen Alldritt,5
Cloud,Buffalo,State Treasurer,,Dem,Carmen Alldritt,3
Cloud,Center,State Treasurer,,Dem,Carmen Alldritt,10
Cloud,Colfax,State Treasurer,,Dem,Carmen Alldritt,1
Cloud,Elk,State Treasurer,,Dem,Carmen Alldritt,55
Cloud,Grant,State Treasurer,,Dem,Carmen Alldritt,13
Cloud,N. Lawrence,State Treasurer,,Dem,Carmen Alldritt,2
Cloud,S. Lawrence,State Treasurer,,Dem,Carmen Alldritt,4
Cloud,E. Lincoln,State Treasurer,,Dem,Carmen Alldritt,20
Cloud,W. Lincoln,State Treasurer,,Dem,Carmen Alldritt,20
Cloud,Lyon,State Treasurer,,Dem,Carmen Alldritt,7
Cloud,E. Meredith,State Treasurer,,Dem,Carmen Alldritt,1
Cloud,W. Meredith,State Treasurer,,Dem,Carmen Alldritt,4
Cloud,Nelson,State Treasurer,,Dem,Carmen Alldritt,6
Cloud,Oakland,State Treasurer,,Dem,Carmen Alldritt,0
Cloud,Shirley,State Treasurer,,Dem,Carmen Alldritt,6
Cloud,Sibley,State Treasurer,,Dem,Carmen Alldritt,20
Cloud,Solomon,State Treasurer,,Dem,Carmen Alldritt,33
Cloud,Starr,State Treasurer,,Dem,Carmen Alldritt,34
Cloud,Summitt,State Treasurer,,Dem,Carmen Alldritt,1
Cloud,1st Ward,State Treasurer,,Dem,Carmen Alldritt,57
Cloud,1st Pct 2nd Ward,State Treasurer,,Dem,Carmen Alldritt,63
Cloud,2nd Pct 2nd Ward,State Treasurer,,Dem,Carmen Alldritt,68
Cloud,3rd Ward,State Treasurer,,Dem,Carmen Alldritt,78
Cloud,4th Ward,State Treasurer,,Dem,Carmen Alldritt,44
Cloud,Arion,State Treasurer,,Rep,Ron Estes,22
Cloud,Aurora,State Treasurer,,Rep,Ron Estes,35
Cloud,Buffalo,State Treasurer,,Rep,Ron Estes,34
Cloud,Center,State Treasurer,,Rep,Ron Estes,55
Cloud,Colfax,State Treasurer,,Rep,Ron Estes,15
Cloud,Elk,State Treasurer,,Rep,Ron Estes,184
Cloud,Grant,State Treasurer,,Rep,Ron Estes,87
Cloud,N. Lawrence,State Treasurer,,Rep,Ron Estes,17
Cloud,S. Lawrence,State Treasurer,,Rep,Ron Estes,13
Cloud,E. Lincoln,State Treasurer,,Rep,Ron Estes,64
Cloud,W. Lincoln,State Treasurer,,Rep,Ron Estes,36
Cloud,Lyon,State Treasurer,,Rep,Ron Estes,28
Cloud,E. Meredith,State Treasurer,,Rep,Ron Estes,14
Cloud,W. Meredith,State Treasurer,,Rep,Ron Estes,8
Cloud,Nelson,State Treasurer,,Rep,Ron Estes,34
Cloud,Oakland,State Treasurer,,Rep,Ron Estes,20
Cloud,Shirley,State Treasurer,,Rep,Ron Estes,43
Cloud,Sibley,State Treasurer,,Rep,Ron Estes,50
Cloud,Solomon,State Treasurer,,Rep,Ron Estes,132
Cloud,Starr,State Treasurer,,Rep,Ron Estes,148
Cloud,Summitt,State Treasurer,,Rep,Ron Estes,25
Cloud,1st Ward,State Treasurer,,Rep,Ron Estes,137
Cloud,1st Pct 2nd Ward,State Treasurer,,Rep,Ron Estes,156
Cloud,2nd Pct 2nd Ward,State Treasurer,,Rep,Ron Estes,225
Cloud,3rd Ward,State Treasurer,,Rep,Ron Estes,262
Cloud,4th Ward,State Treasurer,,Rep,Ron Estes,120
Cloud,Arion,U.S. House,1,Dem,James E Sherow,7
Cloud,Aurora,U.S. House,1,Dem,James E Sherow,13
Cloud,Buffalo,U.S. House,1,Dem,James E Sherow,9
Cloud,Center,U.S. House,1,Dem,James E Sherow,17
Cloud,Colfax,U.S. House,1,Dem,James E Sherow,0
Cloud,Elk,U.S. House,1,Dem,James E Sherow,102
Cloud,Grant,U.S. House,1,Dem,James E Sherow,25
Cloud,N. Lawrence,U.S. House,1,Dem,James E Sherow,5
Cloud,S. Lawrence,U.S. House,1,Dem,James E Sherow,5
Cloud,E. Lincoln,U.S. House,1,Dem,James E Sherow,24
Cloud,W. Lincoln,U.S. House,1,Dem,James E Sherow,21
Cloud,Lyon,U.S. House,1,Dem,James E Sherow,12
Cloud,E. Meredith,U.S. House,1,Dem,James E Sherow,5
Cloud,W. Meredith,U.S. House,1,Dem,James E Sherow,4
Cloud,Nelson,U.S. House,1,Dem,James E Sherow,6
Cloud,Oakland,U.S. House,1,Dem,James E Sherow,3
Cloud,Shirley,U.S. House,1,Dem,James E Sherow,18
Cloud,Sibley,U.S. House,1,Dem,James E Sherow,27
Cloud,Solomon,U.S. House,1,Dem,James E Sherow,45
Cloud,Starr,U.S. House,1,Dem,James E Sherow,37
Cloud,Summitt,U.S. House,1,Dem,James E Sherow,1
Cloud,1st Ward,U.S. House,1,Dem,James E Sherow,88
Cloud,1st Pct 2nd Ward,U.S. House,1,Dem,James E Sherow,99
Cloud,2nd Pct 2nd Ward,U.S. House,1,Dem,James E Sherow,102
Cloud,3rd Ward,U.S. House,1,Dem,James E Sherow,121
Cloud,4th Ward,U.S. House,1,Dem,James E Sherow,59
Cloud,Arion,U.S. House,1,Rep,Tim Huelskamp,23
Cloud,Aurora,U.S. House,1,Rep,Tim Huelskamp,29
Cloud,Buffalo,U.S. House,1,Rep,Tim Huelskamp,34
Cloud,Center,U.S. House,1,Rep,Tim Huelskamp,51
Cloud,Colfax,U.S. House,1,Rep,Tim Huelskamp,14
Cloud,Elk,U.S. House,1,Rep,Tim Huelskamp,147
Cloud,Grant,U.S. House,1,Rep,Tim Huelskamp,77
Cloud,N. Lawrence,U.S. House,1,Rep,Tim Huelskamp,16
Cloud,S. Lawrence,U.S. House,1,Rep,Tim Huelskamp,13
Cloud,E. Lincoln,U.S. House,1,Rep,Tim Huelskamp,58
Cloud,W. Lincoln,U.S. House,1,Rep,Tim Huelskamp,35
Cloud,Lyon,U.S. House,1,Rep,Tim Huelskamp,25
Cloud,E. Meredith,U.S. House,1,Rep,Tim Huelskamp,10
Cloud,W. Meredith,U.S. House,1,Rep,Tim Huelskamp,8
Cloud,Nelson,U.S. House,1,Rep,Tim Huelskamp,36
Cloud,Oakland,U.S. House,1,Rep,Tim Huelskamp,17
Cloud,Shirley,U.S. House,1,Rep,Tim Huelskamp,33
Cloud,Sibley,U.S. House,1,Rep,Tim Huelskamp,40
Cloud,Solomon,U.S. House,1,Rep,Tim Huelskamp,119
Cloud,Starr,U.S. House,1,Rep,Tim Huelskamp,148
Cloud,Summitt,U.S. House,1,Rep,Tim Huelskamp,25
Cloud,1st Ward,U.S. House,1,Rep,Tim Huelskamp,109
Cloud,1st Pct 2nd Ward,U.S. House,1,Rep,Tim Huelskamp,117
Cloud,2nd Pct 2nd Ward,U.S. House,1,Rep,Tim Huelskamp,196
Cloud,3rd Ward,U.S. House,1,Rep,Tim Huelskamp,221
Cloud,4th Ward,U.S. House,1,Rep,Tim Huelskamp,104
CLOUD,Arion Township,U.S. Senate,,Rep,Pat Roberts,27
CLOUD,Aurora Township,U.S. Senate,,Rep,Pat Roberts,36
CLOUD,Buffalo Township,U.S. Senate,,Rep,Pat Roberts,47
CLOUD,Center Township,U.S. Senate,,Rep,Pat Roberts,74
CLOUD,Colfax Township,U.S. Senate,,Rep,Pat Roberts,17
CLOUD,Concordia Ward 1,U.S. Senate,,Rep,Pat Roberts,155
CLOUD,Concordia Ward 2 Precinct 1,U.S. Senate,,Rep,Pat Roberts,165
CLOUD,Concordia Ward 2 Precinct 2,U.S. Senate,,Rep,Pat Roberts,244
CLOUD,Concordia Ward 3,U.S. Senate,,Rep,Pat Roberts,275
CLOUD,Concordia Ward 4,U.S. Senate,,Rep,Pat Roberts,127
CLOUD,East Lincoln,U.S. Senate,,Rep,Pat Roberts,68
CLOUD,East Meredith,U.S. Senate,,Rep,Pat Roberts,11
CLOUD,Elk Township,U.S. Senate,,Rep,Pat Roberts,198
CLOUD,Grant Township,U.S. Senate,,Rep,Pat Roberts,86
CLOUD,Lyon Township,U.S. Senate,,Rep,Pat Roberts,35
CLOUD,Nelson Township,U.S. Senate,,Rep,Pat Roberts,42
CLOUD,North Lawrence,U.S. Senate,,Rep,Pat Roberts,26
CLOUD,Oakland Township,U.S. Senate,,Rep,Pat Roberts,22
CLOUD,Shirley Township,U.S. Senate,,Rep,Pat Roberts,50
CLOUD,Sibley Township,U.S. Senate,,Rep,Pat Roberts,52
CLOUD,Solomon Township,U.S. Senate,,Rep,Pat Roberts,123
CLOUD,South Lawrence,U.S. Senate,,Rep,Pat Roberts,14
CLOUD,Starr Township,U.S. Senate,,Rep,Pat Roberts,154
CLOUD,Summit Township,U.S. Senate,,Rep,Pat Roberts,23
CLOUD,West Lincoln,U.S. Senate,,Rep,Pat Roberts,44
CLOUD,West Meredith,U.S. Senate,,Rep,Pat Roberts,8
CLOUD,Arion Township,U.S. Senate,,Ind,Greg Orman,13
CLOUD,Aurora Township,U.S. Senate,,Ind,Greg Orman,10
CLOUD,Buffalo Township,U.S. Senate,,Ind,Greg Orman,5
CLOUD,Center Township,U.S. Senate,,Ind,Greg Orman,12
CLOUD,Colfax Township,U.S. Senate,,Ind,Greg Orman,0
CLOUD,Concordia Ward 1,U.S. Senate,,Ind,Greg Orman,91
CLOUD,Concordia Ward 2 Precinct 1,U.S. Senate,,Ind,Greg Orman,123
CLOUD,Concordia Ward 2 Precinct 2,U.S. Senate,,Ind,Greg Orman,120
CLOUD,Concordia Ward 3,U.S. Senate,,Ind,Greg Orman,133
CLOUD,Concordia Ward 4,U.S. Senate,,Ind,Greg Orman,59
CLOUD,East Lincoln,U.S. Senate,,Ind,Greg Orman,25
CLOUD,East Meredith,U.S. Senate,,Ind,Greg Orman,7
CLOUD,Elk Township,U.S. Senate,,Ind,Greg Orman,107
CLOUD,Grant Township,U.S. Senate,,Ind,Greg Orman,18
CLOUD,Lyon Township,U.S. Senate,,Ind,Greg Orman,8
CLOUD,Nelson Township,U.S. Senate,,Ind,Greg Orman,8
CLOUD,North Lawrence,U.S. Senate,,Ind,Greg Orman,6
CLOUD,Oakland Township,U.S. Senate,,Ind,Greg Orman,0
CLOUD,Shirley Township,U.S. Senate,,Ind,Greg Orman,13
CLOUD,Sibley Township,U.S. Senate,,Ind,Greg Orman,35
CLOUD,Solomon Township,U.S. Senate,,Ind,Greg Orman,36
CLOUD,South Lawrence,U.S. Senate,,Ind,Greg Orman,7
CLOUD,Starr Township,U.S. Senate,,Ind,Greg Orman,41
CLOUD,Summit Township,U.S. Senate,,Ind,Greg Orman,5
CLOUD,West Lincoln,U.S. Senate,,Ind,Greg Orman,20
CLOUD,West Meredith,U.S. Senate,,Ind,Greg Orman,4
CLOUD,Arion Township,U.S. Senate,,Lib,Randall Batson,2
CLOUD,Aurora Township,U.S. Senate,,Lib,Randall Batson,4
CLOUD,Buffalo Township,U.S. Senate,,Lib,Randall Batson,0
CLOUD,Center Township,U.S. Senate,,Lib,Randall Batson,3
CLOUD,Colfax Township,U.S. Senate,,Lib,Randall Batson,0
CLOUD,Concordia Ward 1,U.S. Senate,,Lib,Randall Batson,12
CLOUD,Concordia Ward 2 Precinct 1,U.S. Senate,,Lib,Randall Batson,17
CLOUD,Concordia Ward 2 Precinct 2,U.S. Senate,,Lib,Randall Batson,16
CLOUD,Concordia Ward 3,U.S. Senate,,Lib,Randall Batson,25
CLOUD,Concordia Ward 4,U.S. Senate,,Lib,Randall Batson,13
CLOUD,East Lincoln,U.S. Senate,,Lib,Randall Batson,7
CLOUD,East Meredith,U.S. Senate,,Lib,Randall Batson,0
CLOUD,Elk Township,U.S. Senate,,Lib,Randall Batson,15
CLOUD,Grant Township,U.S. Senate,,Lib,Randall Batson,8
CLOUD,Lyon Township,U.S. Senate,,Lib,Randall Batson,4
CLOUD,Nelson Township,U.S. Senate,,Lib,Randall Batson,0
CLOUD,North Lawrence,U.S. Senate,,Lib,Randall Batson,3
CLOUD,Oakland Township,U.S. Senate,,Lib,Randall Batson,0
CLOUD,Shirley Township,U.S. Senate,,Lib,Randall Batson,1
CLOUD,Sibley Township,U.S. Senate,,Lib,Randall Batson,2
CLOUD,Solomon Township,U.S. Senate,,Lib,Randall Batson,19
CLOUD,South Lawrence,U.S. Senate,,Lib,Randall Batson,1
CLOUD,Starr Township,U.S. Senate,,Lib,Randall Batson,10
CLOUD,Summit Township,U.S. Senate,,Lib,Randall Batson,2
CLOUD,West Lincoln,U.S. Senate,,Lib,Randall Batson,3
CLOUD,West Meredith,U.S. Senate,,Lib,Randall Batson,1