county,precinct,office,district,party,candidate,votes,early_voting,election_day,hand,wed_fri,provisional
Allen,0001 CARLYLE TWP,REGISTERED VOTERS,,,REGISTERED VOTERS - TOTAL,217,,,,,
Allen,0001 CARLYLE TWP,BALLOTS CAST - Dem,,Dem,BALLOTS CAST - Democratic,7,2,5,0,0,0
Allen,0001 CARLYLE TWP,BALLOTS CAST - Rep,,Rep,BALLOTS CAST - Republican,83,17,64,0,0,2
Allen,0001 CARLYLE TWP,US House,2,Dem,Paul Davis,7,2,5,0,0,0
Allen,0001 CARLYLE TWP,Governor/Lt. Governor,,Dem,Arden Andersen/Dale Cowsert,0,0,0,0,0,0
Allen,0001 CARLYLE TWP,Governor/Lt. Governor,,Dem,Jack Bergeson / Alexander Cline,0,0,0,0,0,0
Allen,0001 CARLYLE TWP,Governor/Lt. Governor,,Dem,Carl Brewer/Chris Morrow,0,0,0,0,0,0
Allen,0001 CARLYLE TWP,Governor/Lt. Governor,,Dem,Laura Kelly/Lynn Rogers,4,2,2,0,0,0
Allen,0001 CARLYLE TWP,Governor/Lt. Governor,,Dem,Joshua Svaty/Katrina Gier Lewison,3,0,3,0,0,0
Allen,0001 CARLYLE TWP,Secretary of State,,Dem,"Brian ""BAM"" McClendon",6,2,4,0,0,0
Allen,0001 CARLYLE TWP,Attorney General,,Dem,Sarah G. Swain,7,2,5,0,0,0
Allen,0001 CARLYLE TWP,State Treasurer,,Dem,Marci Francisco,7,2,5,0,0,0
Allen,0001 CARLYLE TWP,Commissioner of Insurance,,Dem,Nathaniel McLaughlin,7,2,5,0,0,0
Allen,0001 CARLYLE TWP,State House,9,Dem,WRITE-IN.,0,0,0,0,0,0
Allen,0001 CARLYLE TWP,US House,2,Rep,Vernon J. Fields,0,0,0,0,0,0
Allen,0001 CARLYLE TWP,US House,2,Rep,Steve Fitzgerald,6,3,3,0,0,0
Allen,0001 CARLYLE TWP,US House,2,Rep,Kevin Jones,18,4,14,0,0,0
Allen,0001 CARLYLE TWP,US House,2,Rep,Doug Mays,1,0,1,0,0,0
Allen,0001 CARLYLE TWP,US House,2,Rep,Dennis Pyle,7,2,3,0,0,2
Allen,0001 CARLYLE TWP,US House,2,Rep,Caryn Tyson,44,8,36,0,0,0
Allen,0001 CARLYLE TWP,US House,2,Rep,Steve Watkins,7,0,7,0,0,0
Allen,0001 CARLYLE TWP,Governor/Lt. Governor,,Rep,Jim Barnett/Rosie Hansen,2,1,1,0,0,0
Allen,0001 CARLYLE TWP,Governor/Lt. Governor,,Rep,Jeff Colyer/Tracey Mann,30,3,25,0,0,2
Allen,0001 CARLYLE TWP,Governor/Lt. Governor,,Rep,Kris Kobach/Wink Hartman,38,10,28,0,0,0
Allen,0001 CARLYLE TWP,Governor/Lt. Governor,,Rep,"Patrick ""PK"" Kucera/Patricia Reitz",2,0,2,0,0,0
Allen,0001 CARLYLE TWP,Governor/Lt. Governor,,Rep,Tyler Ruzich/Dominic Scavuzzo,0,0,0,0,0,0
Allen,0001 CARLYLE TWP,Governor/Lt. Governor,,Rep,Ken Selzer/Jen Sanderson,11,3,8,0,0,0
Allen,0001 CARLYLE TWP,Governor/Lt. Governor,,Rep,"Joseph Tutera, Jr./Phillip Clement",0,0,0,0,0,0
Allen,0001 CARLYLE TWP,Secretary of State,,Rep,Randy Duncan,18,2,15,0,0,1
Allen,0001 CARLYLE TWP,Secretary of State,,Rep,Keith Esau,8,1,7,0,0,0
Allen,0001 CARLYLE TWP,Secretary of State,,Rep,Craig McCullah,3,0,3,0,0,0
Allen,0001 CARLYLE TWP,Secretary of State,,Rep,Scott Schwab,32,6,26,0,0,0
Allen,0001 CARLYLE TWP,Secretary of State,,Rep,Dennis Taylor,9,4,4,0,0,1
Allen,0001 CARLYLE TWP,Attorney General,,Rep,Derek Schmidt,81,17,62,0,0,2
Allen,0001 CARLYLE TWP,State Treasurer,,Rep,Jake LaTurner,72,16,54,0,0,2
Allen,0001 CARLYLE TWP,Commissioner of Insurance,,Rep,Vicki Schmidt,45,12,32,0,0,1
Allen,0001 CARLYLE TWP,State House,9,Rep,Kent L. Thompson,74,14,58,0,0,2
Allen,0002 COTTAGE GROVE TWP,REGISTERED VOTERS,,,REGISTERED VOTERS - TOTAL,179,,,,,
Allen,0002 COTTAGE GROVE TWP,BALLOTS CAST - Dem,,Dem,BALLOTS CAST - Democratic,3,0,3,0,0,0
Allen,0002 COTTAGE GROVE TWP,BALLOTS CAST - Rep,,Rep,BALLOTS CAST - Republican,45,2,41,0,0,2
Allen,0002 COTTAGE GROVE TWP,US House,2,Dem,Paul Davis,2,0,2,0,0,0
Allen,0002 COTTAGE GROVE TWP,Governor/Lt. Governor,,Dem,Arden Andersen/Dale Cowsert,0,0,0,0,0,0
Allen,0002 COTTAGE GROVE TWP,Governor/Lt. Governor,,Dem,Jack Bergeson / Alexander Cline,0,0,0,0,0,0
Allen,0002 COTTAGE GROVE TWP,Governor/Lt. Governor,,Dem,Carl Brewer/Chris Morrow,0,0,0,0,0,0
Allen,0002 COTTAGE GROVE TWP,Governor/Lt. Governor,,Dem,Laura Kelly/Lynn Rogers,0,0,0,0,0,0
Allen,0002 COTTAGE GROVE TWP,Governor/Lt. Governor,,Dem,Joshua Svaty/Katrina Gier Lewison,3,0,3,0,0,0
Allen,0002 COTTAGE GROVE TWP,Secretary of State,,Dem,"Brian ""BAM"" McClendon",2,0,2,0,0,0
Allen,0002 COTTAGE GROVE TWP,Attorney General,,Dem,Sarah G. Swain,2,0,2,0,0,0
Allen,0002 COTTAGE GROVE TWP,State Treasurer,,Dem,Marci Francisco,2,0,2,0,0,0
Allen,0002 COTTAGE GROVE TWP,Commissioner of Insurance,,Dem,Nathaniel McLaughlin,2,0,2,0,0,0
Allen,0002 COTTAGE GROVE TWP,State House,9,Dem,WRITE-IN.,0,0,0,0,0,0
Allen,0002 COTTAGE GROVE TWP,US House,2,Rep,Vernon J. Fields,0,0,0,0,0,0
Allen,0002 COTTAGE GROVE TWP,US House,2,Rep,Steve Fitzgerald,6,0,5,0,0,1
Allen,0002 COTTAGE GROVE TWP,US House,2,Rep,Kevin Jones,8,0,7,0,0,1
Allen,0002 COTTAGE GROVE TWP,US House,2,Rep,Doug Mays,0,0,0,0,0,0
Allen,0002 COTTAGE GROVE TWP,US House,2,Rep,Dennis Pyle,3,1,2,0,0,0
Allen,0002 COTTAGE GROVE TWP,US House,2,Rep,Caryn Tyson,20,1,19,0,0,0
Allen,0002 COTTAGE GROVE TWP,US House,2,Rep,Steve Watkins,7,0,7,0,0,0
Allen,0002 COTTAGE GROVE TWP,Governor/Lt. Governor,,Rep,Jim Barnett/Rosie Hansen,3,0,3,0,0,0
Allen,0002 COTTAGE GROVE TWP,Governor/Lt. Governor,,Rep,Jeff Colyer/Tracey Mann,10,0,9,0,0,1
Allen,0002 COTTAGE GROVE TWP,Governor/Lt. Governor,,Rep,Kris Kobach/Wink Hartman,27,0,26,0,0,1
Allen,0002 COTTAGE GROVE TWP,Governor/Lt. Governor,,Rep,"Patrick ""PK"" Kucera/Patricia Reitz",0,0,0,0,0,0
Allen,0002 COTTAGE GROVE TWP,Governor/Lt. Governor,,Rep,Tyler Ruzich/Dominic Scavuzzo,0,0,0,0,0,0
Allen,0002 COTTAGE GROVE TWP,Governor/Lt. Governor,,Rep,Ken Selzer/Jen Sanderson,4,2,2,0,0,0
Allen,0002 COTTAGE GROVE TWP,Governor/Lt. Governor,,Rep,"Joseph Tutera, Jr./Phillip Clement",0,0,0,0,0,0
Allen,0002 COTTAGE GROVE TWP,Secretary of State,,Rep,Randy Duncan,4,1,3,0,0,0
Allen,0002 COTTAGE GROVE TWP,Secretary of State,,Rep,Keith Esau,9,0,9,0,0,0
Allen,0002 COTTAGE GROVE TWP,Secretary of State,,Rep,Craig McCullah,6,0,6,0,0,0
Allen,0002 COTTAGE GROVE TWP,Secretary of State,,Rep,Scott Schwab,16,1,15,0,0,0
Allen,0002 COTTAGE GROVE TWP,Secretary of State,,Rep,Dennis Taylor,8,0,6,0,0,2
Allen,0002 COTTAGE GROVE TWP,Attorney General,,Rep,Derek Schmidt,41,2,37,0,0,2
Allen,0002 COTTAGE GROVE TWP,State Treasurer,,Rep,Jake LaTurner,40,2,36,0,0,2
Allen,0002 COTTAGE GROVE TWP,Commissioner of Insurance,,Rep,Vicki Schmidt,23,1,21,0,0,1
Allen,0002 COTTAGE GROVE TWP,Commissioner of Insurance,,Rep,Clark Shultz,18,1,16,0,0,1
Allen,0002 COTTAGE GROVE TWP,State House,9,Rep,Kent L. Thompson,38,2,34,0,0,2
Allen,0003 DEER CREEK TWP,REGISTERED VOTERS,,,REGISTERED VOTERS - TOTAL,88,,,,,
Allen,0003 DEER CREEK TWP,BALLOTS CAST - Dem,,Dem,BALLOTS CAST - Democratic,5,0,5,0,0,0
Allen,0003 DEER CREEK TWP,BALLOTS CAST - Rep,,Rep,BALLOTS CAST - Republican,21,1,20,0,0,0
Allen,0003 DEER CREEK TWP,US House,2,Dem,Paul Davis,5,0,5,0,0,0
Allen,0003 DEER CREEK TWP,Governor/Lt. Governor,,Dem,Arden Andersen/Dale Cowsert,3,0,3,0,0,0
Allen,0003 DEER CREEK TWP,Governor/Lt. Governor,,Dem,Jack Bergeson / Alexander Cline,0,0,0,0,0,0
Allen,0003 DEER CREEK TWP,Governor/Lt. Governor,,Dem,Carl Brewer/Chris Morrow,0,0,0,0,0,0
Allen,0003 DEER CREEK TWP,Governor/Lt. Governor,,Dem,Laura Kelly/Lynn Rogers,0,0,0,0,0,0
Allen,0003 DEER CREEK TWP,Governor/Lt. Governor,,Dem,Joshua Svaty/Katrina Gier Lewison,2,0,2,0,0,0
Allen,0003 DEER CREEK TWP,Secretary of State,,Dem,"Brian ""BAM"" McClendon",4,0,4,0,0,0
Allen,0003 DEER CREEK TWP,Attorney General,,Dem,Sarah G. Swain,4,0,4,0,0,0
Allen,0003 DEER CREEK TWP,State Treasurer,,Dem,Marci Francisco,3,0,3,0,0,0
Allen,0003 DEER CREEK TWP,Commissioner of Insurance,,Dem,Nathaniel McLaughlin,4,0,4,0,0,0
Allen,0003 DEER CREEK TWP,State House,9,Dem,WRITE-IN.,1,0,1,0,0,0
Allen,0003 DEER CREEK TWP,US House,2,Rep,Vernon J. Fields,0,0,0,0,0,0
Allen,0003 DEER CREEK TWP,US House,2,Rep,Steve Fitzgerald,2,0,2,0,0,0
Allen,0003 DEER CREEK TWP,US House,2,Rep,Kevin Jones,5,0,5,0,0,0
Allen,0003 DEER CREEK TWP,US House,2,Rep,Doug Mays,2,0,2,0,0,0
Allen,0003 DEER CREEK TWP,US House,2,Rep,Dennis Pyle,0,0,0,0,0,0
Allen,0003 DEER CREEK TWP,US House,2,Rep,Caryn Tyson,8,0,8,0,0,0
Allen,0003 DEER CREEK TWP,US House,2,Rep,Steve Watkins,4,1,3,0,0,0
Allen,0003 DEER CREEK TWP,Governor/Lt. Governor,,Rep,Jim Barnett/Rosie Hansen,0,0,0,0,0,0
Allen,0003 DEER CREEK TWP,Governor/Lt. Governor,,Rep,Jeff Colyer/Tracey Mann,11,1,10,0,0,0
Allen,0003 DEER CREEK TWP,Governor/Lt. Governor,,Rep,Kris Kobach/Wink Hartman,10,0,10,0,0,0
Allen,0003 DEER CREEK TWP,Governor/Lt. Governor,,Rep,"Patrick ""PK"" Kucera/Patricia Reitz",0,0,0,0,0,0
Allen,0003 DEER CREEK TWP,Governor/Lt. Governor,,Rep,Tyler Ruzich/Dominic Scavuzzo,0,0,0,0,0,0
Allen,0003 DEER CREEK TWP,Governor/Lt. Governor,,Rep,Ken Selzer/Jen Sanderson,0,0,0,0,0,0
Allen,0003 DEER CREEK TWP,Governor/Lt. Governor,,Rep,"Joseph Tutera, Jr./Phillip Clement",0,0,0,0,0,0
Allen,0003 DEER CREEK TWP,Secretary of State,,Rep,Randy Duncan,5,0,5,0,0,0
Allen,0003 DEER CREEK TWP,Secretary of State,,Rep,Keith Esau,0,0,0,0,0,0
Allen,0003 DEER CREEK TWP,Secretary of State,,Rep,Craig McCullah,2,0,2,0,0,0
Allen,0003 DEER CREEK TWP,Secretary of State,,Rep,Scott Schwab,6,0,6,0,0,0
Allen,0003 DEER CREEK TWP,Secretary of State,,Rep,Dennis Taylor,8,1,7,0,0,0
Allen,0003 DEER CREEK TWP,Attorney General,,Rep,Derek Schmidt,18,1,17,0,0,0
Allen,0003 DEER CREEK TWP,State Treasurer,,Rep,Jake LaTurner,15,1,14,0,0,0
Allen,0003 DEER CREEK TWP,Commissioner of Insurance,,Rep,Vicki Schmidt,11,1,10,0,0,0
Allen,0003 DEER CREEK TWP,Commissioner of Insurance,,Rep,Clark Shultz,8,0,8,0,0,0
Allen,0003 DEER CREEK TWP,State House,9,Rep,Kent L. Thompson,20,1,19,0,0,0
Allen,0004 EAST ELM TWP,REGISTERED VOTERS,,,REGISTERED VOTERS - TOTAL,435,,,,,
Allen,0004 EAST ELM TWP,BALLOTS CAST - Dem,,Dem,BALLOTS CAST - Democratic,15,2,13,0,0,0
Allen,0004 EAST ELM TWP,BALLOTS CAST - Rep,,Rep,BALLOTS CAST - Republican,70,3,65,0,2,0
Allen,0004 EAST ELM TWP,US House,2,Dem,Paul Davis,10,2,8,0,0,0
Allen,0004 EAST ELM TWP,Governor/Lt. Governor,,Dem,Arden Andersen/Dale Cowsert,3,1,2,0,0,0
Allen,0004 EAST ELM TWP,Governor/Lt. Governor,,Dem,Jack Bergeson / Alexander Cline,0,0,0,0,0,0
Allen,0004 EAST ELM TWP,Governor/Lt. Governor,,Dem,Carl Brewer/Chris Morrow,1,0,1,0,0,0
Allen,0004 EAST ELM TWP,Governor/Lt. Governor,,Dem,Laura Kelly/Lynn Rogers,6,1,5,0,0,0
Allen,0004 EAST ELM TWP,Governor/Lt. Governor,,Dem,Joshua Svaty/Katrina Gier Lewison,2,0,2,0,0,0
Allen,0004 EAST ELM TWP,Secretary of State,,Dem,"Brian ""BAM"" McClendon",11,2,9,0,0,0
Allen,0004 EAST ELM TWP,Attorney General,,Dem,Sarah G. Swain,10,2,8,0,0,0
Allen,0004 EAST ELM TWP,State Treasurer,,Dem,Marci Francisco,11,2,9,0,0,0
Allen,0004 EAST ELM TWP,Commissioner of Insurance,,Dem,Nathaniel McLaughlin,10,1,9,0,0,0
Allen,0004 EAST ELM TWP,State House,9,Dem,WRITE-IN.,0,0,0,0,0,0
Allen,0004 EAST ELM TWP,US House,2,Rep,Vernon J. Fields,1,0,1,0,0,0
Allen,0004 EAST ELM TWP,US House,2,Rep,Steve Fitzgerald,10,1,9,0,0,0
Allen,0004 EAST ELM TWP,US House,2,Rep,Kevin Jones,8,0,8,0,0,0
Allen,0004 EAST ELM TWP,US House,2,Rep,Doug Mays,2,0,2,0,0,0
Allen,0004 EAST ELM TWP,US House,2,Rep,Dennis Pyle,3,0,3,0,0,0
Allen,0004 EAST ELM TWP,US House,2,Rep,Caryn Tyson,30,1,27,0,2,0
Allen,0004 EAST ELM TWP,US House,2,Rep,Steve Watkins,14,0,14,0,0,0
Allen,0004 EAST ELM TWP,Governor/Lt. Governor,,Rep,Jim Barnett/Rosie Hansen,7,0,7,0,0,0
Allen,0004 EAST ELM TWP,Governor/Lt. Governor,,Rep,Jeff Colyer/Tracey Mann,27,2,23,0,2,0
Allen,0004 EAST ELM TWP,Governor/Lt. Governor,,Rep,Kris Kobach/Wink Hartman,32,1,31,0,0,0
Allen,0004 EAST ELM TWP,Governor/Lt. Governor,,Rep,"Patrick ""PK"" Kucera/Patricia Reitz",0,0,0,0,0,0
Allen,0004 EAST ELM TWP,Governor/Lt. Governor,,Rep,Tyler Ruzich/Dominic Scavuzzo,0,0,0,0,0,0
Allen,0004 EAST ELM TWP,Governor/Lt. Governor,,Rep,Ken Selzer/Jen Sanderson,3,0,3,0,0,0
Allen,0004 EAST ELM TWP,Governor/Lt. Governor,,Rep,"Joseph Tutera, Jr./Phillip Clement",0,0,0,0,0,0
Allen,0004 EAST ELM TWP,Secretary of State,,Rep,Randy Duncan,15,0,15,0,0,0
Allen,0004 EAST ELM TWP,Secretary of State,,Rep,Keith Esau,4,0,4,0,0,0
Allen,0004 EAST ELM TWP,Secretary of State,,Rep,Craig McCullah,12,0,12,0,0,0
Allen,0004 EAST ELM TWP,Secretary of State,,Rep,Scott Schwab,21,2,17,0,2,0
Allen,0004 EAST ELM TWP,Secretary of State,,Rep,Dennis Taylor,11,0,11,0,0,0
Allen,0004 EAST ELM TWP,Attorney General,,Rep,Derek Schmidt,66,3,61,0,2,0
Allen,0004 EAST ELM TWP,State Treasurer,,Rep,Jake LaTurner,65,2,61,0,2,0
Allen,0004 EAST ELM TWP,Commissioner of Insurance,,Rep,Vicki Schmidt,42,2,39,0,1,0
Allen,0004 EAST ELM TWP,Commissioner of Insurance,,Rep,Clark Shultz,24,1,22,0,1,0
Allen,0004 EAST ELM TWP,State House,9,Rep,Kent L. Thompson,66,3,63,0,0,0
Allen,0005 WEST ELM TWP,REGISTERED VOTERS,,,REGISTERED VOTERS - TOTAL,703,,,,,
Allen,0005 WEST ELM TWP,BALLOTS CAST - Dem,,Dem,BALLOTS CAST - Democratic,23,5,18,0,0,0
Allen,0005 WEST ELM TWP,BALLOTS CAST - Rep,,Rep,BALLOTS CAST - Republican,147,15,129,0,1,2
Allen,0005 WEST ELM TWP,US House,2,Dem,Paul Davis,18,5,13,0,0,0
Allen,0005 WEST ELM TWP,Governor/Lt. Governor,,Dem,Arden Andersen/Dale Cowsert,0,0,0,0,0,0
Allen,0005 WEST ELM TWP,Governor/Lt. Governor,,Dem,Jack Bergeson / Alexander Cline,3,0,3,0,0,0
Allen,0005 WEST ELM TWP,Governor/Lt. Governor,,Dem,Carl Brewer/Chris Morrow,4,0,4,0,0,0
Allen,0005 WEST ELM TWP,Governor/Lt. Governor,,Dem,Laura Kelly/Lynn Rogers,12,4,8,0,0,0
Allen,0005 WEST ELM TWP,Governor/Lt. Governor,,Dem,Joshua Svaty/Katrina Gier Lewison,3,1,2,0,0,0
Allen,0005 WEST ELM TWP,Secretary of State,,Dem,"Brian ""BAM"" McClendon",17,5,12,0,0,0
Allen,0005 WEST ELM TWP,Attorney General,,Dem,Sarah G. Swain,16,3,13,0,0,0
Allen,0005 WEST ELM TWP,State Treasurer,,Dem,Marci Francisco,18,5,13,0,0,0
Allen,0005 WEST ELM TWP,Commissioner of Insurance,,Dem,Nathaniel McLaughlin,18,5,13,0,0,0
Allen,0005 WEST ELM TWP,State House,9,Dem,WRITE-IN.,1,0,1,0,0,0
Allen,0005 WEST ELM TWP,US House,2,Rep,Vernon J. Fields,1,0,1,0,0,0
Allen,0005 WEST ELM TWP,US House,2,Rep,Steve Fitzgerald,8,0,7,0,0,1
Allen,0005 WEST ELM TWP,US House,2,Rep,Kevin Jones,23,0,22,0,0,1
Allen,0005 WEST ELM TWP,US House,2,Rep,Doug Mays,4,3,1,0,0,0
Allen,0005 WEST ELM TWP,US House,2,Rep,Dennis Pyle,10,1,9,0,0,0
Allen,0005 WEST ELM TWP,US House,2,Rep,Caryn Tyson,73,7,65,0,1,0
Allen,0005 WEST ELM TWP,US House,2,Rep,Steve Watkins,27,4,23,0,0,0
Allen,0005 WEST ELM TWP,Governor/Lt. Governor,,Rep,Jim Barnett/Rosie Hansen,22,1,20,0,1,0
Allen,0005 WEST ELM TWP,Governor/Lt. Governor,,Rep,Jeff Colyer/Tracey Mann,48,12,35,0,0,1
Allen,0005 WEST ELM TWP,Governor/Lt. Governor,,Rep,Kris Kobach/Wink Hartman,62,1,60,0,0,1
Allen,0005 WEST ELM TWP,Governor/Lt. Governor,,Rep,"Patrick ""PK"" Kucera/Patricia Reitz",1,0,1,0,0,0
Allen,0005 WEST ELM TWP,Governor/Lt. Governor,,Rep,Tyler Ruzich/Dominic Scavuzzo,0,0,0,0,0,0
Allen,0005 WEST ELM TWP,Governor/Lt. Governor,,Rep,Ken Selzer/Jen Sanderson,12,1,11,0,0,0
Allen,0005 WEST ELM TWP,Governor/Lt. Governor,,Rep,"Joseph Tutera, Jr./Phillip Clement",0,0,0,0,0,0
Allen,0005 WEST ELM TWP,Secretary of State,,Rep,Randy Duncan,29,5,24,0,0,0
Allen,0005 WEST ELM TWP,Secretary of State,,Rep,Keith Esau,9,0,8,0,0,1
Allen,0005 WEST ELM TWP,Secretary of State,,Rep,Craig McCullah,21,1,19,0,0,1
Allen,0005 WEST ELM TWP,Secretary of State,,Rep,Scott Schwab,56,6,49,0,1,0
Allen,0005 WEST ELM TWP,Secretary of State,,Rep,Dennis Taylor,18,1,17,0,0,0
Allen,0005 WEST ELM TWP,Attorney General,,Rep,Derek Schmidt,136,14,119,0,1,2
Allen,0005 WEST ELM TWP,State Treasurer,,Rep,Jake LaTurner,134,14,117,0,1,2
Allen,0005 WEST ELM TWP,Commissioner of Insurance,,Rep,Vicki Schmidt,93,11,79,0,1,2
Allen,0005 WEST ELM TWP,State House,9,Rep,Kent L. Thompson,136,14,119,0,1,2
Allen,0006 N. ELSMORE TWP,REGISTERED VOTERS,,,REGISTERED VOTERS - TOTAL,120,,,,,
Allen,0006 N. ELSMORE TWP,BALLOTS CAST - Dem,,Dem,BALLOTS CAST - Democratic,6,1,5,0,0,0
Allen,0006 N. ELSMORE TWP,BALLOTS CAST - Rep,,Rep,BALLOTS CAST - Republican,33,1,32,0,0,0
Allen,0006 N. ELSMORE TWP,US House,2,Dem,Paul Davis,4,1,3,0,0,0
Allen,0006 N. ELSMORE TWP,Governor/Lt. Governor,,Dem,Arden Andersen/Dale Cowsert,0,0,0,0,0,0
Allen,0006 N. ELSMORE TWP,Governor/Lt. Governor,,Dem,Jack Bergeson / Alexander Cline,2,0,2,0,0,0
Allen,0006 N. ELSMORE TWP,Governor/Lt. Governor,,Dem,Carl Brewer/Chris Morrow,1,0,1,0,0,0
Allen,0006 N. ELSMORE TWP,Governor/Lt. Governor,,Dem,Laura Kelly/Lynn Rogers,2,1,1,0,0,0
Allen,0006 N. ELSMORE TWP,Governor/Lt. Governor,,Dem,Joshua Svaty/Katrina Gier Lewison,0,0,0,0,0,0
Allen,0006 N. ELSMORE TWP,Secretary of State,,Dem,"Brian ""BAM"" McClendon",4,1,3,0,0,0
Allen,0006 N. ELSMORE TWP,Attorney General,,Dem,Sarah G. Swain,4,1,3,0,0,0
Allen,0006 N. ELSMORE TWP,State Treasurer,,Dem,Marci Francisco,4,1,3,0,0,0
Allen,0006 N. ELSMORE TWP,Commissioner of Insurance,,Dem,Nathaniel McLaughlin,5,1,4,0,0,0
Allen,0006 N. ELSMORE TWP,State House,2,Dem,"Adam J. Lusker, Sr. .",4,1,3,0,0,0
Allen,0006 N. ELSMORE TWP,US House,2,Rep,Vernon J. Fields,0,0,0,0,0,0
Allen,0006 N. ELSMORE TWP,US House,2,Rep,Steve Fitzgerald,6,0,6,0,0,0
Allen,0006 N. ELSMORE TWP,US House,2,Rep,Kevin Jones,5,0,5,0,0,0
Allen,0006 N. ELSMORE TWP,US House,2,Rep,Doug Mays,0,0,0,0,0,0
Allen,0006 N. ELSMORE TWP,US House,2,Rep,Dennis Pyle,3,0,3,0,0,0
Allen,0006 N. ELSMORE TWP,US House,2,Rep,Caryn Tyson,17,1,16,0,0,0
Allen,0006 N. ELSMORE TWP,US House,2,Rep,Steve Watkins,2,0,2,0,0,0
Allen,0006 N. ELSMORE TWP,Governor/Lt. Governor,,Rep,Jim Barnett/Rosie Hansen,3,0,3,0,0,0
Allen,0006 N. ELSMORE TWP,Governor/Lt. Governor,,Rep,Jeff Colyer/Tracey Mann,8,1,7,0,0,0
Allen,0006 N. ELSMORE TWP,Governor/Lt. Governor,,Rep,Kris Kobach/Wink Hartman,19,0,19,0,0,0
Allen,0006 N. ELSMORE TWP,Governor/Lt. Governor,,Rep,"Patrick ""PK"" Kucera/Patricia Reitz",0,0,0,0,0,0
Allen,0006 N. ELSMORE TWP,Governor/Lt. Governor,,Rep,Tyler Ruzich/Dominic Scavuzzo,0,0,0,0,0,0
Allen,0006 N. ELSMORE TWP,Governor/Lt. Governor,,Rep,Ken Selzer/Jen Sanderson,2,0,2,0,0,0
Allen,0006 N. ELSMORE TWP,Governor/Lt. Governor,,Rep,"Joseph Tutera, Jr./Phillip Clement",0,0,0,0,0,0
Allen,0006 N. ELSMORE TWP,Secretary of State,,Rep,Randy Duncan,9,0,9,0,0,0
Allen,0006 N. ELSMORE TWP,Secretary of State,,Rep,Keith Esau,10,0,10,0,0,0
Allen,0006 N. ELSMORE TWP,Secretary of State,,Rep,Craig McCullah,3,0,3,0,0,0
Allen,0006 N. ELSMORE TWP,Secretary of State,,Rep,Scott Schwab,7,0,7,0,0,0
Allen,0006 N. ELSMORE TWP,Secretary of State,,Rep,Dennis Taylor,2,0,2,0,0,0
Allen,0006 N. ELSMORE TWP,Attorney General,,Rep,Derek Schmidt,31,1,30,0,0,0
Allen,0006 N. ELSMORE TWP,State Treasurer,,Rep,Jake LaTurner,29,1,28,0,0,0
Allen,0006 N. ELSMORE TWP,Commissioner of Insurance,,Rep,Vicki Schmidt,13,0,13,0,0,0
Allen,0006 N. ELSMORE TWP,Commissioner of Insurance,,Rep,Clark Shultz,20,1,19,0,0,0
Allen,0006 N. ELSMORE TWP,State House,2,Rep,Kenneth Collins,29,1,28,0,0,0
Allen,0007 S. ELSMORE TWP,REGISTERED VOTERS,,,REGISTERED VOTERS - TOTAL,116,,,,,
Allen,0007 S. ELSMORE TWP,BALLOTS CAST - Dem,,Dem,BALLOTS CAST - Democratic,1,1,0,0,0,0
Allen,0007 S. ELSMORE TWP,BALLOTS CAST - Rep,,Rep,BALLOTS CAST - Republican,17,1,14,0,2,0
Allen,0007 S. ELSMORE TWP,US House,2,Dem,Paul Davis,1,1,0,0,0,0
Allen,0007 S. ELSMORE TWP,Governor/Lt. Governor,,Dem,Arden Andersen/Dale Cowsert,0,0,0,0,0,0
Allen,0007 S. ELSMORE TWP,Governor/Lt. Governor,,Dem,Jack Bergeson / Alexander Cline,0,0,0,0,0,0
Allen,0007 S. ELSMORE TWP,Governor/Lt. Governor,,Dem,Carl Brewer/Chris Morrow,0,0,0,0,0,0
Allen,0007 S. ELSMORE TWP,Governor/Lt. Governor,,Dem,Laura Kelly/Lynn Rogers,0,0,0,0,0,0
Allen,0007 S. ELSMORE TWP,Governor/Lt. Governor,,Dem,Joshua Svaty/Katrina Gier Lewison,0,0,0,0,0,0
Allen,0007 S. ELSMORE TWP,Secretary of State,,Dem,"Brian ""BAM"" McClendon",1,1,0,0,0,0
Allen,0007 S. ELSMORE TWP,Attorney General,,Dem,Sarah G. Swain,1,1,0,0,0,0
Allen,0007 S. ELSMORE TWP,State Treasurer,,Dem,Marci Francisco,1,1,0,0,0,0
Allen,0007 S. ELSMORE TWP,Commissioner of Insurance,,Dem,Nathaniel McLaughlin,1,1,0,0,0,0
Allen,0007 S. ELSMORE TWP,State House,2,Dem,"Adam J. Lusker, Sr. .",1,1,0,0,0,0
Allen,0007 S. ELSMORE TWP,US House,2,Rep,Vernon J. Fields,0,0,0,0,0,0
Allen,0007 S. ELSMORE TWP,US House,2,Rep,Steve Fitzgerald,4,0,4,0,0,0
Allen,0007 S. ELSMORE TWP,US House,2,Rep,Kevin Jones,5,1,2,0,2,0
Allen,0007 S. ELSMORE TWP,US House,2,Rep,Doug Mays,0,0,0,0,0,0
Allen,0007 S. ELSMORE TWP,US House,2,Rep,Dennis Pyle,2,0,2,0,0,0
Allen,0007 S. ELSMORE TWP,US House,2,Rep,Caryn Tyson,5,0,5,0,0,0
Allen,0007 S. ELSMORE TWP,US House,2,Rep,Steve Watkins,1,0,1,0,0,0
Allen,0007 S. ELSMORE TWP,Governor/Lt. Governor,,Rep,Jim Barnett/Rosie Hansen,0,0,0,0,0,0
Allen,0007 S. ELSMORE TWP,Governor/Lt. Governor,,Rep,Jeff Colyer/Tracey Mann,3,0,3,0,0,0
Allen,0007 S. ELSMORE TWP,Governor/Lt. Governor,,Rep,Kris Kobach/Wink Hartman,13,1,10,0,2,0
Allen,0007 S. ELSMORE TWP,Governor/Lt. Governor,,Rep,"Patrick ""PK"" Kucera/Patricia Reitz",0,0,0,0,0,0
Allen,0007 S. ELSMORE TWP,Governor/Lt. Governor,,Rep,Tyler Ruzich/Dominic Scavuzzo,0,0,0,0,0,0
Allen,0007 S. ELSMORE TWP,Governor/Lt. Governor,,Rep,Ken Selzer/Jen Sanderson,1,0,1,0,0,0
Allen,0007 S. ELSMORE TWP,Governor/Lt. Governor,,Rep,"Joseph Tutera, Jr./Phillip Clement",0,0,0,0,0,0
Allen,0007 S. ELSMORE TWP,Secretary of State,,Rep,Randy Duncan,0,0,0,0,0,0
Allen,0007 S. ELSMORE TWP,Secretary of State,,Rep,Keith Esau,3,0,3,0,0,0
Allen,0007 S. ELSMORE TWP,Secretary of State,,Rep,Craig McCullah,3,0,1,0,2,0
Allen,0007 S. ELSMORE TWP,Secretary of State,,Rep,Scott Schwab,6,1,5,0,0,0
Allen,0007 S. ELSMORE TWP,Secretary of State,,Rep,Dennis Taylor,4,0,4,0,0,0
Allen,0007 S. ELSMORE TWP,Attorney General,,Rep,Derek Schmidt,16,1,13,0,2,0
Allen,0007 S. ELSMORE TWP,State Treasurer,,Rep,Jake LaTurner,17,1,14,0,2,0
Allen,0007 S. ELSMORE TWP,Commissioner of Insurance,,Rep,Vicki Schmidt,2,0,2,0,0,0
Allen,0007 S. ELSMORE TWP,Commissioner of Insurance,,Rep,Clark Shultz,15,1,12,0,2,0
Allen,0007 S. ELSMORE TWP,State House,2,Rep,Kenneth Collins,16,1,13,0,2,0
Allen,0008 GENEVA TWP,REGISTERED VOTERS,,,REGISTERED VOTERS - TOTAL,92,,,,,
Allen,0008 GENEVA TWP,BALLOTS CAST - Dem,,Dem,BALLOTS CAST - Democratic,3,2,1,0,0,0
Allen,0008 GENEVA TWP,BALLOTS CAST - Rep,,Rep,BALLOTS CAST - Republican,31,5,26,0,0,0
Allen,0008 GENEVA TWP,US House,2,Dem,Paul Davis,3,2,1,0,0,0
Allen,0008 GENEVA TWP,Governor/Lt. Governor,,Dem,Arden Andersen/Dale Cowsert,0,0,0,0,0,0
Allen,0008 GENEVA TWP,Governor/Lt. Governor,,Dem,Jack Bergeson / Alexander Cline,0,0,0,0,0,0
Allen,0008 GENEVA TWP,Governor/Lt. Governor,,Dem,Carl Brewer/Chris Morrow,0,0,0,0,0,0
Allen,0008 GENEVA TWP,Governor/Lt. Governor,,Dem,Laura Kelly/Lynn Rogers,3,2,1,0,0,0
Allen,0008 GENEVA TWP,Governor/Lt. Governor,,Dem,Joshua Svaty/Katrina Gier Lewison,0,0,0,0,0,0
Allen,0008 GENEVA TWP,Secretary of State,,Dem,"Brian ""BAM"" McClendon",3,2,1,0,0,0
Allen,0008 GENEVA TWP,Attorney General,,Dem,Sarah G. Swain,3,2,1,0,0,0
Allen,0008 GENEVA TWP,State Treasurer,,Dem,Marci Francisco,3,2,1,0,0,0
Allen,0008 GENEVA TWP,Commissioner of Insurance,,Dem,Nathaniel McLaughlin,3,2,1,0,0,0
Allen,0008 GENEVA TWP,State House,9,Dem,WRITE-IN.,1,0,1,0,0,0
Allen,0008 GENEVA TWP,US House,2,Rep,Vernon J. Fields,0,0,0,0,0,0
Allen,0008 GENEVA TWP,US House,2,Rep,Steve Fitzgerald,2,1,1,0,0,0
Allen,0008 GENEVA TWP,US House,2,Rep,Kevin Jones,4,2,2,0,0,0
Allen,0008 GENEVA TWP,US House,2,Rep,Doug Mays,0,0,0,0,0,0
Allen,0008 GENEVA TWP,US House,2,Rep,Dennis Pyle,1,0,1,0,0,0
Allen,0008 GENEVA TWP,US House,2,Rep,Caryn Tyson,21,1,20,0,0,0
Allen,0008 GENEVA TWP,US House,2,Rep,Steve Watkins,3,1,2,0,0,0
Allen,0008 GENEVA TWP,Governor/Lt. Governor,,Rep,Jim Barnett/Rosie Hansen,1,0,1,0,0,0
Allen,0008 GENEVA TWP,Governor/Lt. Governor,,Rep,Jeff Colyer/Tracey Mann,11,2,9,0,0,0
Allen,0008 GENEVA TWP,Governor/Lt. Governor,,Rep,Kris Kobach/Wink Hartman,18,3,15,0,0,0
Allen,0008 GENEVA TWP,Governor/Lt. Governor,,Rep,"Patrick ""PK"" Kucera/Patricia Reitz",0,0,0,0,0,0
Allen,0008 GENEVA TWP,Governor/Lt. Governor,,Rep,Tyler Ruzich/Dominic Scavuzzo,0,0,0,0,0,0
Allen,0008 GENEVA TWP,Governor/Lt. Governor,,Rep,Ken Selzer/Jen Sanderson,0,0,0,0,0,0
Allen,0008 GENEVA TWP,Governor/Lt. Governor,,Rep,"Joseph Tutera, Jr./Phillip Clement",0,0,0,0,0,0
Allen,0008 GENEVA TWP,Secretary of State,,Rep,Randy Duncan,5,0,5,0,0,0
Allen,0008 GENEVA TWP,Secretary of State,,Rep,Keith Esau,4,0,4,0,0,0
Allen,0008 GENEVA TWP,Secretary of State,,Rep,Craig McCullah,3,1,2,0,0,0
Allen,0008 GENEVA TWP,Secretary of State,,Rep,Scott Schwab,15,2,13,0,0,0
Allen,0008 GENEVA TWP,Secretary of State,,Rep,Dennis Taylor,1,0,1,0,0,0
Allen,0008 GENEVA TWP,Attorney General,,Rep,Derek Schmidt,30,4,26,0,0,0
Allen,0008 GENEVA TWP,State Treasurer,,Rep,Jake LaTurner,29,4,25,0,0,0
Allen,0008 GENEVA TWP,Commissioner of Insurance,,Rep,Vicki Schmidt,10,1,9,0,0,0
Allen,0008 GENEVA TWP,Commissioner of Insurance,,Rep,Clark Shultz,20,4,16,0,0,0
Allen,0008 GENEVA TWP,State House,9,Rep,Kent L. Thompson,29,3,26,0,0,0
Allen,0009 HUMBOLDT TWP,REGISTERED VOTERS,,,REGISTERED VOTERS - TOTAL,191,,,,,
Allen,0009 HUMBOLDT TWP,BALLOTS CAST - Dem,,,BALLOTS CAST - Democratic,6,1,5,0,0,0
Allen,0009 HUMBOLDT TWP,BALLOTS CAST - Rep,,,BALLOTS CAST - Republican,52,4,48,0,0,0
Allen,0009 HUMBOLDT TWP,US House,2,Dem,Paul Davis,6,1,5,0,0,0
Allen,0009 HUMBOLDT TWP,Governor/Lt. Governor,,Dem,Arden Andersen/Dale Cowsert,1,0,1,0,0,0
Allen,0009 HUMBOLDT TWP,Governor/Lt. Governor,,Dem,Jack Bergeson / Alexander Cline,0,0,0,0,0,0
Allen,0009 HUMBOLDT TWP,Governor/Lt. Governor,,Dem,Carl Brewer/Chris Morrow,2,0,2,0,0,0
Allen,0009 HUMBOLDT TWP,Governor/Lt. Governor,,Dem,Laura Kelly/Lynn Rogers,0,0,0,0,0,0
Allen,0009 HUMBOLDT TWP,Governor/Lt. Governor,,Dem,Joshua Svaty/Katrina Gier Lewison,3,1,2,0,0,0
Allen,0009 HUMBOLDT TWP,Secretary of State,,Dem,"Brian ""BAM"" McClendon",6,1,5,0,0,0
Allen,0009 HUMBOLDT TWP,Attorney General,,Dem,Sarah G. Swain,6,1,5,0,0,0
Allen,0009 HUMBOLDT TWP,State Treasurer,,Dem,Marci Francisco,6,1,5,0,0,0
Allen,0009 HUMBOLDT TWP,Commissioner of Insurance,,Dem,Nathaniel McLaughlin,6,1,5,0,0,0
Allen,0009 HUMBOLDT TWP,State House,9,Dem,WRITE-IN.,1,0,1,0,0,0
Allen,0009 HUMBOLDT TWP,US House,2,Rep,Vernon J. Fields,0,0,0,0,0,0
Allen,0009 HUMBOLDT TWP,US House,2,Rep,Steve Fitzgerald,4,0,4,0,0,0
Allen,0009 HUMBOLDT TWP,US House,2,Rep,Kevin Jones,11,2,9,0,0,0
Allen,0009 HUMBOLDT TWP,US House,2,Rep,Doug Mays,1,0,1,0,0,0
Allen,0009 HUMBOLDT TWP,US House,2,Rep,Dennis Pyle,2,0,2,0,0,0
Allen,0009 HUMBOLDT TWP,US House,2,Rep,Caryn Tyson,23,2,21,0,0,0
Allen,0009 HUMBOLDT TWP,US House,2,Rep,Steve Watkins,10,0,10,0,0,0
Allen,0009 HUMBOLDT TWP,Governor/Lt. Governor,,Rep,Jim Barnett/Rosie Hansen,1,0,1,0,0,0
Allen,0009 HUMBOLDT TWP,Governor/Lt. Governor,,Rep,Jeff Colyer/Tracey Mann,19,2,17,0,0,0
Allen,0009 HUMBOLDT TWP,Governor/Lt. Governor,,Rep,Kris Kobach/Wink Hartman,22,0,22,0,0,0
Allen,0009 HUMBOLDT TWP,Governor/Lt. Governor,,Rep,"Patrick ""PK"" Kucera/Patricia Reitz",0,0,0,0,0,0
Allen,0009 HUMBOLDT TWP,Governor/Lt. Governor,,Rep,Tyler Ruzich/Dominic Scavuzzo,1,0,1,0,0,0
Allen,0009 HUMBOLDT TWP,Governor/Lt. Governor,,Rep,Ken Selzer/Jen Sanderson,7,1,6,0,0,0
Allen,0009 HUMBOLDT TWP,Governor/Lt. Governor,,Rep,"Joseph Tutera, Jr./Phillip Clement",0,0,0,0,0,0
Allen,0009 HUMBOLDT TWP,Secretary of State,,Rep,Randy Duncan,14,2,12,0,0,0
Allen,0009 HUMBOLDT TWP,Secretary of State,,Rep,Keith Esau,3,0,3,0,0,0
Allen,0009 HUMBOLDT TWP,Secretary of State,,Rep,Craig McCullah,4,0,4,0,0,0
Allen,0009 HUMBOLDT TWP,Secretary of State,,Rep,Scott Schwab,18,0,18,0,0,0
Allen,0009 HUMBOLDT TWP,Secretary of State,,Rep,Dennis Taylor,7,0,7,0,0,0
Allen,0009 HUMBOLDT TWP,Attorney General,,Rep,Derek Schmidt,48,4,44,0,0,0
Allen,0009 HUMBOLDT TWP,State Treasurer,,Rep,Jake LaTurner,45,3,42,0,0,0
Allen,0009 HUMBOLDT TWP,Commissioner of Insurance,,Rep,Vicki Schmidt,29,3,26,0,0,0
Allen,0009 HUMBOLDT TWP,Commissioner of Insurance,,Rep,Clark Shultz,18,0,18,0,0,0
Allen,0009 HUMBOLDT TWP,State House,9,Rep,Kent L. Thompson,48,4,44,0,0,0
Allen,0010 N. IOLA TWP,REGISTERED VOTERS,,,REGISTERED VOTERS - TOTAL,177,,,,,
Allen,0010 N. IOLA TWP,BALLOTS CAST - Dem,,,BALLOTS CAST - Democratic,6,1,5,0,0,0
Allen,0010 N. IOLA TWP,BALLOTS CAST - Rep,,,BALLOTS CAST - Republican,61,12,49,0,0,0
Allen,0010 N. IOLA TWP,US House,2,Dem,Paul Davis,6,1,5,0,0,0
Allen,0010 N. IOLA TWP,Governor/Lt. Governor,,Dem,Arden Andersen/Dale Cowsert,0,0,0,0,0,0
Allen,0010 N. IOLA TWP,Governor/Lt. Governor,,Dem,Jack Bergeson / Alexander Cline,0,0,0,0,0,0
Allen,0010 N. IOLA TWP,Governor/Lt. Governor,,Dem,Carl Brewer/Chris Morrow,1,0,1,0,0,0
Allen,0010 N. IOLA TWP,Governor/Lt. Governor,,Dem,Laura Kelly/Lynn Rogers,1,1,0,0,0,0
Allen,0010 N. IOLA TWP,Governor/Lt. Governor,,Dem,Joshua Svaty/Katrina Gier Lewison,4,0,4,0,0,0
Allen,0010 N. IOLA TWP,Secretary of State,,Dem,"Brian ""BAM"" McClendon",6,1,5,0,0,0
Allen,0010 N. IOLA TWP,Attorney General,,Dem,Sarah G. Swain,6,1,5,0,0,0
Allen,0010 N. IOLA TWP,State Treasurer,,Dem,Marci Francisco,6,1,5,0,0,0
Allen,0010 N. IOLA TWP,Commissioner of Insurance,,Dem,Nathaniel McLaughlin,6,1,5,0,0,0
Allen,0010 N. IOLA TWP,State House,9,Dem,WRITE-IN.,3,0,3,0,0,0
Allen,0010 N. IOLA TWP,US House,2,Rep,Vernon J. Fields,0,0,0,0,0,0
Allen,0010 N. IOLA TWP,US House,2,Rep,Steve Fitzgerald,4,0,4,0,0,0
Allen,0010 N. IOLA TWP,US House,2,Rep,Kevin Jones,5,0,5,0,0,0
Allen,0010 N. IOLA TWP,US House,2,Rep,Doug Mays,1,1,0,0,0,0
Allen,0010 N. IOLA TWP,US House,2,Rep,Dennis Pyle,2,0,2,0,0,0
Allen,0010 N. IOLA TWP,US House,2,Rep,Caryn Tyson,36,7,29,0,0,0
Allen,0010 N. IOLA TWP,US House,2,Rep,Steve Watkins,10,2,8,0,0,0
Allen,0010 N. IOLA TWP,Governor/Lt. Governor,,Rep,Jim Barnett/Rosie Hansen,4,2,2,0,0,0
Allen,0010 N. IOLA TWP,Governor/Lt. Governor,,Rep,Jeff Colyer/Tracey Mann,26,7,19,0,0,0
Allen,0010 N. IOLA TWP,Governor/Lt. Governor,,Rep,Kris Kobach/Wink Hartman,25,1,24,0,0,0
Allen,0010 N. IOLA TWP,Governor/Lt. Governor,,Rep,"Patrick ""PK"" Kucera/Patricia Reitz",0,0,0,0,0,0
Allen,0010 N. IOLA TWP,Governor/Lt. Governor,,Rep,Tyler Ruzich/Dominic Scavuzzo,0,0,0,0,0,0
Allen,0010 N. IOLA TWP,Governor/Lt. Governor,,Rep,Ken Selzer/Jen Sanderson,5,1,4,0,0,0
Allen,0010 N. IOLA TWP,Governor/Lt. Governor,,Rep,"Joseph Tutera, Jr./Phillip Clement",1,1,0,0,0,0
Allen,0010 N. IOLA TWP,Secretary of State,,Rep,Randy Duncan,11,4,7,0,0,0
Allen,0010 N. IOLA TWP,Secretary of State,,Rep,Keith Esau,3,0,3,0,0,0
Allen,0010 N. IOLA TWP,Secretary of State,,Rep,Craig McCullah,3,0,3,0,0,0
Allen,0010 N. IOLA TWP,Secretary of State,,Rep,Scott Schwab,20,1,19,0,0,0
Allen,0010 N. IOLA TWP,Secretary of State,,Rep,Dennis Taylor,12,3,9,0,0,0
Allen,0010 N. IOLA TWP,Attorney General,,Rep,Derek Schmidt,54,9,45,0,0,0
Allen,0010 N. IOLA TWP,State Treasurer,,Rep,Jake LaTurner,51,7,44,0,0,0
Allen,0010 N. IOLA TWP,Commissioner of Insurance,,Rep,Vicki Schmidt,38,8,30,0,0,0
Allen,0010 N. IOLA TWP,Commissioner of Insurance,,Rep,Clark Shultz,20,3,17,0,0,0
Allen,0010 N. IOLA TWP,State House,9,Rep,Kent L. Thompson,51,9,42,0,0,0
Allen,0011 S. IOLA TWP,REGISTERED VOTERS,,,REGISTERED VOTERS - TOTAL,380,,,,,
Allen,0011 S. IOLA TWP,BALLOTS CAST - Dem,,Dem,BALLOTS CAST - Democratic,12,4,7,0,1,0
Allen,0011 S. IOLA TWP,BALLOTS CAST - Rep,,Rep,BALLOTS CAST - Republican,108,22,84,0,0,2
Allen,0011 S. IOLA TWP,US House,2,Dem,Paul Davis,12,4,7,0,1,0
Allen,0011 S. IOLA TWP,Governor/Lt. Governor,,Dem,Arden Andersen/Dale Cowsert,0,0,0,0,0,0
Allen,0011 S. IOLA TWP,Governor/Lt. Governor,,Dem,Jack Bergeson / Alexander Cline,2,0,2,0,0,0
Allen,0011 S. IOLA TWP,Governor/Lt. Governor,,Dem,Carl Brewer/Chris Morrow,0,0,0,0,0,0
Allen,0011 S. IOLA TWP,Governor/Lt. Governor,,Dem,Laura Kelly/Lynn Rogers,6,1,4,0,1,0
Allen,0011 S. IOLA TWP,Governor/Lt. Governor,,Dem,Joshua Svaty/Katrina Gier Lewison,4,3,1,0,0,0
Allen,0011 S. IOLA TWP,Secretary of State,,Dem,"Brian ""BAM"" McClendon",11,3,7,0,1,0
Allen,0011 S. IOLA TWP,Attorney General,,Dem,Sarah G. Swain,12,4,7,0,1,0
Allen,0011 S. IOLA TWP,State Treasurer,,Dem,Marci Francisco,11,4,6,0,1,0
Allen,0011 S. IOLA TWP,Commissioner of Insurance,,Dem,Nathaniel McLaughlin,12,4,7,0,1,0
Allen,0011 S. IOLA TWP,State House,9,Dem,WRITE-IN.,2,1,1,0,0,0
Allen,0011 S. IOLA TWP,US House,2,Rep,Vernon J. Fields,5,0,5,0,0,0
Allen,0011 S. IOLA TWP,US House,2,Rep,Steve Fitzgerald,13,2,11,0,0,0
Allen,0011 S. IOLA TWP,US House,2,Rep,Kevin Jones,17,4,13,0,0,0
Allen,0011 S. IOLA TWP,US House,2,Rep,Doug Mays,5,3,2,0,0,0
Allen,0011 S. IOLA TWP,US House,2,Rep,Dennis Pyle,4,1,3,0,0,0
Allen,0011 S. IOLA TWP,US House,2,Rep,Caryn Tyson,46,8,37,0,0,1
Allen,0011 S. IOLA TWP,US House,2,Rep,Steve Watkins,16,4,11,0,0,1
Allen,0011 S. IOLA TWP,Governor/Lt. Governor,,Rep,Jim Barnett/Rosie Hansen,10,3,7,0,0,0
Allen,0011 S. IOLA TWP,Governor/Lt. Governor,,Rep,Jeff Colyer/Tracey Mann,44,12,32,0,0,0
Allen,0011 S. IOLA TWP,Governor/Lt. Governor,,Rep,Kris Kobach/Wink Hartman,42,6,34,0,0,2
Allen,0011 S. IOLA TWP,Governor/Lt. Governor,,Rep,"Patrick ""PK"" Kucera/Patricia Reitz",0,0,0,0,0,0
Allen,0011 S. IOLA TWP,Governor/Lt. Governor,,Rep,Tyler Ruzich/Dominic Scavuzzo,1,0,1,0,0,0
Allen,0011 S. IOLA TWP,Governor/Lt. Governor,,Rep,Ken Selzer/Jen Sanderson,9,1,8,0,0,0
Allen,0011 S. IOLA TWP,Governor/Lt. Governor,,Rep,"Joseph Tutera, Jr./Phillip Clement",0,0,0,0,0,0
Allen,0011 S. IOLA TWP,Secretary of State,,Rep,Randy Duncan,22,4,18,0,0,0
Allen,0011 S. IOLA TWP,Secretary of State,,Rep,Keith Esau,7,1,6,0,0,0
Allen,0011 S. IOLA TWP,Secretary of State,,Rep,Craig McCullah,5,1,4,0,0,0
Allen,0011 S. IOLA TWP,Secretary of State,,Rep,Scott Schwab,25,8,17,0,0,0
Allen,0011 S. IOLA TWP,Secretary of State,,Rep,Dennis Taylor,33,7,25,0,0,1
Allen,0011 S. IOLA TWP,Attorney General,,Rep,Derek Schmidt,102,22,79,0,0,1
Allen,0011 S. IOLA TWP,State Treasurer,,Rep,Jake LaTurner,96,20,75,0,0,1
Allen,0011 S. IOLA TWP,Commissioner of Insurance,,Rep,Vicki Schmidt,61,14,46,0,0,1
Allen,0011 S. IOLA TWP,Commissioner of Insurance,,Rep,Clark Shultz,35,6,29,0,0,0
Allen,0011 S. IOLA TWP,State House,9,Rep,Kent L. Thompson,98,18,79,0,0,1
Allen,0012 LOGAN TWP,REGISTERED VOTERS,,,REGISTERED VOTERS - TOTAL,148,,,,,
Allen,0012 LOGAN TWP,BALLOTS CAST - Dem,,Dem,BALLOTS CAST - Democratic,7,0,7,0,0,0
Allen,0012 LOGAN TWP,BALLOTS CAST - Rep,,Rep,BALLOTS CAST - Republican,22,4,18,0,0,0
Allen,0012 LOGAN TWP,US House,2,Dem,Paul Davis,7,0,7,0,0,0
Allen,0012 LOGAN TWP,Governor/Lt. Governor,,Dem,Arden Andersen/Dale Cowsert,1,0,1,0,0,0
Allen,0012 LOGAN TWP,Governor/Lt. Governor,,Dem,Jack Bergeson / Alexander Cline,2,0,2,0,0,0
Allen,0012 LOGAN TWP,Governor/Lt. Governor,,Dem,Carl Brewer/Chris Morrow,0,0,0,0,0,0
Allen,0012 LOGAN TWP,Governor/Lt. Governor,,Dem,Laura Kelly/Lynn Rogers,2,0,2,0,0,0
Allen,0012 LOGAN TWP,Governor/Lt. Governor,,Dem,Joshua Svaty/Katrina Gier Lewison,2,0,2,0,0,0
Allen,0012 LOGAN TWP,Secretary of State,,Dem,"Brian ""BAM"" McClendon",5,0,5,0,0,0
Allen,0012 LOGAN TWP,Attorney General,,Dem,Sarah G. Swain,7,0,7,0,0,0
Allen,0012 LOGAN TWP,State Treasurer,,Dem,Marci Francisco,7,0,7,0,0,0
Allen,0012 LOGAN TWP,Commissioner of Insurance,,Dem,Nathaniel McLaughlin,7,0,7,0,0,0
Allen,0012 LOGAN TWP,State House,9,Dem,WRITE-IN.,1,0,1,0,0,0
Allen,0012 LOGAN TWP,US House,2,Rep,Vernon J. Fields,1,0,1,0,0,0
Allen,0012 LOGAN TWP,US House,2,Rep,Steve Fitzgerald,1,0,1,0,0,0
Allen,0012 LOGAN TWP,US House,2,Rep,Kevin Jones,5,0,5,0,0,0
Allen,0012 LOGAN TWP,US House,2,Rep,Doug Mays,0,0,0,0,0,0
Allen,0012 LOGAN TWP,US House,2,Rep,Dennis Pyle,0,0,0,0,0,0
Allen,0012 LOGAN TWP,US House,2,Rep,Caryn Tyson,6,2,4,0,0,0
Allen,0012 LOGAN TWP,US House,2,Rep,Steve Watkins,7,2,5,0,0,0
Allen,0012 LOGAN TWP,Governor/Lt. Governor,,Rep,Jim Barnett/Rosie Hansen,3,1,2,0,0,0
Allen,0012 LOGAN TWP,Governor/Lt. Governor,,Rep,Jeff Colyer/Tracey Mann,7,3,4,0,0,0
Allen,0012 LOGAN TWP,Governor/Lt. Governor,,Rep,Kris Kobach/Wink Hartman,9,0,9,0,0,0
Allen,0012 LOGAN TWP,Governor/Lt. Governor,,Rep,"Patrick ""PK"" Kucera/Patricia Reitz",0,0,0,0,0,0
Allen,0012 LOGAN TWP,Governor/Lt. Governor,,Rep,Tyler Ruzich/Dominic Scavuzzo,0,0,0,0,0,0
Allen,0012 LOGAN TWP,Governor/Lt. Governor,,Rep,Ken Selzer/Jen Sanderson,3,0,3,0,0,0
Allen,0012 LOGAN TWP,Governor/Lt. Governor,,Rep,"Joseph Tutera, Jr./Phillip Clement",0,0,0,0,0,0
Allen,0012 LOGAN TWP,Secretary of State,,Rep,Randy Duncan,5,0,5,0,0,0
Allen,0012 LOGAN TWP,Secretary of State,,Rep,Keith Esau,0,0,0,0,0,0
Allen,0012 LOGAN TWP,Secretary of State,,Rep,Craig McCullah,5,0,5,0,0,0
Allen,0012 LOGAN TWP,Secretary of State,,Rep,Scott Schwab,5,0,5,0,0,0
Allen,0012 LOGAN TWP,Secretary of State,,Rep,Dennis Taylor,4,3,1,0,0,0
Allen,0012 LOGAN TWP,Attorney General,,Rep,Derek Schmidt,21,4,17,0,0,0
Allen,0012 LOGAN TWP,State Treasurer,,Rep,Jake LaTurner,19,3,16,0,0,0
Allen,0012 LOGAN TWP,Commissioner of Insurance,,Rep,Vicki Schmidt,9,4,5,0,0,0
Allen,0012 LOGAN TWP,Commissioner of Insurance,,Rep,Clark Shultz,11,0,11,0,0,0
Allen,0012 LOGAN TWP,State House,9,Rep,Kent L. Thompson,19,4,15,0,0,0
Allen,0013 MARMATON TWP,REGISTERED VOTERS,,,REGISTERED VOTERS - TOTAL,553,,,,,
Allen,0013 MARMATON TWP,BALLOTS CAST - Dem,,Dem,BALLOTS CAST - Democratic,32,6,26,0,0,0
Allen,0013 MARMATON TWP,BALLOTS CAST - Rep,,Rep,BALLOTS CAST - Republican,113,10,100,0,3,0
Allen,0013 MARMATON TWP,US House,2,Dem,Paul Davis,28,6,22,0,0,0
Allen,0013 MARMATON TWP,Governor/Lt. Governor,,Dem,Arden Andersen/Dale Cowsert,6,2,4,0,0,0
Allen,0013 MARMATON TWP,Governor/Lt. Governor,,Dem,Jack Bergeson / Alexander Cline,2,0,2,0,0,0
Allen,0013 MARMATON TWP,Governor/Lt. Governor,,Dem,Carl Brewer/Chris Morrow,3,0,3,0,0,0
Allen,0013 MARMATON TWP,Governor/Lt. Governor,,Dem,Laura Kelly/Lynn Rogers,18,3,15,0,0,0
Allen,0013 MARMATON TWP,Governor/Lt. Governor,,Dem,Joshua Svaty/Katrina Gier Lewison,1,0,1,0,0,0
Allen,0013 MARMATON TWP,Secretary of State,,Dem,"Brian ""BAM"" McClendon",29,6,23,0,0,0
Allen,0013 MARMATON TWP,Attorney General,,Dem,Sarah G. Swain,27,5,22,0,0,0
Allen,0013 MARMATON TWP,State Treasurer,,Dem,Marci Francisco,27,5,22,0,0,0
Allen,0013 MARMATON TWP,Commissioner of Insurance,,Dem,Nathaniel McLaughlin,29,6,23,0,0,0
Allen,0013 MARMATON TWP,State House,2,Dem,"Adam J. Lusker, Sr. .",29,6,23,0,0,0
Allen,0013 MARMATON TWP,US House,2,Rep,Vernon J. Fields,4,0,4,0,0,0
Allen,0013 MARMATON TWP,US House,2,Rep,Steve Fitzgerald,8,0,6,0,2,0
Allen,0013 MARMATON TWP,US House,2,Rep,Kevin Jones,25,4,21,0,0,0
Allen,0013 MARMATON TWP,US House,2,Rep,Doug Mays,2,0,2,0,0,0
Allen,0013 MARMATON TWP,US House,2,Rep,Dennis Pyle,10,1,8,0,1,0
Allen,0013 MARMATON TWP,US House,2,Rep,Caryn Tyson,50,5,45,0,0,0
Allen,0013 MARMATON TWP,US House,2,Rep,Steve Watkins,11,0,11,0,0,0
Allen,0013 MARMATON TWP,Governor/Lt. Governor,,Rep,Jim Barnett/Rosie Hansen,11,3,8,0,0,0
Allen,0013 MARMATON TWP,Governor/Lt. Governor,,Rep,Jeff Colyer/Tracey Mann,54,6,47,0,1,0
Allen,0013 MARMATON TWP,Governor/Lt. Governor,,Rep,Kris Kobach/Wink Hartman,41,1,38,0,2,0
Allen,0013 MARMATON TWP,Governor/Lt. Governor,,Rep,"Patrick ""PK"" Kucera/Patricia Reitz",2,0,2,0,0,0
Allen,0013 MARMATON TWP,Governor/Lt. Governor,,Rep,Tyler Ruzich/Dominic Scavuzzo,0,0,0,0,0,0
Allen,0013 MARMATON TWP,Governor/Lt. Governor,,Rep,Ken Selzer/Jen Sanderson,4,0,4,0,0,0
Allen,0013 MARMATON TWP,Governor/Lt. Governor,,Rep,"Joseph Tutera, Jr./Phillip Clement",0,0,0,0,0,0
Allen,0013 MARMATON TWP,Secretary of State,,Rep,Randy Duncan,19,3,15,0,1,0
Allen,0013 MARMATON TWP,Secretary of State,,Rep,Keith Esau,6,0,6,0,0,0
Allen,0013 MARMATON TWP,Secretary of State,,Rep,Craig McCullah,14,0,13,0,1,0
Allen,0013 MARMATON TWP,Secretary of State,,Rep,Scott Schwab,36,3,32,0,1,0
Allen,0013 MARMATON TWP,Secretary of State,,Rep,Dennis Taylor,24,3,21,0,0,0
Allen,0013 MARMATON TWP,Attorney General,,Rep,Derek Schmidt,102,9,90,0,3,0
Allen,0013 MARMATON TWP,State Treasurer,,Rep,Jake LaTurner,92,10,80,0,2,0
Allen,0013 MARMATON TWP,Commissioner of Insurance,,Rep,Vicki Schmidt,56,6,49,0,1,0
Allen,0013 MARMATON TWP,Commissioner of Insurance,,Rep,Clark Shultz,48,3,43,0,2,0
Allen,0013 MARMATON TWP,State House,2,Rep,Kenneth Collins,90,9,79,0,2,0
Allen,0014 OSAGE TWP,REGISTERED VOTERS,,,REGISTERED VOTERS - TOTAL,152,,,,,
Allen,0014 OSAGE TWP,BALLOTS CAST - Dem,,,BALLOTS CAST - Democratic,7,1,6,0,0,0
Allen,0014 OSAGE TWP,BALLOTS CAST - Rep,,,BALLOTS CAST - Republican,26,1,25,0,0,0
Allen,0014 OSAGE TWP,US House,2,Dem,Paul Davis,6,1,5,0,0,0
Allen,0014 OSAGE TWP,Governor/Lt. Governor,,Dem,Arden Andersen/Dale Cowsert,1,0,1,0,0,0
Allen,0014 OSAGE TWP,Governor/Lt. Governor,,Dem,Jack Bergeson / Alexander Cline,0,0,0,0,0,0
Allen,0014 OSAGE TWP,Governor/Lt. Governor,,Dem,Carl Brewer/Chris Morrow,0,0,0,0,0,0
Allen,0014 OSAGE TWP,Governor/Lt. Governor,,Dem,Laura Kelly/Lynn Rogers,3,1,2,0,0,0
Allen,0014 OSAGE TWP,Governor/Lt. Governor,,Dem,Joshua Svaty/Katrina Gier Lewison,2,0,2,0,0,0
Allen,0014 OSAGE TWP,Secretary of State,,Dem,"Brian ""BAM"" McClendon",5,1,4,0,0,0
Allen,0014 OSAGE TWP,Attorney General,,Dem,Sarah G. Swain,5,1,4,0,0,0
Allen,0014 OSAGE TWP,State Treasurer,,Dem,Marci Francisco,5,1,4,0,0,0
Allen,0014 OSAGE TWP,Commissioner of Insurance,,Dem,Nathaniel McLaughlin,4,1,3,0,0,0
Allen,0014 OSAGE TWP,State House,2,Dem,"Adam J. Lusker, Sr. .",6,1,5,0,0,0
Allen,0014 OSAGE TWP,US House,2,Rep,Vernon J. Fields,0,0,0,0,0,0
Allen,0014 OSAGE TWP,US House,2,Rep,Steve Fitzgerald,3,0,3,0,0,0
Allen,0014 OSAGE TWP,US House,2,Rep,Kevin Jones,6,1,5,0,0,0
Allen,0014 OSAGE TWP,US House,2,Rep,Doug Mays,0,0,0,0,0,0
Allen,0014 OSAGE TWP,US House,2,Rep,Dennis Pyle,2,0,2,0,0,0
Allen,0014 OSAGE TWP,US House,2,Rep,Caryn Tyson,12,0,12,0,0,0
Allen,0014 OSAGE TWP,US House,2,Rep,Steve Watkins,3,0,3,0,0,0
Allen,0014 OSAGE TWP,Governor/Lt. Governor,,Rep,Jim Barnett/Rosie Hansen,3,0,3,0,0,0
Allen,0014 OSAGE TWP,Governor/Lt. Governor,,Rep,Jeff Colyer/Tracey Mann,12,1,11,0,0,0
Allen,0014 OSAGE TWP,Governor/Lt. Governor,,Rep,Kris Kobach/Wink Hartman,9,0,9,0,0,0
Allen,0014 OSAGE TWP,Governor/Lt. Governor,,Rep,"Patrick ""PK"" Kucera/Patricia Reitz",0,0,0,0,0,0
Allen,0014 OSAGE TWP,Governor/Lt. Governor,,Rep,Tyler Ruzich/Dominic Scavuzzo,0,0,0,0,0,0
Allen,0014 OSAGE TWP,Governor/Lt. Governor,,Rep,Ken Selzer/Jen Sanderson,0,0,0,0,0,0
Allen,0014 OSAGE TWP,Governor/Lt. Governor,,Rep,"Joseph Tutera, Jr./Phillip Clement",0,0,0,0,0,0
Allen,0014 OSAGE TWP,Secretary of State,,Rep,Randy Duncan,6,0,6,0,0,0
Allen,0014 OSAGE TWP,Secretary of State,,Rep,Keith Esau,1,0,1,0,0,0
Allen,0014 OSAGE TWP,Secretary of State,,Rep,Craig McCullah,1,0,1,0,0,0
Allen,0014 OSAGE TWP,Secretary of State,,Rep,Scott Schwab,6,1,5,0,0,0
Allen,0014 OSAGE TWP,Secretary of State,,Rep,Dennis Taylor,8,0,8,0,0,0
Allen,0014 OSAGE TWP,Attorney General,,Rep,Derek Schmidt,24,1,23,0,0,0
Allen,0014 OSAGE TWP,State Treasurer,,Rep,Jake LaTurner,23,1,22,0,0,0
Allen,0014 OSAGE TWP,Commissioner of Insurance,,Rep,Vicki Schmidt,18,0,18,0,0,0
Allen,0014 OSAGE TWP,Commissioner of Insurance,,Rep,Clark Shultz,8,1,7,0,0,0
Allen,0014 OSAGE TWP,State House,2,Rep,Kenneth Collins,24,1,23,0,0,0
Allen,0015 SALEM TWP,REGISTERED VOTERS,,,REGISTERED VOTERS - TOTAL,181,,,,,
Allen,0015 SALEM TWP,BALLOTS CAST - Dem,,,BALLOTS CAST - Democratic,13,5,8,0,0,0
Allen,0015 SALEM TWP,BALLOTS CAST - Rep,,,BALLOTS CAST - Republican,42,7,35,0,0,0
Allen,0015 SALEM TWP,US House,2,Dem,Paul Davis,12,5,7,0,0,0
Allen,0015 SALEM TWP,Governor/Lt. Governor,,Dem,Arden Andersen/Dale Cowsert,1,0,1,0,0,0
Allen,0015 SALEM TWP,Governor/Lt. Governor,,Dem,Jack Bergeson / Alexander Cline,1,1,0,0,0,0
Allen,0015 SALEM TWP,Governor/Lt. Governor,,Dem,Carl Brewer/Chris Morrow,2,0,2,0,0,0
Allen,0015 SALEM TWP,Governor/Lt. Governor,,Dem,Laura Kelly/Lynn Rogers,4,0,4,0,0,0
Allen,0015 SALEM TWP,Governor/Lt. Governor,,Dem,Joshua Svaty/Katrina Gier Lewison,5,4,1,0,0,0
Allen,0015 SALEM TWP,Secretary of State,,Dem,"Brian ""BAM"" McClendon",13,5,8,0,0,0
Allen,0015 SALEM TWP,Attorney General,,Dem,Sarah G. Swain,11,4,7,0,0,0
Allen,0015 SALEM TWP,State Treasurer,,Dem,Marci Francisco,12,5,7,0,0,0
Allen,0015 SALEM TWP,Commissioner of Insurance,,Dem,Nathaniel McLaughlin,11,4,7,0,0,0
Allen,0015 SALEM TWP,State House,9,Dem,WRITE-IN.,1,0,1,0,0,0
Allen,0015 SALEM TWP,US House,2,Rep,Vernon J. Fields,0,0,0,0,0,0
Allen,0015 SALEM TWP,US House,2,Rep,Steve Fitzgerald,4,0,4,0,0,0
Allen,0015 SALEM TWP,US House,2,Rep,Kevin Jones,7,2,5,0,0,0
Allen,0015 SALEM TWP,US House,2,Rep,Doug Mays,2,0,2,0,0,0
Allen,0015 SALEM TWP,US House,2,Rep,Dennis Pyle,3,0,3,0,0,0
Allen,0015 SALEM TWP,US House,2,Rep,Caryn Tyson,18,3,15,0,0,0
Allen,0015 SALEM TWP,US House,2,Rep,Steve Watkins,6,1,5,0,0,0
Allen,0015 SALEM TWP,Governor/Lt. Governor,,Rep,Jim Barnett/Rosie Hansen,4,1,3,0,0,0
Allen,0015 SALEM TWP,Governor/Lt. Governor,,Rep,Jeff Colyer/Tracey Mann,17,1,16,0,0,0
Allen,0015 SALEM TWP,Governor/Lt. Governor,,Rep,Kris Kobach/Wink Hartman,17,4,13,0,0,0
Allen,0015 SALEM TWP,Governor/Lt. Governor,,Rep,"Patrick ""PK"" Kucera/Patricia Reitz",0,0,0,0,0,0
Allen,0015 SALEM TWP,Governor/Lt. Governor,,Rep,Tyler Ruzich/Dominic Scavuzzo,1,0,1,0,0,0
Allen,0015 SALEM TWP,Governor/Lt. Governor,,Rep,Ken Selzer/Jen Sanderson,2,0,2,0,0,0
Allen,0015 SALEM TWP,Governor/Lt. Governor,,Rep,"Joseph Tutera, Jr./Phillip Clement",0,0,0,0,0,0
Allen,0015 SALEM TWP,Secretary of State,,Rep,Randy Duncan,7,1,6,0,0,0
Allen,0015 SALEM TWP,Secretary of State,,Rep,Keith Esau,6,0,6,0,0,0
Allen,0015 SALEM TWP,Secretary of State,,Rep,Craig McCullah,6,3,3,0,0,0
Allen,0015 SALEM TWP,Secretary of State,,Rep,Scott Schwab,13,2,11,0,0,0
Allen,0015 SALEM TWP,Secretary of State,,Rep,Dennis Taylor,8,0,8,0,0,0
Allen,0015 SALEM TWP,Attorney General,,Rep,Derek Schmidt,36,4,32,0,0,0
Allen,0015 SALEM TWP,State Treasurer,,Rep,Jake LaTurner,34,4,30,0,0,0
Allen,0015 SALEM TWP,Commissioner of Insurance,,Rep,Vicki Schmidt,29,5,24,0,0,0
Allen,0015 SALEM TWP,Commissioner of Insurance,,Rep,Clark Shultz,11,1,10,0,0,0
Allen,0015 SALEM TWP,State House,9,Rep,Kent L. Thompson,41,7,34,0,0,0
Allen,0016 HUMBOLDT WD 1,REGISTERED VOTERS,,,REGISTERED VOTERS - TOTAL,607,,,,,
Allen,0016 HUMBOLDT WD 1,BALLOTS CAST - Dem,,Dem,BALLOTS CAST - Democratic,50,6,44,0,0,0
Allen,0016 HUMBOLDT WD 1,BALLOTS CAST - Rep,,Rep,BALLOTS CAST - Republican,90,6,84,0,0,0
Allen,0016 HUMBOLDT WD 1,US House,2,Dem,Paul Davis,46,4,42,0,0,0
Allen,0016 HUMBOLDT WD 1,Governor/Lt. Governor,,Dem,Arden Andersen/Dale Cowsert,9,0,9,0,0,0
Allen,0016 HUMBOLDT WD 1,Governor/Lt. Governor,,Dem,Jack Bergeson / Alexander Cline,4,1,3,0,0,0
Allen,0016 HUMBOLDT WD 1,Governor/Lt. Governor,,Dem,Carl Brewer/Chris Morrow,4,0,4,0,0,0
Allen,0016 HUMBOLDT WD 1,Governor/Lt. Governor,,Dem,Laura Kelly/Lynn Rogers,18,2,16,0,0,0
Allen,0016 HUMBOLDT WD 1,Governor/Lt. Governor,,Dem,Joshua Svaty/Katrina Gier Lewison,14,2,12,0,0,0
Allen,0016 HUMBOLDT WD 1,Secretary of State,,Dem,"Brian ""BAM"" McClendon",48,4,44,0,0,0
Allen,0016 HUMBOLDT WD 1,Attorney General,,Dem,Sarah G. Swain,47,4,43,0,0,0
Allen,0016 HUMBOLDT WD 1,State Treasurer,,Dem,Marci Francisco,47,4,43,0,0,0
Allen,0016 HUMBOLDT WD 1,Commissioner of Insurance,,Dem,Nathaniel McLaughlin,46,4,42,0,0,0
Allen,0016 HUMBOLDT WD 1,State House,9,Dem,WRITE-IN.,7,0,7,0,0,0
Allen,0016 HUMBOLDT WD 1,US House,2,Rep,Vernon J. Fields,0,0,0,0,0,0
Allen,0016 HUMBOLDT WD 1,US House,2,Rep,Steve Fitzgerald,7,1,6,0,0,0
Allen,0016 HUMBOLDT WD 1,US House,2,Rep,Kevin Jones,13,0,13,0,0,0
Allen,0016 HUMBOLDT WD 1,US House,2,Rep,Doug Mays,0,0,0,0,0,0
Allen,0016 HUMBOLDT WD 1,US House,2,Rep,Dennis Pyle,7,0,7,0,0,0
Allen,0016 HUMBOLDT WD 1,US House,2,Rep,Caryn Tyson,44,3,41,0,0,0
Allen,0016 HUMBOLDT WD 1,US House,2,Rep,Steve Watkins,17,2,15,0,0,0
Allen,0016 HUMBOLDT WD 1,Governor/Lt. Governor,,Rep,Jim Barnett/Rosie Hansen,7,1,6,0,0,0
Allen,0016 HUMBOLDT WD 1,Governor/Lt. Governor,,Rep,Jeff Colyer/Tracey Mann,30,4,26,0,0,0
Allen,0016 HUMBOLDT WD 1,Governor/Lt. Governor,,Rep,Kris Kobach/Wink Hartman,33,0,33,0,0,0
Allen,0016 HUMBOLDT WD 1,Governor/Lt. Governor,,Rep,"Patrick ""PK"" Kucera/Patricia Reitz",2,0,2,0,0,0
Allen,0016 HUMBOLDT WD 1,Governor/Lt. Governor,,Rep,Tyler Ruzich/Dominic Scavuzzo,0,0,0,0,0,0
Allen,0016 HUMBOLDT WD 1,Governor/Lt. Governor,,Rep,Ken Selzer/Jen Sanderson,15,0,15,0,0,0
Allen,0016 HUMBOLDT WD 1,Governor/Lt. Governor,,Rep,"Joseph Tutera, Jr./Phillip Clement",2,1,1,0,0,0
Allen,0016 HUMBOLDT WD 1,Secretary of State,,Rep,Randy Duncan,14,0,14,0,0,0
Allen,0016 HUMBOLDT WD 1,Secretary of State,,Rep,Keith Esau,10,1,9,0,0,0
Allen,0016 HUMBOLDT WD 1,Secretary of State,,Rep,Craig McCullah,14,0,14,0,0,0
Allen,0016 HUMBOLDT WD 1,Secretary of State,,Rep,Scott Schwab,29,3,26,0,0,0
Allen,0016 HUMBOLDT WD 1,Secretary of State,,Rep,Dennis Taylor,20,2,18,0,0,0
Allen,0016 HUMBOLDT WD 1,Attorney General,,Rep,Derek Schmidt,85,6,79,0,0,0
Allen,0016 HUMBOLDT WD 1,State Treasurer,,Rep,Jake LaTurner,84,5,79,0,0,0
Allen,0016 HUMBOLDT WD 1,Commissioner of Insurance,,Rep,Clark Shultz,36,2,34,0,0,0
Allen,0016 HUMBOLDT WD 1,State House,9,Rep,Kent L. Thompson,84,5,79,0,0,0
Allen,0017 HUMBOLDT WD 2,REGISTERED VOTERS,,,REGISTERED VOTERS - TOTAL,597,,,,,
Allen,0017 HUMBOLDT WD 2,BALLOTS CAST - Dem,,Dem,BALLOTS CAST - Democratic,40,5,35,0,0,0
Allen,0017 HUMBOLDT WD 2,BALLOTS CAST - Rep,,Rep,BALLOTS CAST - Republican,140,10,129,0,0,1
Allen,0017 HUMBOLDT WD 2,US House,2,Dem,Paul Davis,37,5,32,0,0,0
Allen,0017 HUMBOLDT WD 2,Governor/Lt. Governor,,Dem,Arden Andersen/Dale Cowsert,2,0,2,0,0,0
Allen,0017 HUMBOLDT WD 2,Governor/Lt. Governor,,Dem,Jack Bergeson / Alexander Cline,2,1,1,0,0,0
Allen,0017 HUMBOLDT WD 2,Governor/Lt. Governor,,Dem,Carl Brewer/Chris Morrow,8,0,8,0,0,0
Allen,0017 HUMBOLDT WD 2,Governor/Lt. Governor,,Dem,Laura Kelly/Lynn Rogers,17,3,14,0,0,0
Allen,0017 HUMBOLDT WD 2,Governor/Lt. Governor,,Dem,Joshua Svaty/Katrina Gier Lewison,9,1,8,0,0,0
Allen,0017 HUMBOLDT WD 2,Secretary of State,,Dem,"Brian ""BAM"" McClendon",35,5,30,0,0,0
Allen,0017 HUMBOLDT WD 2,Attorney General,,Dem,Sarah G. Swain,33,5,28,0,0,0
Allen,0017 HUMBOLDT WD 2,State Treasurer,,Dem,Marci Francisco,35,5,30,0,0,0
Allen,0017 HUMBOLDT WD 2,Commissioner of Insurance,,Dem,Nathaniel McLaughlin,35,5,30,0,0,0
Allen,0017 HUMBOLDT WD 2,State House,9,Dem,WRITE-IN.,1,0,1,0,0,0
Allen,0017 HUMBOLDT WD 2,US House,2,Rep,Vernon J. Fields,1,0,1,0,0,0
Allen,0017 HUMBOLDT WD 2,US House,2,Rep,Steve Fitzgerald,16,2,14,0,0,0
Allen,0017 HUMBOLDT WD 2,US House,2,Rep,Kevin Jones,15,0,15,0,0,0
Allen,0017 HUMBOLDT WD 2,US House,2,Rep,Doug Mays,4,2,2,0,0,0
Allen,0017 HUMBOLDT WD 2,US House,2,Rep,Dennis Pyle,13,1,12,0,0,0
Allen,0017 HUMBOLDT WD 2,US House,2,Rep,Caryn Tyson,59,3,55,0,0,1
Allen,0017 HUMBOLDT WD 2,US House,2,Rep,Steve Watkins,27,2,25,0,0,0
Allen,0017 HUMBOLDT WD 2,Governor/Lt. Governor,,Rep,Jim Barnett/Rosie Hansen,12,2,10,0,0,0
Allen,0017 HUMBOLDT WD 2,Governor/Lt. Governor,,Rep,Jeff Colyer/Tracey Mann,49,5,43,0,0,1
Allen,0017 HUMBOLDT WD 2,Governor/Lt. Governor,,Rep,Kris Kobach/Wink Hartman,58,3,55,0,0,0
Allen,0017 HUMBOLDT WD 2,Governor/Lt. Governor,,Rep,"Patrick ""PK"" Kucera/Patricia Reitz",1,0,1,0,0,0
Allen,0017 HUMBOLDT WD 2,Governor/Lt. Governor,,Rep,Tyler Ruzich/Dominic Scavuzzo,1,0,1,0,0,0
Allen,0017 HUMBOLDT WD 2,Governor/Lt. Governor,,Rep,Ken Selzer/Jen Sanderson,15,0,15,0,0,0
Allen,0017 HUMBOLDT WD 2,Governor/Lt. Governor,,Rep,"Joseph Tutera, Jr./Phillip Clement",2,0,2,0,0,0
Allen,0017 HUMBOLDT WD 2,Secretary of State,,Rep,Randy Duncan,26,3,22,0,0,1
Allen,0017 HUMBOLDT WD 2,Secretary of State,,Rep,Keith Esau,16,0,16,0,0,0
Allen,0017 HUMBOLDT WD 2,Secretary of State,,Rep,Craig McCullah,20,0,20,0,0,0
Allen,0017 HUMBOLDT WD 2,Secretary of State,,Rep,Scott Schwab,35,4,31,0,0,0
Allen,0017 HUMBOLDT WD 2,Secretary of State,,Rep,Dennis Taylor,30,3,27,0,0,0
Allen,0017 HUMBOLDT WD 2,Attorney General,,Rep,Derek Schmidt,133,10,122,0,0,1
Allen,0017 HUMBOLDT WD 2,State Treasurer,,Rep,Jake LaTurner,126,10,115,0,0,1
Allen,0017 HUMBOLDT WD 2,Commissioner of Insurance,,Rep,Vicki Schmidt,82,9,73,0,0,0
Allen,0017 HUMBOLDT WD 2,Commissioner of Insurance,,Rep,Clark Shultz,49,1,47,0,0,1
Allen,0017 HUMBOLDT WD 2,State House,9,Rep,Kent L. Thompson,129,9,119,0,0,1
Allen,0018 IOLA WD 1,REGISTERED VOTERS,,,REGISTERED VOTERS - TOTAL,724,,,,,
Allen,0018 IOLA WD 1,BALLOTS CAST - Dem,,,BALLOTS CAST - Democratic,30,7,21,0,1,1
Allen,0018 IOLA WD 1,BALLOTS CAST - Rep,,,BALLOTS CAST - Republican,174,32,139,0,1,2
Allen,0018 IOLA WD 1,US House,2,Dem,Paul Davis,27,7,19,0,1,0
Allen,0018 IOLA WD 1,Governor/Lt. Governor,,Dem,Arden Andersen/Dale Cowsert,3,1,1,0,1,0
Allen,0018 IOLA WD 1,Governor/Lt. Governor,,Dem,Jack Bergeson / Alexander Cline,2,0,1,0,0,1
Allen,0018 IOLA WD 1,Governor/Lt. Governor,,Dem,Carl Brewer/Chris Morrow,1,0,1,0,0,0
Allen,0018 IOLA WD 1,Governor/Lt. Governor,,Dem,Laura Kelly/Lynn Rogers,15,5,10,0,0,0
Allen,0018 IOLA WD 1,Governor/Lt. Governor,,Dem,Joshua Svaty/Katrina Gier Lewison,9,1,8,0,0,0
Allen,0018 IOLA WD 1,Secretary of State,,Dem,"Brian ""BAM"" McClendon",27,7,19,0,0,1
Allen,0018 IOLA WD 1,Attorney General,,Dem,Sarah G. Swain,28,6,21,0,0,1
Allen,0018 IOLA WD 1,State Treasurer,,Dem,Marci Francisco,29,7,20,0,1,1
Allen,0018 IOLA WD 1,Commissioner of Insurance,,Dem,Nathaniel McLaughlin,29,7,20,0,1,1
Allen,0018 IOLA WD 1,State House,9,Dem,WRITE-IN.,5,2,3,0,0,0
Allen,0018 IOLA WD 1,US House,2,Rep,Vernon J. Fields,1,0,1,0,0,0
Allen,0018 IOLA WD 1,US House,2,Rep,Steve Fitzgerald,14,4,10,0,0,0
Allen,0018 IOLA WD 1,US House,2,Rep,Kevin Jones,23,7,16,0,0,0
Allen,0018 IOLA WD 1,US House,2,Rep,Doug Mays,4,3,1,0,0,0
Allen,0018 IOLA WD 1,US House,2,Rep,Dennis Pyle,4,1,2,0,0,1
Allen,0018 IOLA WD 1,US House,2,Rep,Caryn Tyson,88,11,77,0,0,0
Allen,0018 IOLA WD 1,US House,2,Rep,Steve Watkins,37,5,30,0,1,1
Allen,0018 IOLA WD 1,Governor/Lt. Governor,,Rep,Jim Barnett/Rosie Hansen,17,4,13,0,0,0
Allen,0018 IOLA WD 1,Governor/Lt. Governor,,Rep,Jeff Colyer/Tracey Mann,68,13,54,0,1,0
Allen,0018 IOLA WD 1,Governor/Lt. Governor,,Rep,Kris Kobach/Wink Hartman,69,12,56,0,0,1
Allen,0018 IOLA WD 1,Governor/Lt. Governor,,Rep,"Patrick ""PK"" Kucera/Patricia Reitz",2,0,2,0,0,0
Allen,0018 IOLA WD 1,Governor/Lt. Governor,,Rep,Tyler Ruzich/Dominic Scavuzzo,1,0,1,0,0,0
Allen,0018 IOLA WD 1,Governor/Lt. Governor,,Rep,Ken Selzer/Jen Sanderson,14,2,11,0,0,1
Allen,0018 IOLA WD 1,Governor/Lt. Governor,,Rep,"Joseph Tutera, Jr./Phillip Clement",1,0,1,0,0,0
Allen,0018 IOLA WD 1,Secretary of State,,Rep,Randy Duncan,26,4,22,0,0,0
Allen,0018 IOLA WD 1,Secretary of State,,Rep,Keith Esau,11,1,10,0,0,0
Allen,0018 IOLA WD 1,Secretary of State,,Rep,Craig McCullah,12,1,11,0,0,0
Allen,0018 IOLA WD 1,Secretary of State,,Rep,Scott Schwab,58,10,46,0,0,2
Allen,0018 IOLA WD 1,Secretary of State,,Rep,Dennis Taylor,39,13,26,0,0,0
Allen,0018 IOLA WD 1,Attorney General,,Rep,Derek Schmidt,164,31,131,0,0,2
Allen,0018 IOLA WD 1,State Treasurer,,Rep,Jake LaTurner,148,26,120,0,0,2
Allen,0018 IOLA WD 1,Commissioner of Insurance,,Rep,Vicki Schmidt,113,17,95,0,0,1
Allen,0018 IOLA WD 1,Commissioner of Insurance,,Rep,Clark Shultz,49,13,35,0,0,1
Allen,0018 IOLA WD 1,State House,9,Rep,Kent L. Thompson,160,30,127,0,1,2
Allen,0019 IOLA WD 2,REGISTERED VOTERS,,,REGISTERED VOTERS - TOTAL,"1,007",,,,,
Allen,0019 IOLA WD 2,BALLOTS CAST - Dem,,,BALLOTS CAST - Democratic,39,7,31,0,0,1
Allen,0019 IOLA WD 2,BALLOTS CAST - Rep,,,BALLOTS CAST - Republican,212,48,161,0,2,1
Allen,0019 IOLA WD 2,US House,2,Dem,Paul Davis,33,5,28,0,0,0
Allen,0019 IOLA WD 2,Governor/Lt. Governor,,Dem,Arden Andersen/Dale Cowsert,2,0,1,0,0,1
Allen,0019 IOLA WD 2,Governor/Lt. Governor,,Dem,Jack Bergeson / Alexander Cline,3,0,3,0,0,0
Allen,0019 IOLA WD 2,Governor/Lt. Governor,,Dem,Carl Brewer/Chris Morrow,2,0,2,0,0,0
Allen,0019 IOLA WD 2,Governor/Lt. Governor,,Dem,Laura Kelly/Lynn Rogers,19,4,15,0,0,0
Allen,0019 IOLA WD 2,Governor/Lt. Governor,,Dem,Joshua Svaty/Katrina Gier Lewison,10,3,7,0,0,0
Allen,0019 IOLA WD 2,Secretary of State,,Dem,"Brian ""BAM"" McClendon",36,6,29,0,0,1
Allen,0019 IOLA WD 2,Attorney General,,Dem,Sarah G. Swain,34,6,27,0,0,1
Allen,0019 IOLA WD 2,State Treasurer,,Dem,Marci Francisco,34,6,27,0,0,1
Allen,0019 IOLA WD 2,Commissioner of Insurance,,Dem,Nathaniel McLaughlin,35,6,28,0,0,1
Allen,0019 IOLA WD 2,State House,9,Dem,WRITE-IN.,2,0,2,0,0,0
Allen,0019 IOLA WD 2,US House,2,Rep,Vernon J. Fields,3,1,2,0,0,0
Allen,0019 IOLA WD 2,US House,2,Rep,Steve Fitzgerald,6,1,5,0,0,0
Allen,0019 IOLA WD 2,US House,2,Rep,Kevin Jones,37,10,27,0,0,0
Allen,0019 IOLA WD 2,US House,2,Rep,Doug Mays,7,3,2,0,2,0
Allen,0019 IOLA WD 2,US House,2,Rep,Dennis Pyle,10,0,10,0,0,0
Allen,0019 IOLA WD 2,US House,2,Rep,Caryn Tyson,111,23,87,0,0,1
Allen,0019 IOLA WD 2,US House,2,Rep,Steve Watkins,35,9,26,0,0,0
Allen,0019 IOLA WD 2,Governor/Lt. Governor,,Rep,Jim Barnett/Rosie Hansen,15,1,14,0,0,0
Allen,0019 IOLA WD 2,Governor/Lt. Governor,,Rep,Jeff Colyer/Tracey Mann,78,20,56,0,2,0
Allen,0019 IOLA WD 2,Governor/Lt. Governor,,Rep,Kris Kobach/Wink Hartman,99,19,80,0,0,0
Allen,0019 IOLA WD 2,Governor/Lt. Governor,,Rep,"Patrick ""PK"" Kucera/Patricia Reitz",0,0,0,0,0,0
Allen,0019 IOLA WD 2,Governor/Lt. Governor,,Rep,Tyler Ruzich/Dominic Scavuzzo,2,1,1,0,0,0
Allen,0019 IOLA WD 2,Governor/Lt. Governor,,Rep,Ken Selzer/Jen Sanderson,11,5,6,0,0,0
Allen,0019 IOLA WD 2,Governor/Lt. Governor,,Rep,"Joseph Tutera, Jr./Phillip Clement",0,0,0,0,0,0
Allen,0019 IOLA WD 2,Secretary of State,,Rep,Randy Duncan,33,9,24,0,0,0
Allen,0019 IOLA WD 2,Secretary of State,,Rep,Keith Esau,12,2,10,0,0,0
Allen,0019 IOLA WD 2,Secretary of State,,Rep,Craig McCullah,24,6,18,0,0,0
Allen,0019 IOLA WD 2,Secretary of State,,Rep,Scott Schwab,65,14,49,0,1,1
Allen,0019 IOLA WD 2,Secretary of State,,Rep,Dennis Taylor,47,10,37,0,0,0
Allen,0019 IOLA WD 2,Attorney General,,Rep,Derek Schmidt,197,42,153,0,1,1
Allen,0019 IOLA WD 2,State Treasurer,,Rep,Jake LaTurner,186,41,143,0,1,1
Allen,0019 IOLA WD 2,Commissioner of Insurance,,Rep,Vicki Schmidt,117,31,84,0,2,0
Allen,0019 IOLA WD 2,Commissioner of Insurance,,Rep,Clark Shultz,81,14,66,0,0,1
Allen,0019 IOLA WD 2,State House,9,Rep,Kent L. Thompson,197,45,149,0,2,1
Allen,0020 IOLA WD 3,REGISTERED VOTERS,,,REGISTERED VOTERS - TOTAL,853,,,,,
Allen,0020 IOLA WD 3,BALLOTS CAST - Dem,,,BALLOTS CAST - Democratic,47,9,36,0,0,2
Allen,0020 IOLA WD 3,BALLOTS CAST - Rep,,,BALLOTS CAST - Republican,157,27,124,2,1,3
Allen,0020 IOLA WD 3,US House,2,Dem,Paul Davis,43,8,33,0,0,2
Allen,0020 IOLA WD 3,Governor/Lt. Governor,,Dem,Arden Andersen/Dale Cowsert,1,0,1,0,0,0
Allen,0020 IOLA WD 3,Governor/Lt. Governor,,Dem,Jack Bergeson / Alexander Cline,2,0,1,0,0,1
Allen,0020 IOLA WD 3,Governor/Lt. Governor,,Dem,Carl Brewer/Chris Morrow,5,0,5,0,0,0
Allen,0020 IOLA WD 3,Governor/Lt. Governor,,Dem,Laura Kelly/Lynn Rogers,29,7,22,0,0,0
Allen,0020 IOLA WD 3,Governor/Lt. Governor,,Dem,Joshua Svaty/Katrina Gier Lewison,8,2,5,0,0,1
Allen,0020 IOLA WD 3,Secretary of State,,Dem,"Brian ""BAM"" McClendon",41,8,31,0,0,2
Allen,0020 IOLA WD 3,Attorney General,,Dem,Sarah G. Swain,44,8,34,0,0,2
Allen,0020 IOLA WD 3,State Treasurer,,Dem,Marci Francisco,43,8,33,0,0,2
Allen,0020 IOLA WD 3,Commissioner of Insurance,,Dem,Nathaniel McLaughlin,40,7,31,0,0,2
Allen,0020 IOLA WD 3,State House,9,Dem,WRITE-IN.,5,1,4,0,0,0
Allen,0020 IOLA WD 3,US House,2,Rep,Vernon J. Fields,0,0,0,0,0,0
Allen,0020 IOLA WD 3,US House,2,Rep,Steve Fitzgerald,7,1,6,0,0,0
Allen,0020 IOLA WD 3,US House,2,Rep,Kevin Jones,33,6,27,0,0,0
Allen,0020 IOLA WD 3,US House,2,Rep,Doug Mays,4,1,2,0,0,1
Allen,0020 IOLA WD 3,US House,2,Rep,Dennis Pyle,6,0,5,0,1,0
Allen,0020 IOLA WD 3,US House,2,Rep,Caryn Tyson,69,9,58,1,0,1
Allen,0020 IOLA WD 3,US House,2,Rep,Steve Watkins,32,9,22,0,0,1
Allen,0020 IOLA WD 3,Governor/Lt. Governor,,Rep,Jim Barnett/Rosie Hansen,19,3,13,0,1,2
Allen,0020 IOLA WD 3,Governor/Lt. Governor,,Rep,Jeff Colyer/Tracey Mann,62,14,48,0,0,0
Allen,0020 IOLA WD 3,Governor/Lt. Governor,,Rep,Kris Kobach/Wink Hartman,59,8,50,0,0,1
Allen,0020 IOLA WD 3,Governor/Lt. Governor,,Rep,"Patrick ""PK"" Kucera/Patricia Reitz",1,0,1,0,0,0
Allen,0020 IOLA WD 3,Governor/Lt. Governor,,Rep,Tyler Ruzich/Dominic Scavuzzo,1,0,1,0,0,0
Allen,0020 IOLA WD 3,Governor/Lt. Governor,,Rep,Ken Selzer/Jen Sanderson,9,1,8,0,0,0
Allen,0020 IOLA WD 3,Governor/Lt. Governor,,Rep,"Joseph Tutera, Jr./Phillip Clement",2,1,1,0,0,0
Allen,0020 IOLA WD 3,Secretary of State,,Rep,Randy Duncan,25,3,22,0,0,0
Allen,0020 IOLA WD 3,Secretary of State,,Rep,Keith Esau,16,1,14,1,0,0
Allen,0020 IOLA WD 3,Secretary of State,,Rep,Craig McCullah,17,2,15,0,0,0
Allen,0020 IOLA WD 3,Secretary of State,,Rep,Scott Schwab,41,9,31,0,0,1
Allen,0020 IOLA WD 3,Secretary of State,,Rep,Dennis Taylor,43,7,33,0,1,2
Allen,0020 IOLA WD 3,Attorney General,,Rep,Derek Schmidt,145,25,115,1,1,3
Allen,0020 IOLA WD 3,State Treasurer,,Rep,Jake LaTurner,138,23,110,1,1,3
Allen,0020 IOLA WD 3,Commissioner of Insurance,,Rep,Vicki Schmidt,83,12,67,1,1,2
Allen,0020 IOLA WD 3,Commissioner of Insurance,,Rep,Clark Shultz,65,13,51,0,0,1
Allen,0020 IOLA WD 3,State House,9,Rep,Kent L. Thompson,145,26,114,1,1,3
Allen,0021 IOLA WD 4,REGISTERED VOTERS,,,REGISTERED VOTERS - TOTAL,840,,,,,
Allen,0021 IOLA WD 4,BALLOTS CAST - Dem,,Dem,BALLOTS CAST - Democratic,33,10,21,0,0,2
Allen,0021 IOLA WD 4,BALLOTS CAST - Rep,,Rep,BALLOTS CAST - Republican,133,27,100,0,2,4
Allen,0021 IOLA WD 4,US House,2,Dem,Paul Davis,31,10,19,0,0,2
Allen,0021 IOLA WD 4,Governor/Lt. Governor,,Dem,Arden Andersen/Dale Cowsert,1,1,0,0,0,0
Allen,0021 IOLA WD 4,Governor/Lt. Governor,,Dem,Jack Bergeson / Alexander Cline,2,2,0,0,0,0
Allen,0021 IOLA WD 4,Governor/Lt. Governor,,Dem,Carl Brewer/Chris Morrow,3,2,1,0,0,0
Allen,0021 IOLA WD 4,Governor/Lt. Governor,,Dem,Laura Kelly/Lynn Rogers,25,5,19,0,0,1
Allen,0021 IOLA WD 4,Governor/Lt. Governor,,Dem,Joshua Svaty/Katrina Gier Lewison,1,0,0,0,0,1
Allen,0021 IOLA WD 4,Secretary of State,,Dem,"Brian ""BAM"" McClendon",32,10,20,0,0,2
Allen,0021 IOLA WD 4,Attorney General,,Dem,Sarah G. Swain,31,10,19,0,0,2
Allen,0021 IOLA WD 4,State Treasurer,,Dem,Marci Francisco,31,10,19,0,0,2
Allen,0021 IOLA WD 4,Commissioner of Insurance,,Dem,Nathaniel McLaughlin,32,10,20,0,0,2
Allen,0021 IOLA WD 4,State House,9,Dem,WRITE-IN.,4,0,4,0,0,0
Allen,0021 IOLA WD 4,US House,2,Rep,Vernon J. Fields,1,0,1,0,0,0
Allen,0021 IOLA WD 4,US House,2,Rep,Steve Fitzgerald,10,1,8,0,0,1
Allen,0021 IOLA WD 4,US House,2,Rep,Kevin Jones,28,4,22,0,0,2
Allen,0021 IOLA WD 4,US House,2,Rep,Doug Mays,5,0,4,1,0,0
Allen,0021 IOLA WD 4,US House,2,Rep,Dennis Pyle,4,0,4,0,0,0
Allen,0021 IOLA WD 4,US House,2,Rep,Caryn Tyson,63,16,45,0,1,1
Allen,0021 IOLA WD 4,US House,2,Rep,Steve Watkins,20,5,14,0,1,0
Allen,0021 IOLA WD 4,Governor/Lt. Governor,,Rep,Jim Barnett/Rosie Hansen,13,4,9,0,0,0
Allen,0021 IOLA WD 4,Governor/Lt. Governor,,Rep,Jeff Colyer/Tracey Mann,58,9,43,1,2,3
Allen,0021 IOLA WD 4,Governor/Lt. Governor,,Rep,Kris Kobach/Wink Hartman,42,12,30,0,0,0
Allen,0021 IOLA WD 4,Governor/Lt. Governor,,Rep,"Patrick ""PK"" Kucera/Patricia Reitz",3,0,2,0,0,1
Allen,0021 IOLA WD 4,Governor/Lt. Governor,,Rep,Tyler Ruzich/Dominic Scavuzzo,1,0,1,0,0,0
Allen,0021 IOLA WD 4,Governor/Lt. Governor,,Rep,Ken Selzer/Jen Sanderson,15,2,13,0,0,0
Allen,0021 IOLA WD 4,Governor/Lt. Governor,,Rep,"Joseph Tutera, Jr./Phillip Clement",0,0,0,0,0,0
Allen,0021 IOLA WD 4,Secretary of State,,Rep,Randy Duncan,22,1,19,0,2,0
Allen,0021 IOLA WD 4,Secretary of State,,Rep,Keith Esau,9,0,8,0,0,1
Allen,0021 IOLA WD 4,Secretary of State,,Rep,Craig McCullah,12,3,9,0,0,0
Allen,0021 IOLA WD 4,Secretary of State,,Rep,Scott Schwab,55,15,39,0,0,1
Allen,0021 IOLA WD 4,Secretary of State,,Rep,Dennis Taylor,22,2,17,1,0,2
Allen,0021 IOLA WD 4,Attorney General,,Rep,Derek Schmidt,114,21,87,1,1,4
Allen,0021 IOLA WD 4,State Treasurer,,Rep,Jake LaTurner,107,18,84,0,2,3
Allen,0021 IOLA WD 4,Commissioner of Insurance,,Rep,Vicki Schmidt,73,18,52,1,1,1
Allen,0021 IOLA WD 4,Commissioner of Insurance,,Rep,Clark Shultz,56,8,44,0,1,3
Allen,0021 IOLA WD 4,State House,9,Rep,Kent L. Thompson,122,24,91,1,2,4
