county,precinct,office,district,party,candidate,polling,advance,votes
Reno,Precinct #1-H102,,,,Registered Voters,,,536
Reno,Precinct #1-H114,,,,Registered Voters,,,37
Reno,Precinct #2,,,,Registered Voters,,,615
Reno,Precinct #3,,,,Registered Voters,,,343
Reno,Precinct #4,,,,Registered Voters,,,1165
Reno,Precinct #5,,,,Registered Voters,,,844
Reno,Precinct #6,,,,Registered Voters,,,692
Reno,Precinct #7,,,,Registered Voters,,,820
Reno,Precinct #8,,,,Registered Voters,,,363
Reno,Precinct #9,,,,Registered Voters,,,993
Reno,Precinct #10,,,,Registered Voters,,,1052
Reno,Precinct #11,,,,Registered Voters,,,1019
Reno,Precinct #12,,,,Registered Voters,,,722
Reno,Precinct #13,,,,Registered Voters,,,789
Reno,Precinct #14,,,,Registered Voters,,,723
Reno,Precinct #15,,,,Registered Voters,,,651
Reno,Precinct #16,,,,Registered Voters,,,994
Reno,Precinct #17,,,,Registered Voters,,,882
Reno,Precinct #18,,,,Registered Voters,,,452
Reno,Precinct #19,,,,Registered Voters,,,547
Reno,Precinct #20,,,,Registered Voters,,,762
Reno,Precinct #21,,,,Registered Voters,,,1405
Reno,Precinct #22,,,,Registered Voters,,,1081
Reno,Precinct #23,,,,Registered Voters,,,1300
Reno,Precinct #23 Exclave,,,,Registered Voters,,,250
Reno,Precinct #24,,,,Registered Voters,,,866
Reno,Precinct #25,,,,Registered Voters,,,791
Reno,Precinct #26,,,,Registered Voters,,,368
Reno,Precinct #26 Exclave,,,,Registered Voters,,,91
Reno,Precinct #27,,,,Registered Voters,,,640
Reno,Precinct #28,,,,Registered Voters,,,1213
Reno,Precinct #28 Exclave,,,,Registered Voters,,,530
Reno,Precinct #29,,,,Registered Voters,,,604
Reno,Precinct #30,,,,Registered Voters,,,449
Reno,Precinct #31,,,,Registered Voters,,,647
Reno,Precinct #32,,,,Registered Voters,,,161
Reno,Precinct #33,,,,Registered Voters,,,257
Reno,Precinct #34,,,,Registered Voters,,,131
Reno,Precinct #34 Exclave,,,,Registered Voters,,,1
Reno,Precinct #35,,,,Registered Voters,,,354
Reno,Albion Township,,,,Registered Voters,,,596
Reno,Arlington Township,,,,Registered Voters,,,387
Reno,Bell Township,,,,Registered Voters,,,47
Reno,Castleton Township,,,,Registered Voters,,,201
Reno,Center Township,,,,Registered Voters,,,307
Reno,Clay North Township,,,,Registered Voters,,,679
Reno,Clay South H101,,,,Registered Voters,,,775
Reno,Clay South H102A,,,,Registered Voters,,,4
Reno,Enterprise Township,,,,Registered Voters,,,94
Reno,Grant Township,,,,Registered Voters,,,1080
Reno,Grove 310,,,,Registered Voters,,,40
Reno,Haven Township,,,,Registered Voters,,,1154
Reno,Hayes Township,,,,Registered Voters,,,49
Reno,Huntsville Township,,,,Registered Voters,,,78
Reno,Langdon 310,,,,Registered Voters,,,100
Reno,Lincoln Township,,,,Registered Voters,,,355
Reno,Little River Township,,,,Registered Voters,,,1282
Reno,Loda Township,,,,Registered Voters,,,61
Reno,Medford Township,,,,Registered Voters,,,100
Reno,Medora Township,,,,Registered Voters,,,1179
Reno,Miami 310,,,,Registered Voters,,,296
Reno,Ninnescah Township,,,,Registered Voters,,,162
Reno,Plevna 310,,,,Registered Voters,,,166
Reno,Reno North Township,,,,Registered Voters,,,1082
Reno,Reno South Township,,,,Registered Voters,,,177
Reno,Roscoe Township,,,,Registered Voters,,,75
Reno,Salt Creek Township,,,,Registered Voters,,,263
Reno,Sumner Township,,,,Registered Voters,,,410
Reno,Sylvia 310,,,,Registered Voters,,,193
Reno,Troy Township,,,,Registered Voters,,,76
Reno,Valley Township,,,,Registered Voters,,,608
Reno,Walnut Township,,,,Registered Voters,,,79
Reno,Westminster 310,,,,Registered Voters,,,154
Reno,Yoder Township,,,,Registered Voters,,,408
Reno,South Hutchinson #1,,,,Registered Voters,,,510
Reno,South Hutchinson #2,,,,Registered Voters,,,668
Reno,South Hutchinson #3,,,,Registered Voters,,,458
Reno,Nickerson Ward #1,,,,Registered Voters,,,273
Reno,Nickerson Ward #2,,,,Registered Voters,,,174
Reno,Nickerson Ward #3,,,,Registered Voters,,,194
Reno,Total,,,,Registered Voters,,,41134
Reno,Precinct #1-H102,,,,Ballots Cast,,,217
Reno,Precinct #1-H114,,,,Ballots Cast,,,15
Reno,Precinct #2,,,,Ballots Cast,,,227
Reno,Precinct #3,,,,Ballots Cast,,,135
Reno,Precinct #4,,,,Ballots Cast,,,845
Reno,Precinct #5,,,,Ballots Cast,,,345
Reno,Precinct #6,,,,Ballots Cast,,,358
Reno,Precinct #7,,,,Ballots Cast,,,437
Reno,Precinct #8,,,,Ballots Cast,,,218
Reno,Precinct #9,,,,Ballots Cast,,,613
Reno,Precinct #10,,,,Ballots Cast,,,745
Reno,Precinct #11,,,,Ballots Cast,,,709
Reno,Precinct #12,,,,Ballots Cast,,,441
Reno,Precinct #13,,,,Ballots Cast,,,499
Reno,Precinct #14,,,,Ballots Cast,,,414
Reno,Precinct #15,,,,Ballots Cast,,,236
Reno,Precinct #16,,,,Ballots Cast,,,490
Reno,Precinct #17,,,,Ballots Cast,,,550
Reno,Precinct #18,,,,Ballots Cast,,,200
Reno,Precinct #19,,,,Ballots Cast,,,227
Reno,Precinct #20,,,,Ballots Cast,,,364
Reno,Precinct #21,,,,Ballots Cast,,,312
Reno,Precinct #22,,,,Ballots Cast,,,672
Reno,Precinct #23,,,,Ballots Cast,,,821
Reno,Precinct #23 Exclave,,,,Ballots Cast,,,207
Reno,Precinct #24,,,,Ballots Cast,,,569
Reno,Precinct #25,,,,Ballots Cast,,,291
Reno,Precinct #26,,,,Ballots Cast,,,206
Reno,Precinct #26 Exclave,,,,Ballots Cast,,,22
Reno,Precinct #27,,,,Ballots Cast,,,431
Reno,Precinct #28,,,,Ballots Cast,,,889
Reno,Precinct #28 Exclave,,,,Ballots Cast,,,416
Reno,Precinct #29,,,,Ballots Cast,,,406
Reno,Precinct #30,,,,Ballots Cast,,,216
Reno,Precinct #31,,,,Ballots Cast,,,358
Reno,Precinct #32,,,,Ballots Cast,,,126
Reno,Precinct #33,,,,Ballots Cast,,,197
Reno,Precinct #34,,,,Ballots Cast,,,66
Reno,Precinct #34 Exclave,,,,Ballots Cast,,,1
Reno,Precinct #35,,,,Ballots Cast,,,207
Reno,Albion Township,,,,Ballots Cast,,,401
Reno,Arlington Township,,,,Ballots Cast,,,257
Reno,Bell Township,,,,Ballots Cast,,,35
Reno,Castleton Township,,,,Ballots Cast,,,153
Reno,Center Township,,,,Ballots Cast,,,191
Reno,Clay North Township,,,,Ballots Cast,,,479
Reno,Clay South H101,,,,Ballots Cast,,,524
Reno,Clay South H102A,,,,Ballots Cast,,,3
Reno,Enterprise Township,,,,Ballots Cast,,,71
Reno,Grant Township,,,,Ballots Cast,,,804
Reno,Grove 310,,,,Ballots Cast,,,32
Reno,Haven Township,,,,Ballots Cast,,,756
Reno,Hayes Township,,,,Ballots Cast,,,33
Reno,Huntsville Township,,,,Ballots Cast,,,56
Reno,Langdon 310,,,,Ballots Cast,,,64
Reno,Lincoln Township,,,,Ballots Cast,,,198
Reno,Little River Township,,,,Ballots Cast,,,941
Reno,Loda Township,,,,Ballots Cast,,,44
Reno,Medford Township,,,,Ballots Cast,,,77
Reno,Medora Township,,,,Ballots Cast,,,866
Reno,Miami 310,,,,Ballots Cast,,,152
Reno,Ninnescah Township,,,,Ballots Cast,,,108
Reno,Plevna 310,,,,Ballots Cast,,,121
Reno,Reno North Township,,,,Ballots Cast,,,698
Reno,Reno South Township,,,,Ballots Cast,,,117
Reno,Roscoe Township,,,,Ballots Cast,,,57
Reno,Salt Creek Township,,,,Ballots Cast,,,182
Reno,Sumner Township,,,,Ballots Cast,,,300
Reno,Sylvia 310,,,,Ballots Cast,,,131
Reno,Troy Township,,,,Ballots Cast,,,54
Reno,Valley Township,,,,Ballots Cast,,,435
Reno,Walnut Township,,,,Ballots Cast,,,65
Reno,Westminster 310,,,,Ballots Cast,,,105
Reno,Yoder Township,,,,Ballots Cast,,,254
Reno,South Hutchinson #1,,,,Ballots Cast,,,243
Reno,South Hutchinson #2,,,,Ballots Cast,,,448
Reno,South Hutchinson #3,,,,Ballots Cast,,,324
Reno,Nickerson Ward #1,,,,Ballots Cast,,,169
Reno,Nickerson Ward #2,,,,Ballots Cast,,,93
Reno,Nickerson Ward #3,,,,Ballots Cast,,,110
Reno,Total,,,,Ballots Cast,,,24849
Reno,Precinct #1-H102,President,,R,Trump and Pence,68,38,106
Reno,Precinct #1-H114,President,,R,Trump and Pence,3,3,6
Reno,Precinct #2,President,,R,Trump and Pence,62,44,106
Reno,Precinct #3,President,,R,Trump and Pence,30,16,46
Reno,Precinct #4,President,,R,Trump and Pence,297,236,533
Reno,Precinct #5,President,,R,Trump and Pence,94,85,179
Reno,Precinct #6,President,,R,Trump and Pence,98,74,172
Reno,Precinct #7,President,,R,Trump and Pence,125,105,230
Reno,Precinct #8,President,,R,Trump and Pence,75,48,123
Reno,Precinct #9,President,,R,Trump and Pence,176,169,345
Reno,Precinct #10,President,,R,Trump and Pence,206,249,455
Reno,Precinct #11,President,,R,Trump and Pence,230,205,435
Reno,Precinct #12,President,,R,Trump and Pence,131,92,223
Reno,Precinct #13,President,,R,Trump and Pence,171,86,257
Reno,Precinct #14,President,,R,Trump and Pence,140,66,206
Reno,Precinct #15,President,,R,Trump and Pence,65,42,107
Reno,Precinct #16,President,,R,Trump and Pence,129,79,208
Reno,Precinct #17,President,,R,Trump and Pence,197,126,323
Reno,Precinct #18,President,,R,Trump and Pence,57,54,111
Reno,Precinct #19,President,,R,Trump and Pence,65,42,107
Reno,Precinct #20,President,,R,Trump and Pence,130,87,217
Reno,Precinct #21,President,,R,Trump and Pence,92,64,156
Reno,Precinct #22,President,,R,Trump and Pence,226,150,376
Reno,Precinct #23,President,,R,Trump and Pence,233,237,470
Reno,Precinct #23 Exclave,President,,R,Trump and Pence,76,68,144
Reno,Precinct #24,President,,R,Trump and Pence,224,127,351
Reno,Precinct #25,President,,R,Trump and Pence,87,67,154
Reno,Precinct #26,President,,R,Trump and Pence,70,46,116
Reno,Precinct #26 Exclave,President,,R,Trump and Pence,8,3,11
Reno,Precinct #27,President,,R,Trump and Pence,155,103,258
Reno,Precinct #28,President,,R,Trump and Pence,343,221,564
Reno,Precinct #28 Exclave,President,,R,Trump and Pence,158,126,284
Reno,Precinct #29,President,,R,Trump and Pence,125,103,228
Reno,Precinct #30,President,,R,Trump and Pence,79,51,130
Reno,Precinct #31,President,,R,Trump and Pence,108,81,189
Reno,Precinct #32,President,,R,Trump and Pence,44,37,81
Reno,Precinct #33,President,,R,Trump and Pence,88,42,130
Reno,Precinct #34,President,,R,Trump and Pence,27,20,47
Reno,Precinct #34 Exclave,President,,R,Trump and Pence,1,0,1
Reno,Precinct #35,President,,R,Trump and Pence,73,42,115
Reno,Albion Township,President,,R,Trump and Pence,246,32,278
Reno,Arlington Township,President,,R,Trump and Pence,137,31,168
Reno,Bell Township,President,,R,Trump and Pence,24,6,30
Reno,Castleton Township,President,,R,Trump and Pence,98,16,114
Reno,Center Township,President,,R,Trump and Pence,114,20,134
Reno,Clay North Township,President,,R,Trump and Pence,235,111,346
Reno,Clay South H101,President,,R,Trump and Pence,310,83,393
Reno,Clay South H102A,President,,R,Trump and Pence,0,2,2
Reno,Enterprise Township,President,,R,Trump and Pence,48,10,58
Reno,Grant Township,President,,R,Trump and Pence,424,159,583
Reno,Grove 310,President,,R,Trump and Pence,21,5,26
Reno,Haven Township,President,,R,Trump and Pence,419,74,493
Reno,Hayes Township,President,,R,Trump and Pence,17,8,25
Reno,Huntsville Township,President,,R,Trump and Pence,42,6,48
Reno,Langdon 310,President,,R,Trump and Pence,44,7,51
Reno,Lincoln Township,President,,R,Trump and Pence,146,21,167
Reno,Little River Township,President,,R,Trump and Pence,530,129,659
Reno,Loda Township,President,,R,Trump and Pence,30,4,34
Reno,Medford Township,President,,R,Trump and Pence,55,6,61
Reno,Medora Township,President,,R,Trump and Pence,456,165,621
Reno,Miami 310,President,,R,Trump and Pence,114,4,118
Reno,Ninnescah Township,President,,R,Trump and Pence,58,13,71
Reno,Plevna 310,President,,R,Trump and Pence,85,10,95
Reno,Reno North Township,President,,R,Trump and Pence,330,156,486
Reno,Reno South Township,President,,R,Trump and Pence,74,19,93
Reno,Roscoe Township,President,,R,Trump and Pence,35,6,41
Reno,Salt Creek Township,President,,R,Trump and Pence,131,21,152
Reno,Sumner Township,President,,R,Trump and Pence,205,25,230
Reno,Sylvia 310,President,,R,Trump and Pence,83,9,92
Reno,Troy Township,President,,R,Trump and Pence,38,4,42
Reno,Valley Township,President,,R,Trump and Pence,219,85,304
Reno,Walnut Township,President,,R,Trump and Pence,43,7,50
Reno,Westminster 310,President,,R,Trump and Pence,65,13,78
Reno,Yoder Township,President,,R,Trump and Pence,152,29,181
Reno,South Hutchinson #1,President,,R,Trump and Pence,94,44,138
Reno,South Hutchinson #2,President,,R,Trump and Pence,228,83,311
Reno,South Hutchinson #3,President,,R,Trump and Pence,161,32,193
Reno,Nickerson Ward #1,President,,R,Trump and Pence,87,21,108
Reno,Nickerson Ward #2,President,,R,Trump and Pence,52,11,63
Reno,Nickerson Ward #3,President,,R,Trump and Pence,69,7,76
Reno,Total,President,,R,Trump and Pence,10485,5028,15513
Reno,Precinct #1-H102,President,,D,Clinton and Kaine,58,24,82
Reno,Precinct #1-H114,President,,D,Clinton and Kaine,1,6,7
Reno,Precinct #2,President,,D,Clinton and Kaine,45,50,95
Reno,Precinct #3,President,,D,Clinton and Kaine,52,25,77
Reno,Precinct #4,President,,D,Clinton and Kaine,92,128,220
Reno,Precinct #5,President,,D,Clinton and Kaine,67,51,118
Reno,Precinct #6,President,,D,Clinton and Kaine,69,72,141
Reno,Precinct #7,President,,D,Clinton and Kaine,84,75,159
Reno,Precinct #8,President,,D,Clinton and Kaine,36,38,74
Reno,Precinct #9,President,,D,Clinton and Kaine,87,108,195
Reno,Precinct #10,President,,D,Clinton and Kaine,71,135,206
Reno,Precinct #11,President,,D,Clinton and Kaine,84,116,200
Reno,Precinct #12,President,,D,Clinton and Kaine,76,86,162
Reno,Precinct #13,President,,D,Clinton and Kaine,92,91,183
Reno,Precinct #14,President,,D,Clinton and Kaine,78,83,161
Reno,Precinct #15,President,,D,Clinton and Kaine,56,42,98
Reno,Precinct #16,President,,D,Clinton and Kaine,128,98,226
Reno,Precinct #17,President,,D,Clinton and Kaine,90,89,179
Reno,Precinct #18,President,,D,Clinton and Kaine,34,28,62
Reno,Precinct #19,President,,D,Clinton and Kaine,46,39,85
Reno,Precinct #20,President,,D,Clinton and Kaine,57,53,110
Reno,Precinct #21,President,,D,Clinton and Kaine,55,59,114
Reno,Precinct #22,President,,D,Clinton and Kaine,110,109,219
Reno,Precinct #23,President,,D,Clinton and Kaine,111,154,265
Reno,Precinct #23 Exclave,President,,D,Clinton and Kaine,14,28,42
Reno,Precinct #24,President,,D,Clinton and Kaine,64,98,162
Reno,Precinct #25,President,,D,Clinton and Kaine,53,48,101
Reno,Precinct #26,President,,D,Clinton and Kaine,33,30,63
Reno,Precinct #26 Exclave,President,,D,Clinton and Kaine,2,4,6
Reno,Precinct #27,President,,D,Clinton and Kaine,63,62,125
Reno,Precinct #28,President,,D,Clinton and Kaine,112,128,240
Reno,Precinct #28 Exclave,President,,D,Clinton and Kaine,34,77,111
Reno,Precinct #29,President,,D,Clinton and Kaine,70,64,134
Reno,Precinct #30,President,,D,Clinton and Kaine,27,42,69
Reno,Precinct #31,President,,D,Clinton and Kaine,56,71,127
Reno,Precinct #32,President,,D,Clinton and Kaine,14,23,37
Reno,Precinct #33,President,,D,Clinton and Kaine,33,21,54
Reno,Precinct #34,President,,D,Clinton and Kaine,11,3,14
Reno,Precinct #34 Exclave,President,,D,Clinton and Kaine,0,0,0
Reno,Precinct #35,President,,D,Clinton and Kaine,32,35,67
Reno,Albion Township,President,,D,Clinton and Kaine,64,19,83
Reno,Arlington Township,President,,D,Clinton and Kaine,50,8,58
Reno,Bell Township,President,,D,Clinton and Kaine,1,2,3
Reno,Castleton Township,President,,D,Clinton and Kaine,20,8,28
Reno,Center Township,President,,D,Clinton and Kaine,24,12,36
Reno,Clay North Township,President,,D,Clinton and Kaine,44,55,99
Reno,Clay South H101,President,,D,Clinton and Kaine,62,28,90
Reno,Clay South H102A,President,,D,Clinton and Kaine,0,0,0
Reno,Enterprise Township,President,,D,Clinton and Kaine,5,3,8
Reno,Grant Township,President,,D,Clinton and Kaine,103,46,149
Reno,Grove 310,President,,D,Clinton and Kaine,5,0,5
Reno,Haven Township,President,,D,Clinton and Kaine,153,23,176
Reno,Hayes Township,President,,D,Clinton and Kaine,2,3,5
Reno,Huntsville Township,President,,D,Clinton and Kaine,5,1,6
Reno,Langdon 310,President,,D,Clinton and Kaine,9,0,9
Reno,Lincoln Township,President,,D,Clinton and Kaine,17,5,22
Reno,Little River Township,President,,D,Clinton and Kaine,142,55,197
Reno,Loda Township,President,,D,Clinton and Kaine,6,2,8
Reno,Medford Township,President,,D,Clinton and Kaine,7,5,12
Reno,Medora Township,President,,D,Clinton and Kaine,110,67,177
Reno,Miami 310,President,,D,Clinton and Kaine,25,4,29
Reno,Ninnescah Township,President,,D,Clinton and Kaine,19,6,25
Reno,Plevna 310,President,,D,Clinton and Kaine,15,4,19
Reno,Reno North Township,President,,D,Clinton and Kaine,93,70,163
Reno,Reno South Township,President,,D,Clinton and Kaine,12,4,16
Reno,Roscoe Township,President,,D,Clinton and Kaine,13,2,15
Reno,Salt Creek Township,President,,D,Clinton and Kaine,15,3,18
Reno,Sumner Township,President,,D,Clinton and Kaine,43,2,45
Reno,Sylvia 310,President,,D,Clinton and Kaine,16,2,18
Reno,Troy Township,President,,D,Clinton and Kaine,9,1,10
Reno,Valley Township,President,,D,Clinton and Kaine,51,25,76
Reno,Walnut Township,President,,D,Clinton and Kaine,4,4,8
Reno,Westminster 310,President,,D,Clinton and Kaine,15,1,16
Reno,Yoder Township,President,,D,Clinton and Kaine,40,10,50
Reno,South Hutchinson #1,President,,D,Clinton and Kaine,56,27,83
Reno,South Hutchinson #2,President,,D,Clinton and Kaine,64,40,104
Reno,South Hutchinson #3,President,,D,Clinton and Kaine,73,28,101
Reno,Nickerson Ward #1,President,,D,Clinton and Kaine,21,15,36
Reno,Nickerson Ward #2,President,,D,Clinton and Kaine,20,1,21
Reno,Nickerson Ward #3,President,,D,Clinton and Kaine,19,4,23
Reno,Total,President,,D,Clinton and Kaine,3749,3088,6837
Reno,Precinct #1-H102,President,,L,Johnson and Weld,6,7,13
Reno,Precinct #1-H114,President,,L,Johnson and Weld,0,0,0
Reno,Precinct #2,President,,L,Johnson and Weld,7,6,13
Reno,Precinct #3,President,,L,Johnson and Weld,3,0,3
Reno,Precinct #4,President,,L,Johnson and Weld,22,20,42
Reno,Precinct #5,President,,L,Johnson and Weld,12,10,22
Reno,Precinct #6,President,,L,Johnson and Weld,16,4,20
Reno,Precinct #7,President,,L,Johnson and Weld,18,13,31
Reno,Precinct #8,President,,L,Johnson and Weld,7,4,11
Reno,Precinct #9,President,,L,Johnson and Weld,27,15,42
Reno,Precinct #10,President,,L,Johnson and Weld,22,22,44
Reno,Precinct #11,President,,L,Johnson and Weld,24,8,32
Reno,Precinct #12,President,,L,Johnson and Weld,23,8,31
Reno,Precinct #13,President,,L,Johnson and Weld,23,9,32
Reno,Precinct #14,President,,L,Johnson and Weld,19,9,28
Reno,Precinct #15,President,,L,Johnson and Weld,13,8,21
Reno,Precinct #16,President,,L,Johnson and Weld,19,7,26
Reno,Precinct #17,President,,L,Johnson and Weld,14,3,17
Reno,Precinct #18,President,,L,Johnson and Weld,5,6,11
Reno,Precinct #19,President,,L,Johnson and Weld,8,11,19
Reno,Precinct #20,President,,L,Johnson and Weld,14,6,20
Reno,Precinct #21,President,,L,Johnson and Weld,15,8,23
Reno,Precinct #22,President,,L,Johnson and Weld,23,12,35
Reno,Precinct #23,President,,L,Johnson and Weld,21,19,40
Reno,Precinct #23 Exclave,President,,L,Johnson and Weld,3,3,6
Reno,Precinct #24,President,,L,Johnson and Weld,23,9,32
Reno,Precinct #25,President,,L,Johnson and Weld,13,12,25
Reno,Precinct #26,President,,L,Johnson and Weld,11,2,13
Reno,Precinct #26 Exclave,President,,L,Johnson and Weld,3,0,3
Reno,Precinct #27,President,,L,Johnson and Weld,23,5,28
Reno,Precinct #28,President,,L,Johnson and Weld,31,18,49
Reno,Precinct #28 Exclave,President,,L,Johnson and Weld,8,3,11
Reno,Precinct #29,President,,L,Johnson and Weld,14,6,20
Reno,Precinct #30,President,,L,Johnson and Weld,3,6,9
Reno,Precinct #31,President,,L,Johnson and Weld,9,9,18
Reno,Precinct #32,President,,L,Johnson and Weld,1,3,4
Reno,Precinct #33,President,,L,Johnson and Weld,5,1,6
Reno,Precinct #34,President,,L,Johnson and Weld,1,2,3
Reno,Precinct #34 Exclave,President,,L,Johnson and Weld,0,0,0
Reno,Precinct #35,President,,L,Johnson and Weld,8,2,10
Reno,Albion Township,President,,L,Johnson and Weld,20,3,23
Reno,Arlington Township,President,,L,Johnson and Weld,14,6,20
Reno,Bell Township,President,,L,Johnson and Weld,1,0,1
Reno,Castleton Township,President,,L,Johnson and Weld,4,0,4
Reno,Center Township,President,,L,Johnson and Weld,5,2,7
Reno,Clay North Township,President,,L,Johnson and Weld,10,7,17
Reno,Clay South H101,President,,L,Johnson and Weld,17,9,26
Reno,Clay South H102A,President,,L,Johnson and Weld,0,0,0
Reno,Enterprise Township,President,,L,Johnson and Weld,1,0,1
Reno,Grant Township,President,,L,Johnson and Weld,26,9,35
Reno,Grove 310,President,,L,Johnson and Weld,1,0,1
Reno,Haven Township,President,,L,Johnson and Weld,40,6,46
Reno,Hayes Township,President,,L,Johnson and Weld,1,0,1
Reno,Huntsville Township,President,,L,Johnson and Weld,1,0,1
Reno,Langdon 310,President,,L,Johnson and Weld,2,1,3
Reno,Lincoln Township,President,,L,Johnson and Weld,4,1,5
Reno,Little River Township,President,,L,Johnson and Weld,33,4,37
Reno,Loda Township,President,,L,Johnson and Weld,1,0,1
Reno,Medford Township,President,,L,Johnson and Weld,2,0,2
Reno,Medora Township,President,,L,Johnson and Weld,32,6,38
Reno,Miami 310,President,,L,Johnson and Weld,5,0,5
Reno,Ninnescah Township,President,,L,Johnson and Weld,7,0,7
Reno,Plevna 310,President,,L,Johnson and Weld,1,1,2
Reno,Reno North Township,President,,L,Johnson and Weld,21,7,28
Reno,Reno South Township,President,,L,Johnson and Weld,3,1,4
Reno,Roscoe Township,President,,L,Johnson and Weld,1,0,1
Reno,Salt Creek Township,President,,L,Johnson and Weld,6,0,6
Reno,Sumner Township,President,,L,Johnson and Weld,11,0,11
Reno,Sylvia 310,President,,L,Johnson and Weld,10,2,12
Reno,Troy Township,President,,L,Johnson and Weld,1,0,1
Reno,Valley Township,President,,L,Johnson and Weld,20,10,30
Reno,Walnut Township,President,,L,Johnson and Weld,1,0,1
Reno,Westminster 310,President,,L,Johnson and Weld,8,2,10
Reno,Yoder Township,President,,L,Johnson and Weld,7,2,9
Reno,South Hutchinson #1,President,,L,Johnson and Weld,10,6,16
Reno,South Hutchinson #2,President,,L,Johnson and Weld,13,1,14
Reno,South Hutchinson #3,President,,L,Johnson and Weld,14,3,17
Reno,Nickerson Ward #1,President,,L,Johnson and Weld,12,1,13
Reno,Nickerson Ward #2,President,,L,Johnson and Weld,3,1,4
Reno,Nickerson Ward #3,President,,L,Johnson and Weld,4,3,7
Reno,Total,President,,L,Johnson and Weld,890,390,1280
Reno,Precinct #1-H102,President,,I,Stein and Baraka,7,0,7
Reno,Precinct #1-H114,President,,I,Stein and Baraka,0,1,1
Reno,Precinct #2,President,,I,Stein and Baraka,1,3,4
Reno,Precinct #3,President,,I,Stein and Baraka,5,1,6
Reno,Precinct #4,President,,I,Stein and Baraka,5,5,10
Reno,Precinct #5,President,,I,Stein and Baraka,11,5,16
Reno,Precinct #6,President,,I,Stein and Baraka,3,5,8
Reno,Precinct #7,President,,I,Stein and Baraka,9,2,11
Reno,Precinct #8,President,,I,Stein and Baraka,5,0,5
Reno,Precinct #9,President,,I,Stein and Baraka,9,7,16
Reno,Precinct #10,President,,I,Stein and Baraka,3,7,10
Reno,Precinct #11,President,,I,Stein and Baraka,7,4,11
Reno,Precinct #12,President,,I,Stein and Baraka,6,1,7
Reno,Precinct #13,President,,I,Stein and Baraka,9,3,12
Reno,Precinct #14,President,,I,Stein and Baraka,4,5,9
Reno,Precinct #15,President,,I,Stein and Baraka,2,2,4
Reno,Precinct #16,President,,I,Stein and Baraka,10,1,11
Reno,Precinct #17,President,,I,Stein and Baraka,9,4,13
Reno,Precinct #18,President,,I,Stein and Baraka,5,3,8
Reno,Precinct #19,President,,I,Stein and Baraka,7,2,9
Reno,Precinct #20,President,,I,Stein and Baraka,6,3,9
Reno,Precinct #21,President,,I,Stein and Baraka,5,1,6
Reno,Precinct #22,President,,I,Stein and Baraka,12,4,16
Reno,Precinct #23,President,,I,Stein and Baraka,8,4,12
Reno,Precinct #23 Exclave,President,,I,Stein and Baraka,2,3,5
Reno,Precinct #24,President,,I,Stein and Baraka,4,4,8
Reno,Precinct #25,President,,I,Stein and Baraka,5,3,8
Reno,Precinct #26,President,,I,Stein and Baraka,7,1,8
Reno,Precinct #26 Exclave,President,,I,Stein and Baraka,0,1,1
Reno,Precinct #27,President,,I,Stein and Baraka,3,3,6
Reno,Precinct #28,President,,I,Stein and Baraka,9,3,12
Reno,Precinct #28 Exclave,President,,I,Stein and Baraka,0,1,1
Reno,Precinct #29,President,,I,Stein and Baraka,7,1,8
Reno,Precinct #30,President,,I,Stein and Baraka,3,2,5
Reno,Precinct #31,President,,I,Stein and Baraka,5,4,9
Reno,Precinct #32,President,,I,Stein and Baraka,1,0,1
Reno,Precinct #33,President,,I,Stein and Baraka,1,0,1
Reno,Precinct #34,President,,I,Stein and Baraka,0,0,0
Reno,Precinct #34 Exclave,President,,I,Stein and Baraka,0,0,0
Reno,Precinct #35,President,,I,Stein and Baraka,6,4,10
Reno,Albion Township,President,,I,Stein and Baraka,3,1,4
Reno,Arlington Township,President,,I,Stein and Baraka,5,1,6
Reno,Bell Township,President,,I,Stein and Baraka,0,0,0
Reno,Castleton Township,President,,I,Stein and Baraka,1,0,1
Reno,Center Township,President,,I,Stein and Baraka,3,1,4
Reno,Clay North Township,President,,I,Stein and Baraka,5,3,8
Reno,Clay South H101,President,,I,Stein and Baraka,5,0,5
Reno,Clay South H102A,President,,I,Stein and Baraka,0,0,0
Reno,Enterprise Township,President,,I,Stein and Baraka,0,0,0
Reno,Grant Township,President,,I,Stein and Baraka,7,4,11
Reno,Grove 310,President,,I,Stein and Baraka,0,0,0
Reno,Haven Township,President,,I,Stein and Baraka,15,2,17
Reno,Hayes Township,President,,I,Stein and Baraka,0,0,0
Reno,Huntsville Township,President,,I,Stein and Baraka,1,0,1
Reno,Langdon 310,President,,I,Stein and Baraka,0,0,0
Reno,Lincoln Township,President,,I,Stein and Baraka,0,0,0
Reno,Little River Township,President,,I,Stein and Baraka,14,2,16
Reno,Loda Township,President,,I,Stein and Baraka,1,0,1
Reno,Medford Township,President,,I,Stein and Baraka,0,0,0
Reno,Medora Township,President,,I,Stein and Baraka,9,3,12
Reno,Miami 310,President,,I,Stein and Baraka,0,0,0
Reno,Ninnescah Township,President,,I,Stein and Baraka,3,0,3
Reno,Plevna 310,President,,I,Stein and Baraka,1,0,1
Reno,Reno North Township,President,,I,Stein and Baraka,3,3,6
Reno,Reno South Township,President,,I,Stein and Baraka,3,0,3
Reno,Roscoe Township,President,,I,Stein and Baraka,0,0,0
Reno,Salt Creek Township,President,,I,Stein and Baraka,2,2,4
Reno,Sumner Township,President,,I,Stein and Baraka,3,2,5
Reno,Sylvia 310,President,,I,Stein and Baraka,5,0,5
Reno,Troy Township,President,,I,Stein and Baraka,0,0,0
Reno,Valley Township,President,,I,Stein and Baraka,5,1,6
Reno,Walnut Township,President,,I,Stein and Baraka,1,0,1
Reno,Westminster 310,President,,I,Stein and Baraka,0,0,0
Reno,Yoder Township,President,,I,Stein and Baraka,9,1,10
Reno,South Hutchinson #1,President,,I,Stein and Baraka,3,1,4
Reno,South Hutchinson #2,President,,I,Stein and Baraka,5,0,5
Reno,South Hutchinson #3,President,,I,Stein and Baraka,2,0,2
Reno,Nickerson Ward #1,President,,I,Stein and Baraka,5,0,5
Reno,Nickerson Ward #2,President,,I,Stein and Baraka,3,0,3
Reno,Nickerson Ward #3,President,,I,Stein and Baraka,2,1,3
Reno,Total,President,,I,Stein and Baraka,325,131,456
Reno,Precinct #1-H102,President,,,Write-ins,3,2,5
Reno,Precinct #1-H114,President,,,Write-ins,1,0,1
Reno,Precinct #2,President,,,Write-ins,4,0,4
Reno,Precinct #3,President,,,Write-ins,2,0,2
Reno,Precinct #4,President,,,Write-ins,14,9,23
Reno,Precinct #5,President,,,Write-ins,5,3,8
Reno,Precinct #6,President,,,Write-ins,10,2,12
Reno,Precinct #7,President,,,Write-ins,2,1,3
Reno,Precinct #8,President,,,Write-ins,3,1,4
Reno,Precinct #9,President,,,Write-ins,5,4,9
Reno,Precinct #10,President,,,Write-ins,2,8,10
Reno,Precinct #11,President,,,Write-ins,8,7,15
Reno,Precinct #12,President,,,Write-ins,9,5,14
Reno,Precinct #13,President,,,Write-ins,6,5,11
Reno,Precinct #14,President,,,Write-ins,6,2,8
Reno,Precinct #15,President,,,Write-ins,4,1,5
Reno,Precinct #16,President,,,Write-ins,9,2,11
Reno,Precinct #17,President,,,Write-ins,8,1,9
Reno,Precinct #18,President,,,Write-ins,3,3,6
Reno,Precinct #19,President,,,Write-ins,2,2,4
Reno,Precinct #20,President,,,Write-ins,7,1,8
Reno,Precinct #21,President,,,Write-ins,4,3,7
Reno,Precinct #22,President,,,Write-ins,5,8,13
Reno,Precinct #23,President,,,Write-ins,9,13,22
Reno,Precinct #23 Exclave,President,,,Write-ins,5,2,7
Reno,Precinct #24,President,,,Write-ins,4,4,8
Reno,Precinct #25,President,,,Write-ins,1,0,1
Reno,Precinct #26,President,,,Write-ins,3,1,4
Reno,Precinct #26 Exclave,President,,,Write-ins,0,0,0
Reno,Precinct #27,President,,,Write-ins,2,5,7
Reno,Precinct #28,President,,,Write-ins,7,5,12
Reno,Precinct #28 Exclave,President,,,Write-ins,3,3,6
Reno,Precinct #29,President,,,Write-ins,6,4,10
Reno,Precinct #30,President,,,Write-ins,1,0,1
Reno,Precinct #31,President,,,Write-ins,10,0,10
Reno,Precinct #32,President,,,Write-ins,1,0,1
Reno,Precinct #33,President,,,Write-ins,5,1,6
Reno,Precinct #34,President,,,Write-ins,0,0,0
Reno,Precinct #34 Exclave,President,,,Write-ins,0,0,0
Reno,Precinct #35,President,,,Write-ins,2,1,3
Reno,Albion Township,President,,,Write-ins,5,0,5
Reno,Arlington Township,President,,,Write-ins,1,0,1
Reno,Bell Township,President,,,Write-ins,0,0,0
Reno,Castleton Township,President,,,Write-ins,5,0,5
Reno,Center Township,President,,,Write-ins,5,1,6
Reno,Clay North Township,President,,,Write-ins,3,2,5
Reno,Clay South H101,President,,,Write-ins,5,1,6
Reno,Clay South H102A,President,,,Write-ins,0,0,0
Reno,Enterprise Township,President,,,Write-ins,1,0,1
Reno,Grant Township,President,,,Write-ins,11,6,17
Reno,Grove 310,President,,,Write-ins,0,0,0
Reno,Haven Township,President,,,Write-ins,12,2,14
Reno,Hayes Township,President,,,Write-ins,0,0,0
Reno,Huntsville Township,President,,,Write-ins,0,0,0
Reno,Langdon 310,President,,,Write-ins,0,0,0
Reno,Lincoln Township,President,,,Write-ins,0,1,1
Reno,Little River Township,President,,,Write-ins,18,3,21
Reno,Loda Township,President,,,Write-ins,0,0,0
Reno,Medford Township,President,,,Write-ins,2,0,2
Reno,Medora Township,President,,,Write-ins,9,1,10
Reno,Miami 310,President,,,Write-ins,0,0,0
Reno,Ninnescah Township,President,,,Write-ins,0,0,0
Reno,Plevna 310,President,,,Write-ins,3,0,3
Reno,Reno North Township,President,,,Write-ins,6,4,10
Reno,Reno South Township,President,,,Write-ins,1,0,1
Reno,Roscoe Township,President,,,Write-ins,0,0,0
Reno,Salt Creek Township,President,,,Write-ins,1,1,2
Reno,Sumner Township,President,,,Write-ins,3,2,5
Reno,Sylvia 310,President,,,Write-ins,1,2,3
Reno,Troy Township,President,,,Write-ins,1,0,1
Reno,Valley Township,President,,,Write-ins,5,9,14
Reno,Walnut Township,President,,,Write-ins,1,2,3
Reno,Westminster 310,President,,,Write-ins,1,0,1
Reno,Yoder Township,President,,,Write-ins,3,0,3
Reno,South Hutchinson #1,President,,,Write-ins,1,0,1
Reno,South Hutchinson #2,President,,,Write-ins,6,2,8
Reno,South Hutchinson #3,President,,,Write-ins,2,0,2
Reno,Nickerson Ward #1,President,,,Write-ins,4,2,6
Reno,Nickerson Ward #2,President,,,Write-ins,1,1,2
Reno,Nickerson Ward #3,President,,,Write-ins,1,0,1
Reno,Total,President,,,Write-ins,299,151,450
Reno,Precinct #1-H102,U.S. Senate,,D,Patrick Wiesner,51,25,76
Reno,Precinct #1-H114,U.S. Senate,,D,Patrick Wiesner,0,5,5
Reno,Precinct #2,U.S. Senate,,D,Patrick Wiesner,38,48,86
Reno,Precinct #3,U.S. Senate,,D,Patrick Wiesner,38,21,59
Reno,Precinct #4,U.S. Senate,,D,Patrick Wiesner,58,86,144
Reno,Precinct #5,U.S. Senate,,D,Patrick Wiesner,59,49,108
Reno,Precinct #6,U.S. Senate,,D,Patrick Wiesner,64,62,126
Reno,Precinct #7,U.S. Senate,,D,Patrick Wiesner,78,73,151
Reno,Precinct #8,U.S. Senate,,D,Patrick Wiesner,35,28,63
Reno,Precinct #9,U.S. Senate,,D,Patrick Wiesner,71,86,157
Reno,Precinct #10,U.S. Senate,,D,Patrick Wiesner,49,91,140
Reno,Precinct #11,U.S. Senate,,D,Patrick Wiesner,71,81,152
Reno,Precinct #12,U.S. Senate,,D,Patrick Wiesner,55,61,116
Reno,Precinct #13,U.S. Senate,,D,Patrick Wiesner,75,70,145
Reno,Precinct #14,U.S. Senate,,D,Patrick Wiesner,68,70,138
Reno,Precinct #15,U.S. Senate,,D,Patrick Wiesner,50,37,87
Reno,Precinct #16,U.S. Senate,,D,Patrick Wiesner,108,81,189
Reno,Precinct #17,U.S. Senate,,D,Patrick Wiesner,70,67,137
Reno,Precinct #18,U.S. Senate,,D,Patrick Wiesner,30,32,62
Reno,Precinct #19,U.S. Senate,,D,Patrick Wiesner,46,29,75
Reno,Precinct #20,U.S. Senate,,D,Patrick Wiesner,59,42,101
Reno,Precinct #21,U.S. Senate,,D,Patrick Wiesner,50,54,104
Reno,Precinct #22,U.S. Senate,,D,Patrick Wiesner,81,86,167
Reno,Precinct #23,U.S. Senate,,D,Patrick Wiesner,89,114,203
Reno,Precinct #23 Exclave,U.S. Senate,,D,Patrick Wiesner,9,26,35
Reno,Precinct #24,U.S. Senate,,D,Patrick Wiesner,59,83,142
Reno,Precinct #25,U.S. Senate,,D,Patrick Wiesner,43,48,91
Reno,Precinct #26,U.S. Senate,,D,Patrick Wiesner,32,27,59
Reno,Precinct #26 Exclave,U.S. Senate,,D,Patrick Wiesner,2,1,3
Reno,Precinct #27,U.S. Senate,,D,Patrick Wiesner,52,43,95
Reno,Precinct #28,U.S. Senate,,D,Patrick Wiesner,84,103,187
Reno,Precinct #28 Exclave,U.S. Senate,,D,Patrick Wiesner,13,42,55
Reno,Precinct #29,U.S. Senate,,D,Patrick Wiesner,60,54,114
Reno,Precinct #30,U.S. Senate,,D,Patrick Wiesner,29,36,65
Reno,Precinct #31,U.S. Senate,,D,Patrick Wiesner,54,58,112
Reno,Precinct #32,U.S. Senate,,D,Patrick Wiesner,8,14,22
Reno,Precinct #33,U.S. Senate,,D,Patrick Wiesner,19,20,39
Reno,Precinct #34,U.S. Senate,,D,Patrick Wiesner,11,5,16
Reno,Precinct #34 Exclave,U.S. Senate,,D,Patrick Wiesner,0,0,0
Reno,Precinct #35,U.S. Senate,,D,Patrick Wiesner,29,29,58
Reno,Albion Township,U.S. Senate,,D,Patrick Wiesner,44,12,56
Reno,Arlington Township,U.S. Senate,,D,Patrick Wiesner,51,7,58
Reno,Bell Township,U.S. Senate,,D,Patrick Wiesner,5,1,6
Reno,Castleton Township,U.S. Senate,,D,Patrick Wiesner,11,6,17
Reno,Center Township,U.S. Senate,,D,Patrick Wiesner,19,10,29
Reno,Clay North Township,U.S. Senate,,D,Patrick Wiesner,31,38,69
Reno,Clay South H101,U.S. Senate,,D,Patrick Wiesner,62,32,94
Reno,Clay South H102A,U.S. Senate,,D,Patrick Wiesner,0,0,0
Reno,Enterprise Township,U.S. Senate,,D,Patrick Wiesner,6,3,9
Reno,Grant Township,U.S. Senate,,D,Patrick Wiesner,67,32,99
Reno,Grove 310,U.S. Senate,,D,Patrick Wiesner,4,1,5
Reno,Haven Township,U.S. Senate,,D,Patrick Wiesner,125,21,146
Reno,Hayes Township,U.S. Senate,,D,Patrick Wiesner,2,0,2
Reno,Huntsville Township,U.S. Senate,,D,Patrick Wiesner,3,1,4
Reno,Langdon 310,U.S. Senate,,D,Patrick Wiesner,11,1,12
Reno,Lincoln Township,U.S. Senate,,D,Patrick Wiesner,22,3,25
Reno,Little River Township,U.S. Senate,,D,Patrick Wiesner,94,35,129
Reno,Loda Township,U.S. Senate,,D,Patrick Wiesner,5,3,8
Reno,Medford Township,U.S. Senate,,D,Patrick Wiesner,4,3,7
Reno,Medora Township,U.S. Senate,,D,Patrick Wiesner,97,52,149
Reno,Miami 310,U.S. Senate,,D,Patrick Wiesner,19,4,23
Reno,Ninnescah Township,U.S. Senate,,D,Patrick Wiesner,14,5,19
Reno,Plevna 310,U.S. Senate,,D,Patrick Wiesner,16,1,17
Reno,Reno North Township,U.S. Senate,,D,Patrick Wiesner,79,59,138
Reno,Reno South Township,U.S. Senate,,D,Patrick Wiesner,7,4,11
Reno,Roscoe Township,U.S. Senate,,D,Patrick Wiesner,7,1,8
Reno,Salt Creek Township,U.S. Senate,,D,Patrick Wiesner,14,5,19
Reno,Sumner Township,U.S. Senate,,D,Patrick Wiesner,43,6,49
Reno,Sylvia 310,U.S. Senate,,D,Patrick Wiesner,17,2,19
Reno,Troy Township,U.S. Senate,,D,Patrick Wiesner,6,1,7
Reno,Valley Township,U.S. Senate,,D,Patrick Wiesner,50,21,71
Reno,Walnut Township,U.S. Senate,,D,Patrick Wiesner,4,2,6
Reno,Westminster 310,U.S. Senate,,D,Patrick Wiesner,16,0,16
Reno,Yoder Township,U.S. Senate,,D,Patrick Wiesner,34,6,40
Reno,South Hutchinson #1,U.S. Senate,,D,Patrick Wiesner,36,22,58
Reno,South Hutchinson #2,U.S. Senate,,D,Patrick Wiesner,59,28,87
Reno,South Hutchinson #3,U.S. Senate,,D,Patrick Wiesner,46,18,64
Reno,Nickerson Ward #1,U.S. Senate,,D,Patrick Wiesner,23,12,35
Reno,Nickerson Ward #2,U.S. Senate,,D,Patrick Wiesner,14,2,16
Reno,Nickerson Ward #3,U.S. Senate,,D,Patrick Wiesner,16,5,21
Reno,Total,U.S. Senate,,D,Patrick Wiesner,3080,2452,5532
Reno,Precinct #1-H102,U.S. Senate,,L,Robert D. Garrard,20,12,32
Reno,Precinct #1-H114,U.S. Senate,,L,Robert D. Garrard,0,1,1
Reno,Precinct #2,U.S. Senate,,L,Robert D. Garrard,16,6,22
Reno,Precinct #3,U.S. Senate,,L,Robert D. Garrard,14,2,16
Reno,Precinct #4,U.S. Senate,,L,Robert D. Garrard,20,14,34
Reno,Precinct #5,U.S. Senate,,L,Robert D. Garrard,24,12,36
Reno,Precinct #6,U.S. Senate,,L,Robert D. Garrard,20,10,30
Reno,Precinct #7,U.S. Senate,,L,Robert D. Garrard,15,11,26
Reno,Precinct #8,U.S. Senate,,L,Robert D. Garrard,9,6,15
Reno,Precinct #9,U.S. Senate,,L,Robert D. Garrard,28,15,43
Reno,Precinct #10,U.S. Senate,,L,Robert D. Garrard,17,14,31
Reno,Precinct #11,U.S. Senate,,L,Robert D. Garrard,19,12,31
Reno,Precinct #12,U.S. Senate,,L,Robert D. Garrard,17,4,21
Reno,Precinct #13,U.S. Senate,,L,Robert D. Garrard,26,6,32
Reno,Precinct #14,U.S. Senate,,L,Robert D. Garrard,15,11,26
Reno,Precinct #15,U.S. Senate,,L,Robert D. Garrard,18,8,26
Reno,Precinct #16,U.S. Senate,,L,Robert D. Garrard,35,5,40
Reno,Precinct #17,U.S. Senate,,L,Robert D. Garrard,22,11,33
Reno,Precinct #18,U.S. Senate,,L,Robert D. Garrard,10,12,22
Reno,Precinct #19,U.S. Senate,,L,Robert D. Garrard,12,13,25
Reno,Precinct #20,U.S. Senate,,L,Robert D. Garrard,19,8,27
Reno,Precinct #21,U.S. Senate,,L,Robert D. Garrard,15,4,19
Reno,Precinct #22,U.S. Senate,,L,Robert D. Garrard,29,16,45
Reno,Precinct #23,U.S. Senate,,L,Robert D. Garrard,20,16,36
Reno,Precinct #23 Exclave,U.S. Senate,,L,Robert D. Garrard,6,7,13
Reno,Precinct #24,U.S. Senate,,L,Robert D. Garrard,23,9,32
Reno,Precinct #25,U.S. Senate,,L,Robert D. Garrard,24,18,42
Reno,Precinct #26,U.S. Senate,,L,Robert D. Garrard,13,5,18
Reno,Precinct #26 Exclave,U.S. Senate,,L,Robert D. Garrard,1,1,2
Reno,Precinct #27,U.S. Senate,,L,Robert D. Garrard,17,8,25
Reno,Precinct #28,U.S. Senate,,L,Robert D. Garrard,26,13,39
Reno,Precinct #28 Exclave,U.S. Senate,,L,Robert D. Garrard,9,7,16
Reno,Precinct #29,U.S. Senate,,L,Robert D. Garrard,16,9,25
Reno,Precinct #30,U.S. Senate,,L,Robert D. Garrard,17,9,26
Reno,Precinct #31,U.S. Senate,,L,Robert D. Garrard,12,7,19
Reno,Precinct #32,U.S. Senate,,L,Robert D. Garrard,4,1,5
Reno,Precinct #33,U.S. Senate,,L,Robert D. Garrard,8,1,9
Reno,Precinct #34,U.S. Senate,,L,Robert D. Garrard,2,1,3
Reno,Precinct #34 Exclave,U.S. Senate,,L,Robert D. Garrard,0,0,0
Reno,Precinct #35,U.S. Senate,,L,Robert D. Garrard,5,4,9
Reno,Albion Township,U.S. Senate,,L,Robert D. Garrard,17,6,23
Reno,Arlington Township,U.S. Senate,,L,Robert D. Garrard,16,9,25
Reno,Bell Township,U.S. Senate,,L,Robert D. Garrard,2,0,2
Reno,Castleton Township,U.S. Senate,,L,Robert D. Garrard,4,4,8
Reno,Center Township,U.S. Senate,,L,Robert D. Garrard,8,2,10
Reno,Clay North Township,U.S. Senate,,L,Robert D. Garrard,11,4,15
Reno,Clay South H101,U.S. Senate,,L,Robert D. Garrard,25,5,30
Reno,Clay South H102A,U.S. Senate,,L,Robert D. Garrard,0,0,0
Reno,Enterprise Township,U.S. Senate,,L,Robert D. Garrard,0,1,1
Reno,Grant Township,U.S. Senate,,L,Robert D. Garrard,40,11,51
Reno,Grove 310,U.S. Senate,,L,Robert D. Garrard,0,0,0
Reno,Haven Township,U.S. Senate,,L,Robert D. Garrard,31,5,36
Reno,Hayes Township,U.S. Senate,,L,Robert D. Garrard,2,0,2
Reno,Huntsville Township,U.S. Senate,,L,Robert D. Garrard,4,0,4
Reno,Langdon 310,U.S. Senate,,L,Robert D. Garrard,5,0,5
Reno,Lincoln Township,U.S. Senate,,L,Robert D. Garrard,6,2,8
Reno,Little River Township,U.S. Senate,,L,Robert D. Garrard,28,5,33
Reno,Loda Township,U.S. Senate,,L,Robert D. Garrard,1,0,1
Reno,Medford Township,U.S. Senate,,L,Robert D. Garrard,3,0,3
Reno,Medora Township,U.S. Senate,,L,Robert D. Garrard,48,15,63
Reno,Miami 310,U.S. Senate,,L,Robert D. Garrard,11,1,12
Reno,Ninnescah Township,U.S. Senate,,L,Robert D. Garrard,10,0,10
Reno,Plevna 310,U.S. Senate,,L,Robert D. Garrard,5,2,7
Reno,Reno North Township,U.S. Senate,,L,Robert D. Garrard,32,10,42
Reno,Reno South Township,U.S. Senate,,L,Robert D. Garrard,2,0,2
Reno,Roscoe Township,U.S. Senate,,L,Robert D. Garrard,2,0,2
Reno,Salt Creek Township,U.S. Senate,,L,Robert D. Garrard,13,2,15
Reno,Sumner Township,U.S. Senate,,L,Robert D. Garrard,17,3,20
Reno,Sylvia 310,U.S. Senate,,L,Robert D. Garrard,14,1,15
Reno,Troy Township,U.S. Senate,,L,Robert D. Garrard,2,1,3
Reno,Valley Township,U.S. Senate,,L,Robert D. Garrard,19,9,28
Reno,Walnut Township,U.S. Senate,,L,Robert D. Garrard,2,0,2
Reno,Westminster 310,U.S. Senate,,L,Robert D. Garrard,5,3,8
Reno,Yoder Township,U.S. Senate,,L,Robert D. Garrard,7,3,10
Reno,South Hutchinson #1,U.S. Senate,,L,Robert D. Garrard,11,6,17
Reno,South Hutchinson #2,U.S. Senate,,L,Robert D. Garrard,22,11,33
Reno,South Hutchinson #3,U.S. Senate,,L,Robert D. Garrard,11,3,14
Reno,Nickerson Ward #1,U.S. Senate,,L,Robert D. Garrard,11,0,11
Reno,Nickerson Ward #2,U.S. Senate,,L,Robert D. Garrard,10,1,11
Reno,Nickerson Ward #3,U.S. Senate,,L,Robert D. Garrard,13,0,13
Reno,Total,U.S. Senate,,L,Robert D. Garrard,1093,454,1547
Reno,Precinct #1-H102,U.S. House,1,I,Alan LaPolice,44,22,66
Reno,Precinct #1-H114,U.S. House,1,I,Alan LaPolice,0,2,2
Reno,Precinct #2,U.S. House,1,I,Alan LaPolice,35,37,72
Reno,Precinct #3,U.S. House,1,I,Alan LaPolice,23,15,38
Reno,Precinct #4,U.S. House,1,I,Alan LaPolice,102,97,199
Reno,Precinct #5,U.S. House,1,I,Alan LaPolice,59,47,106
Reno,Precinct #6,U.S. House,1,I,Alan LaPolice,54,42,96
Reno,Precinct #7,U.S. House,1,I,Alan LaPolice,56,63,119
Reno,Precinct #8,U.S. House,1,I,Alan LaPolice,34,29,63
Reno,Precinct #9,U.S. House,1,I,Alan LaPolice,79,89,168
Reno,Precinct #10,U.S. House,1,I,Alan LaPolice,55,110,165
Reno,Precinct #11,U.S. House,1,I,Alan LaPolice,93,86,179
Reno,Precinct #12,U.S. House,1,I,Alan LaPolice,70,64,134
Reno,Precinct #13,U.S. House,1,I,Alan LaPolice,75,65,140
Reno,Precinct #14,U.S. House,1,I,Alan LaPolice,61,57,118
Reno,Precinct #15,U.S. House,1,I,Alan LaPolice,27,23,50
Reno,Precinct #16,U.S. House,1,I,Alan LaPolice,89,68,157
Reno,Precinct #17,U.S. House,1,I,Alan LaPolice,79,65,144
Reno,Precinct #18,U.S. House,1,I,Alan LaPolice,30,28,58
Reno,Precinct #19,U.S. House,1,I,Alan LaPolice,36,27,63
Reno,Precinct #20,U.S. House,1,I,Alan LaPolice,52,31,83
Reno,Precinct #21,U.S. House,1,I,Alan LaPolice,30,47,77
Reno,Precinct #22,U.S. House,1,I,Alan LaPolice,94,95,189
Reno,Precinct #23,U.S. House,1,I,Alan LaPolice,85,115,200
Reno,Precinct #23 Exclave,U.S. House,1,I,Alan LaPolice,20,30,50
Reno,Precinct #24,U.S. House,1,I,Alan LaPolice,68,68,136
Reno,Precinct #25,U.S. House,1,I,Alan LaPolice,48,26,74
Reno,Precinct #26,U.S. House,1,I,Alan LaPolice,33,24,57
Reno,Precinct #26 Exclave,U.S. House,1,I,Alan LaPolice,4,0,4
Reno,Precinct #27,U.S. House,1,I,Alan LaPolice,61,43,104
Reno,Precinct #28,U.S. House,1,I,Alan LaPolice,120,110,230
Reno,Precinct #28 Exclave,U.S. House,1,I,Alan LaPolice,29,41,70
Reno,Precinct #29,U.S. House,1,I,Alan LaPolice,58,61,119
Reno,Precinct #30,U.S. House,1,I,Alan LaPolice,29,28,57
Reno,Precinct #31,U.S. House,1,I,Alan LaPolice,47,53,100
Reno,Precinct #32,U.S. House,1,I,Alan LaPolice,11,13,24
Reno,Precinct #33,U.S. House,1,I,Alan LaPolice,28,17,45
Reno,Precinct #34,U.S. House,1,I,Alan LaPolice,11,3,14
Reno,Precinct #34 Exclave,U.S. House,1,I,Alan LaPolice,0,0,0
Reno,Precinct #35,U.S. House,1,I,Alan LaPolice,23,22,45
Reno,Albion Township,U.S. House,1,I,Alan LaPolice,74,15,89
Reno,Arlington Township,U.S. House,1,I,Alan LaPolice,55,9,64
Reno,Bell Township,U.S. House,1,I,Alan LaPolice,6,2,8
Reno,Castleton Township,U.S. House,1,I,Alan LaPolice,27,11,38
Reno,Center Township,U.S. House,1,I,Alan LaPolice,31,10,41
Reno,Clay North Township,U.S. House,1,I,Alan LaPolice,47,47,94
Reno,Clay South H101,U.S. House,1,I,Alan LaPolice,84,34,118
Reno,Clay South H102A,U.S. House,1,I,Alan LaPolice,0,1,1
Reno,Enterprise Township,U.S. House,1,I,Alan LaPolice,10,5,15
Reno,Grant Township,U.S. House,1,I,Alan LaPolice,101,45,146
Reno,Grove 310,U.S. House,1,I,Alan LaPolice,6,1,7
Reno,Haven Township,U.S. House,1,I,Alan LaPolice,131,17,148
Reno,Hayes Township,U.S. House,1,I,Alan LaPolice,5,3,8
Reno,Huntsville Township,U.S. House,1,I,Alan LaPolice,9,1,10
Reno,Langdon 310,U.S. House,1,I,Alan LaPolice,10,0,10
Reno,Lincoln Township,U.S. House,1,I,Alan LaPolice,27,4,31
Reno,Little River Township,U.S. House,1,I,Alan LaPolice,121,47,168
Reno,Loda Township,U.S. House,1,I,Alan LaPolice,6,2,8
Reno,Medford Township,U.S. House,1,I,Alan LaPolice,12,1,13
Reno,Medora Township,U.S. House,1,I,Alan LaPolice,140,61,201
Reno,Miami 310,U.S. House,1,I,Alan LaPolice,26,2,28
Reno,Ninnescah Township,U.S. House,1,I,Alan LaPolice,23,7,30
Reno,Plevna 310,U.S. House,1,I,Alan LaPolice,18,3,21
Reno,Reno North Township,U.S. House,1,I,Alan LaPolice,99,67,166
Reno,Reno South Township,U.S. House,1,I,Alan LaPolice,25,7,32
Reno,Roscoe Township,U.S. House,1,I,Alan LaPolice,12,3,15
Reno,Salt Creek Township,U.S. House,1,I,Alan LaPolice,26,8,34
Reno,Sumner Township,U.S. House,1,I,Alan LaPolice,45,9,54
Reno,Sylvia 310,U.S. House,1,I,Alan LaPolice,23,2,25
Reno,Troy Township,U.S. House,1,I,Alan LaPolice,11,0,11
Reno,Valley Township,U.S. House,1,I,Alan LaPolice,59,24,83
Reno,Walnut Township,U.S. House,1,I,Alan LaPolice,8,6,14
Reno,Westminster 310,U.S. House,1,I,Alan LaPolice,17,2,19
Reno,Yoder Township,U.S. House,1,I,Alan LaPolice,54,12,66
Reno,South Hutchinson #1,U.S. House,1,I,Alan LaPolice,40,20,60
Reno,South Hutchinson #2,U.S. House,1,I,Alan LaPolice,65,32,97
Reno,South Hutchinson #3,U.S. House,1,I,Alan LaPolice,63,21,84
Reno,Nickerson Ward #1,U.S. House,1,I,Alan LaPolice,27,8,35
Reno,Nickerson Ward #2,U.S. House,1,I,Alan LaPolice,17,2,19
Reno,Nickerson Ward #3,U.S. House,1,I,Alan LaPolice,17,3,20
Reno,Total,U.S. House,1,I,Alan LaPolice,3529,2417,5946
Reno,Precinct #1-H102,U.S. House,1,R,Roger Marshall,57,31,88
Reno,Precinct #1-H114,U.S. House,1,R,Roger Marshall,3,4,7
Reno,Precinct #2,U.S. House,1,R,Roger Marshall,54,44,98
Reno,Precinct #3,U.S. House,1,R,Roger Marshall,37,14,51
Reno,Precinct #4,U.S. House,1,R,Roger Marshall,285,264,549
Reno,Precinct #5,U.S. House,1,R,Roger Marshall,86,74,160
Reno,Precinct #6,U.S. House,1,R,Roger Marshall,91,74,165
Reno,Precinct #7,U.S. House,1,R,Roger Marshall,125,98,223
Reno,Precinct #8,U.S. House,1,R,Roger Marshall,70,45,115
Reno,Precinct #9,U.S. House,1,R,Roger Marshall,174,165,339
Reno,Precinct #10,U.S. House,1,R,Roger Marshall,201,269,470
Reno,Precinct #11,U.S. House,1,R,Roger Marshall,239,219,458
Reno,Precinct #12,U.S. House,1,R,Roger Marshall,135,107,242
Reno,Precinct #13,U.S. House,1,R,Roger Marshall,172,97,269
Reno,Precinct #14,U.S. House,1,R,Roger Marshall,129,71,200
Reno,Precinct #15,U.S. House,1,R,Roger Marshall,64,47,111
Reno,Precinct #16,U.S. House,1,R,Roger Marshall,136,83,219
Reno,Precinct #17,U.S. House,1,R,Roger Marshall,192,126,318
Reno,Precinct #18,U.S. House,1,R,Roger Marshall,51,38,89
Reno,Precinct #19,U.S. House,1,R,Roger Marshall,59,48,107
Reno,Precinct #20,U.S. House,1,R,Roger Marshall,113,89,202
Reno,Precinct #21,U.S. House,1,R,Roger Marshall,85,60,145
Reno,Precinct #22,U.S. House,1,R,Roger Marshall,238,151,389
Reno,Precinct #23,U.S. House,1,R,Roger Marshall,229,256,485
Reno,Precinct #23 Exclave,U.S. House,1,R,Roger Marshall,72,66,138
Reno,Precinct #24,U.S. House,1,R,Roger Marshall,202,131,333
Reno,Precinct #25,U.S. House,1,R,Roger Marshall,80,64,144
Reno,Precinct #26,U.S. House,1,R,Roger Marshall,61,42,103
Reno,Precinct #26 Exclave,U.S. House,1,R,Roger Marshall,6,5,11
Reno,Precinct #27,U.S. House,1,R,Roger Marshall,157,107,264
Reno,Precinct #28,U.S. House,1,R,Roger Marshall,325,227,552
Reno,Precinct #28 Exclave,U.S. House,1,R,Roger Marshall,155,151,306
Reno,Precinct #29,U.S. House,1,R,Roger Marshall,128,93,221
Reno,Precinct #30,U.S. House,1,R,Roger Marshall,66,49,115
Reno,Precinct #31,U.S. House,1,R,Roger Marshall,108,88,196
Reno,Precinct #32,U.S. House,1,R,Roger Marshall,41,44,85
Reno,Precinct #33,U.S. House,1,R,Roger Marshall,96,38,134
Reno,Precinct #34,U.S. House,1,R,Roger Marshall,20,17,37
Reno,Precinct #34 Exclave,U.S. House,1,R,Roger Marshall,1,0,1
Reno,Precinct #35,U.S. House,1,R,Roger Marshall,78,42,120
Reno,Albion Township,U.S. House,1,R,Roger Marshall,231,34,265
Reno,Arlington Township,U.S. House,1,R,Roger Marshall,120,27,147
Reno,Bell Township,U.S. House,1,R,Roger Marshall,13,6,19
Reno,Castleton Township,U.S. House,1,R,Roger Marshall,85,13,98
Reno,Center Township,U.S. House,1,R,Roger Marshall,98,23,121
Reno,Clay North Township,U.S. House,1,R,Roger Marshall,219,123,342
Reno,Clay South H101,U.S. House,1,R,Roger Marshall,263,70,333
Reno,Clay South H102A,U.S. House,1,R,Roger Marshall,0,2,2
Reno,Enterprise Township,U.S. House,1,R,Roger Marshall,45,6,51
Reno,Grant Township,U.S. House,1,R,Roger Marshall,400,152,552
Reno,Grove 310,U.S. House,1,R,Roger Marshall,20,4,24
Reno,Haven Township,U.S. House,1,R,Roger Marshall,425,67,492
Reno,Hayes Township,U.S. House,1,R,Roger Marshall,15,8,23
Reno,Huntsville Township,U.S. House,1,R,Roger Marshall,35,3,38
Reno,Langdon 310,U.S. House,1,R,Roger Marshall,39,8,47
Reno,Lincoln Township,U.S. House,1,R,Roger Marshall,127,19,146
Reno,Little River Township,U.S. House,1,R,Roger Marshall,533,130,663
Reno,Loda Township,U.S. House,1,R,Roger Marshall,27,2,29
Reno,Medford Township,U.S. House,1,R,Roger Marshall,51,8,59
Reno,Medora Township,U.S. House,1,R,Roger Marshall,391,151,542
Reno,Miami 310,U.S. House,1,R,Roger Marshall,92,2,94
Reno,Ninnescah Township,U.S. House,1,R,Roger Marshall,49,9,58
Reno,Plevna 310,U.S. House,1,R,Roger Marshall,74,11,85
Reno,Reno North Township,U.S. House,1,R,Roger Marshall,285,142,427
Reno,Reno South Township,U.S. House,1,R,Roger Marshall,62,16,78
Reno,Roscoe Township,U.S. House,1,R,Roger Marshall,32,5,37
Reno,Salt Creek Township,U.S. House,1,R,Roger Marshall,104,14,118
Reno,Sumner Township,U.S. House,1,R,Roger Marshall,185,22,207
Reno,Sylvia 310,U.S. House,1,R,Roger Marshall,72,7,79
Reno,Troy Township,U.S. House,1,R,Roger Marshall,37,5,42
Reno,Valley Township,U.S. House,1,R,Roger Marshall,202,90,292
Reno,Walnut Township,U.S. House,1,R,Roger Marshall,42,7,49
Reno,Westminster 310,U.S. House,1,R,Roger Marshall,60,9,69
Reno,Yoder Township,U.S. House,1,R,Roger Marshall,128,21,149
Reno,South Hutchinson #1,U.S. House,1,R,Roger Marshall,91,37,128
Reno,South Hutchinson #2,U.S. House,1,R,Roger Marshall,204,61,265
Reno,South Hutchinson #3,U.S. House,1,R,Roger Marshall,163,33,196
Reno,Nickerson Ward #1,U.S. House,1,R,Roger Marshall,80,20,100
Reno,Nickerson Ward #2,U.S. House,1,R,Roger Marshall,47,10,57
Reno,Nickerson Ward #3,U.S. House,1,R,Roger Marshall,59,8,67
Reno,Total,U.S. House,1,R,Roger Marshall,9826,5023,14849
Reno,Precinct #1-H102,U.S. House,1,L,Kerry Burt,34,20,54
Reno,Precinct #1-H114,U.S. House,1,L,Kerry Burt,2,4,6
Reno,Precinct #2,U.S. House,1,L,Kerry Burt,30,17,47
Reno,Precinct #3,U.S. House,1,L,Kerry Burt,27,10,37
Reno,Precinct #4,U.S. House,1,L,Kerry Burt,32,35,67
Reno,Precinct #5,U.S. House,1,L,Kerry Burt,38,28,66
Reno,Precinct #6,U.S. House,1,L,Kerry Burt,49,35,84
Reno,Precinct #7,U.S. House,1,L,Kerry Burt,50,23,73
Reno,Precinct #8,U.S. House,1,L,Kerry Burt,18,15,33
Reno,Precinct #9,U.S. House,1,L,Kerry Burt,39,39,78
Reno,Precinct #10,U.S. House,1,L,Kerry Burt,42,38,80
Reno,Precinct #11,U.S. House,1,L,Kerry Burt,21,27,48
Reno,Precinct #12,U.S. House,1,L,Kerry Burt,28,17,45
Reno,Precinct #13,U.S. House,1,L,Kerry Burt,45,21,66
Reno,Precinct #14,U.S. House,1,L,Kerry Burt,45,31,76
Reno,Precinct #15,U.S. House,1,L,Kerry Burt,46,19,65
Reno,Precinct #16,U.S. House,1,L,Kerry Burt,62,31,93
Reno,Precinct #17,U.S. House,1,L,Kerry Burt,33,27,60
Reno,Precinct #18,U.S. House,1,L,Kerry Burt,18,24,42
Reno,Precinct #19,U.S. House,1,L,Kerry Burt,29,18,47
Reno,Precinct #20,U.S. House,1,L,Kerry Burt,37,22,59
Reno,Precinct #21,U.S. House,1,L,Kerry Burt,50,20,70
Reno,Precinct #22,U.S. House,1,L,Kerry Burt,40,31,71
Reno,Precinct #23,U.S. House,1,L,Kerry Burt,53,44,97
Reno,Precinct #23 Exclave,U.S. House,1,L,Kerry Burt,8,6,14
Reno,Precinct #24,U.S. House,1,L,Kerry Burt,46,34,80
Reno,Precinct #25,U.S. House,1,L,Kerry Burt,31,29,60
Reno,Precinct #26,U.S. House,1,L,Kerry Burt,23,11,34
Reno,Precinct #26 Exclave,U.S. House,1,L,Kerry Burt,4,3,7
Reno,Precinct #27,U.S. House,1,L,Kerry Burt,27,22,49
Reno,Precinct #28,U.S. House,1,L,Kerry Burt,43,28,71
Reno,Precinct #28 Exclave,U.S. House,1,L,Kerry Burt,14,14,28
Reno,Precinct #29,U.S. House,1,L,Kerry Burt,33,17,50
Reno,Precinct #30,U.S. House,1,L,Kerry Burt,18,21,39
Reno,Precinct #31,U.S. House,1,L,Kerry Burt,28,23,51
Reno,Precinct #32,U.S. House,1,L,Kerry Burt,8,3,11
Reno,Precinct #33,U.S. House,1,L,Kerry Burt,5,9,14
Reno,Precinct #34,U.S. House,1,L,Kerry Burt,9,5,14
Reno,Precinct #34 Exclave,U.S. House,1,L,Kerry Burt,0,0,0
Reno,Precinct #35,U.S. House,1,L,Kerry Burt,18,15,33
Reno,Albion Township,U.S. House,1,L,Kerry Burt,19,3,22
Reno,Arlington Township,U.S. House,1,L,Kerry Burt,29,8,37
Reno,Bell Township,U.S. House,1,L,Kerry Burt,3,0,3
Reno,Castleton Township,U.S. House,1,L,Kerry Burt,7,1,8
Reno,Center Township,U.S. House,1,L,Kerry Burt,14,2,16
Reno,Clay North Township,U.S. House,1,L,Kerry Burt,27,9,36
Reno,Clay South H101,U.S. House,1,L,Kerry Burt,49,14,63
Reno,Clay South H102A,U.S. House,1,L,Kerry Burt,0,0,0
Reno,Enterprise Township,U.S. House,1,L,Kerry Burt,2,0,2
Reno,Grant Township,U.S. House,1,L,Kerry Burt,61,18,79
Reno,Grove 310,U.S. House,1,L,Kerry Burt,1,0,1
Reno,Haven Township,U.S. House,1,L,Kerry Burt,71,19,90
Reno,Hayes Township,U.S. House,1,L,Kerry Burt,1,0,1
Reno,Huntsville Township,U.S. House,1,L,Kerry Burt,5,1,6
Reno,Langdon 310,U.S. House,1,L,Kerry Burt,5,0,5
Reno,Lincoln Township,U.S. House,1,L,Kerry Burt,12,3,15
Reno,Little River Township,U.S. House,1,L,Kerry Burt,59,13,72
Reno,Loda Township,U.S. House,1,L,Kerry Burt,4,1,5
Reno,Medford Township,U.S. House,1,L,Kerry Burt,2,0,2
Reno,Medora Township,U.S. House,1,L,Kerry Burt,68,22,90
Reno,Miami 310,U.S. House,1,L,Kerry Burt,14,2,16
Reno,Ninnescah Township,U.S. House,1,L,Kerry Burt,10,1,11
Reno,Plevna 310,U.S. House,1,L,Kerry Burt,12,1,13
Reno,Reno North Township,U.S. House,1,L,Kerry Burt,55,26,81
Reno,Reno South Township,U.S. House,1,L,Kerry Burt,6,0,6
Reno,Roscoe Township,U.S. House,1,L,Kerry Burt,3,0,3
Reno,Salt Creek Township,U.S. House,1,L,Kerry Burt,19,4,23
Reno,Sumner Township,U.S. House,1,L,Kerry Burt,23,2,25
Reno,Sylvia 310,U.S. House,1,L,Kerry Burt,17,2,19
Reno,Troy Township,U.S. House,1,L,Kerry Burt,0,0,0
Reno,Valley Township,U.S. House,1,L,Kerry Burt,35,14,49
Reno,Walnut Township,U.S. House,1,L,Kerry Burt,1,0,1
Reno,Westminster 310,U.S. House,1,L,Kerry Burt,10,4,14
Reno,Yoder Township,U.S. House,1,L,Kerry Burt,23,4,27
Reno,South Hutchinson #1,U.S. House,1,L,Kerry Burt,30,15,45
Reno,South Hutchinson #2,U.S. House,1,L,Kerry Burt,42,28,70
Reno,South Hutchinson #3,U.S. House,1,L,Kerry Burt,21,5,26
Reno,Nickerson Ward #1,U.S. House,1,L,Kerry Burt,17,8,25
Reno,Nickerson Ward #2,U.S. House,1,L,Kerry Burt,12,2,14
Reno,Nickerson Ward #3,U.S. House,1,L,Kerry Burt,15,4,19
Reno,Total,U.S. House,1,L,Kerry Burt,1987,1072,3059
Reno,Precinct #1-H102,U.S. House,1,,Write-ins,2,0,2
Reno,Precinct #1-H114,U.S. House,1,,Write-ins,0,0,0
Reno,Precinct #2,U.S. House,1,,Write-ins,0,0,0
Reno,Precinct #3,U.S. House,1,,Write-ins,0,0,0
Reno,Precinct #4,U.S. House,1,,Write-ins,7,2,9
Reno,Precinct #5,U.S. House,1,,Write-ins,1,1,2
Reno,Precinct #6,U.S. House,1,,Write-ins,1,2,3
Reno,Precinct #7,U.S. House,1,,Write-ins,1,0,1
Reno,Precinct #8,U.S. House,1,,Write-ins,0,0,0
Reno,Precinct #9,U.S. House,1,,Write-ins,3,2,5
Reno,Precinct #10,U.S. House,1,,Write-ins,2,0,2
Reno,Precinct #11,U.S. House,1,,Write-ins,1,5,6
Reno,Precinct #12,U.S. House,1,,Write-ins,3,0,3
Reno,Precinct #13,U.S. House,1,,Write-ins,4,1,5
Reno,Precinct #14,U.S. House,1,,Write-ins,4,1,5
Reno,Precinct #15,U.S. House,1,,Write-ins,0,1,1
Reno,Precinct #16,U.S. House,1,,Write-ins,1,0,1
Reno,Precinct #17,U.S. House,1,,Write-ins,3,2,5
Reno,Precinct #18,U.S. House,1,,Write-ins,0,0,0
Reno,Precinct #19,U.S. House,1,,Write-ins,1,1,2
Reno,Precinct #20,U.S. House,1,,Write-ins,2,1,3
Reno,Precinct #21,U.S. House,1,,Write-ins,0,2,2
Reno,Precinct #22,U.S. House,1,,Write-ins,0,2,2
Reno,Precinct #23,U.S. House,1,,Write-ins,3,2,5
Reno,Precinct #23 Exclave,U.S. House,1,,Write-ins,0,0,0
Reno,Precinct #24,U.S. House,1,,Write-ins,3,1,4
Reno,Precinct #25,U.S. House,1,,Write-ins,1,1,2
Reno,Precinct #26,U.S. House,1,,Write-ins,1,0,1
Reno,Precinct #26 Exclave,U.S. House,1,,Write-ins,0,0,0
Reno,Precinct #27,U.S. House,1,,Write-ins,0,0,0
Reno,Precinct #28,U.S. House,1,,Write-ins,3,1,4
Reno,Precinct #28 Exclave,U.S. House,1,,Write-ins,0,1,1
Reno,Precinct #29,U.S. House,1,,Write-ins,2,1,3
Reno,Precinct #30,U.S. House,1,,Write-ins,0,0,0
Reno,Precinct #31,U.S. House,1,,Write-ins,0,0,0
Reno,Precinct #32,U.S. House,1,,Write-ins,0,0,0
Reno,Precinct #33,U.S. House,1,,Write-ins,0,0,0
Reno,Precinct #34,U.S. House,1,,Write-ins,0,0,0
Reno,Precinct #34 Exclave,U.S. House,1,,Write-ins,0,0,0
Reno,Precinct #35,U.S. House,1,,Write-ins,0,0,0
Reno,Albion Township,U.S. House,1,,Write-ins,1,0,1
Reno,Arlington Township,U.S. House,1,,Write-ins,1,0,1
Reno,Bell Township,U.S. House,1,,Write-ins,2,0,2
Reno,Castleton Township,U.S. House,1,,Write-ins,1,0,1
Reno,Center Township,U.S. House,1,,Write-ins,6,0,6
Reno,Clay North Township,U.S. House,1,,Write-ins,3,0,3
Reno,Clay South H101,U.S. House,1,,Write-ins,1,0,1
Reno,Clay South H102A,U.S. House,1,,Write-ins,0,0,0
Reno,Enterprise Township,U.S. House,1,,Write-ins,0,0,0
Reno,Grant Township,U.S. House,1,,Write-ins,3,3,6
Reno,Grove 310,U.S. House,1,,Write-ins,0,0,0
Reno,Haven Township,U.S. House,1,,Write-ins,0,1,1
Reno,Hayes Township,U.S. House,1,,Write-ins,0,0,0
Reno,Huntsville Township,U.S. House,1,,Write-ins,0,0,0
Reno,Langdon 310,U.S. House,1,,Write-ins,0,0,0
Reno,Lincoln Township,U.S. House,1,,Write-ins,0,1,1
Reno,Little River Township,U.S. House,1,,Write-ins,7,1,8
Reno,Loda Township,U.S. House,1,,Write-ins,0,0,0
Reno,Medford Township,U.S. House,1,,Write-ins,0,0,0
Reno,Medora Township,U.S. House,1,,Write-ins,5,2,7
Reno,Miami 310,U.S. House,1,,Write-ins,2,1,3
Reno,Ninnescah Township,U.S. House,1,,Write-ins,2,0,2
Reno,Plevna 310,U.S. House,1,,Write-ins,0,0,0
Reno,Reno North Township,U.S. House,1,,Write-ins,1,2,3
Reno,Reno South Township,U.S. House,1,,Write-ins,0,0,0
Reno,Roscoe Township,U.S. House,1,,Write-ins,0,0,0
Reno,Salt Creek Township,U.S. House,1,,Write-ins,2,1,3
Reno,Sumner Township,U.S. House,1,,Write-ins,3,0,3
Reno,Sylvia 310,U.S. House,1,,Write-ins,1,1,2
Reno,Troy Township,U.S. House,1,,Write-ins,0,0,0
Reno,Valley Township,U.S. House,1,,Write-ins,1,0,1
Reno,Walnut Township,U.S. House,1,,Write-ins,0,0,0
Reno,Westminster 310,U.S. House,1,,Write-ins,1,0,1
Reno,Yoder Township,U.S. House,1,,Write-ins,2,3,5
Reno,South Hutchinson #1,U.S. House,1,,Write-ins,0,1,1
Reno,South Hutchinson #2,U.S. House,1,,Write-ins,2,0,2
Reno,South Hutchinson #3,U.S. House,1,,Write-ins,1,2,3
Reno,Nickerson Ward #1,U.S. House,1,,Write-ins,1,1,2
Reno,Nickerson Ward #2,U.S. House,1,,Write-ins,0,0,0
Reno,Nickerson Ward #3,U.S. House,1,,Write-ins,0,0,0
Reno,Total,U.S. House,1,,Write-ins,98,50,148
Reno,Precinct #1-H102,State Senate,34,R,Edward E. Berger,79,47,126
Reno,Precinct #1-H114,State Senate,34,R,Edward E. Berger,4,6,10
Reno,Precinct #2,State Senate,34,R,Edward E. Berger,75,71,146
Reno,Precinct #3,State Senate,34,R,Edward E. Berger,61,25,86
Reno,Precinct #4,State Senate,34,R,Edward E. Berger,372,362,734
Reno,Precinct #5,State Senate,34,R,Edward E. Berger,125,100,225
Reno,Precinct #6,State Senate,34,R,Edward E. Berger,139,102,241
Reno,Precinct #7,State Senate,34,R,Edward E. Berger,163,141,304
Reno,Precinct #8,State Senate,34,R,Edward E. Berger,96,63,159
Reno,Precinct #9,State Senate,34,R,Edward E. Berger,231,246,477
Reno,Precinct #10,State Senate,34,R,Edward E. Berger,260,373,633
Reno,Precinct #11,State Senate,34,R,Edward E. Berger,317,286,603
Reno,Precinct #12,State Senate,34,R,Edward E. Berger,207,156,363
Reno,Precinct #13,State Senate,34,R,Edward E. Berger,243,150,393
Reno,Precinct #14,State Senate,34,R,Edward E. Berger,182,103,285
Reno,Precinct #15,State Senate,34,R,Edward E. Berger,83,62,145
Reno,Precinct #16,State Senate,34,R,Edward E. Berger,198,137,335
Reno,Precinct #17,State Senate,34,R,Edward E. Berger,250,170,420
Reno,Precinct #18,State Senate,34,R,Edward E. Berger,75,60,135
Reno,Precinct #19,State Senate,34,R,Edward E. Berger,77,67,144
Reno,Precinct #20,State Senate,34,R,Edward E. Berger,153,113,266
Reno,Precinct #21,State Senate,34,R,Edward E. Berger,121,98,219
Reno,Precinct #22,State Senate,34,R,Edward E. Berger,329,227,556
Reno,Precinct #23,State Senate,34,R,Edward E. Berger,319,326,645
Reno,Precinct #23 Exclave,State Senate,34,R,Edward E. Berger,90,88,178
Reno,Precinct #24,State Senate,34,R,Edward E. Berger,287,194,481
Reno,Precinct #25,State Senate,34,R,Edward E. Berger,104,76,180
Reno,Precinct #26,State Senate,34,R,Edward E. Berger,84,53,137
Reno,Precinct #26 Exclave,State Senate,34,R,Edward E. Berger,10,5,15
Reno,Precinct #27,State Senate,34,R,Edward E. Berger,218,146,364
Reno,Precinct #28,State Senate,34,R,Edward E. Berger,433,314,747
Reno,Precinct #28 Exclave,State Senate,34,R,Edward E. Berger,182,197,379
Reno,Precinct #29,State Senate,34,R,Edward E. Berger,171,140,311
Reno,Precinct #30,State Senate,34,R,Edward E. Berger,86,65,151
Reno,Precinct #31,State Senate,34,R,Edward E. Berger,150,123,273
Reno,Precinct #32,State Senate,34,R,Edward E. Berger,51,55,106
Reno,Precinct #33,State Senate,34,R,Edward E. Berger,118,59,177
Reno,Precinct #34,State Senate,34,R,Edward E. Berger,31,18,49
Reno,Precinct #34 Exclave,State Senate,34,R,Edward E. Berger,1,0,1
Reno,Precinct #35,State Senate,34,R,Edward E. Berger,103,65,168
Reno,Albion Township,State Senate,34,R,Edward E. Berger,278,46,324
Reno,Arlington Township,State Senate,34,R,Edward E. Berger,166,37,203
Reno,Bell Township,State Senate,34,R,Edward E. Berger,22,5,27
Reno,Castleton Township,State Senate,34,R,Edward E. Berger,102,18,120
Reno,Center Township,State Senate,34,R,Edward E. Berger,118,31,149
Reno,Clay North Township,State Senate,34,R,Edward E. Berger,263,154,417
Reno,Clay South H101,State Senate,34,R,Edward E. Berger,337,96,433
Reno,Clay South H102A,State Senate,34,R,Edward E. Berger,0,3,3
Reno,Enterprise Township,State Senate,34,R,Edward E. Berger,49,7,56
Reno,Grant Township,State Senate,34,R,Edward E. Berger,491,200,691
Reno,Grove 310,State Senate,34,R,Edward E. Berger,25,4,29
Reno,Haven Township,State Senate,34,R,Edward E. Berger,525,88,613
Reno,Hayes Township,State Senate,34,R,Edward E. Berger,18,10,28
Reno,Huntsville Township,State Senate,34,R,Edward E. Berger,38,4,42
Reno,Langdon 310,State Senate,34,R,Edward E. Berger,48,8,56
Reno,Lincoln Township,State Senate,34,R,Edward E. Berger,150,23,173
Reno,Little River Township,State Senate,34,R,Edward E. Berger,646,160,806
Reno,Loda Township,State Senate,34,R,Edward E. Berger,30,3,33
Reno,Medford Township,State Senate,34,R,Edward E. Berger,61,8,69
Reno,Medora Township,State Senate,34,R,Edward E. Berger,514,207,721
Reno,Miami 310,State Senate,34,R,Edward E. Berger,103,3,106
Reno,Ninnescah Township,State Senate,34,R,Edward E. Berger,64,12,76
Reno,Plevna 310,State Senate,34,R,Edward E. Berger,78,12,90
Reno,Reno North Township,State Senate,34,R,Edward E. Berger,367,195,562
Reno,Reno South Township,State Senate,34,R,Edward E. Berger,79,19,98
Reno,Roscoe Township,State Senate,34,R,Edward E. Berger,41,5,46
Reno,Salt Creek Township,State Senate,34,R,Edward E. Berger,117,23,140
Reno,Sumner Township,State Senate,34,R,Edward E. Berger,200,29,229
Reno,Sylvia 310,State Senate,34,R,Edward E. Berger,88,8,96
Reno,Troy Township,State Senate,34,R,Edward E. Berger,43,4,47
Reno,Valley Township,State Senate,34,R,Edward E. Berger,233,100,333
Reno,Walnut Township,State Senate,34,R,Edward E. Berger,42,11,53
Reno,Westminster 310,State Senate,34,R,Edward E. Berger,71,14,85
Reno,Yoder Township,State Senate,34,R,Edward E. Berger,175,29,204
Reno,South Hutchinson #1,State Senate,34,R,Edward E. Berger,124,51,175
Reno,South Hutchinson #2,State Senate,34,R,Edward E. Berger,261,89,350
Reno,South Hutchinson #3,State Senate,34,R,Edward E. Berger,207,48,255
Reno,Nickerson Ward #1,State Senate,34,R,Edward E. Berger,104,26,130
Reno,Nickerson Ward #2,State Senate,34,R,Edward E. Berger,61,11,72
Reno,Nickerson Ward #3,State Senate,34,R,Edward E. Berger,71,10,81
Reno,Total,State Senate,34,R,Edward E. Berger,12688,6900,19588
Reno,Precinct #1-H102,State Senate,34,D,Homer L. Gilson,56,25,81
Reno,Precinct #1-H114,State Senate,34,D,Homer L. Gilson,1,4,5
Reno,Precinct #2,State Senate,34,D,Homer L. Gilson,40,29,69
Reno,Precinct #3,State Senate,34,D,Homer L. Gilson,29,16,45
Reno,Precinct #4,State Senate,34,D,Homer L. Gilson,46,31,77
Reno,Precinct #5,State Senate,34,D,Homer L. Gilson,60,49,109
Reno,Precinct #6,State Senate,34,D,Homer L. Gilson,52,51,103
Reno,Precinct #7,State Senate,34,D,Homer L. Gilson,66,51,117
Reno,Precinct #8,State Senate,34,D,Homer L. Gilson,27,23,50
Reno,Precinct #9,State Senate,34,D,Homer L. Gilson,59,50,109
Reno,Precinct #10,State Senate,34,D,Homer L. Gilson,40,49,89
Reno,Precinct #11,State Senate,34,D,Homer L. Gilson,36,46,82
Reno,Precinct #12,State Senate,34,D,Homer L. Gilson,28,30,58
Reno,Precinct #13,State Senate,34,D,Homer L. Gilson,53,38,91
Reno,Precinct #14,State Senate,34,D,Homer L. Gilson,57,58,115
Reno,Precinct #15,State Senate,34,D,Homer L. Gilson,52,31,83
Reno,Precinct #16,State Senate,34,D,Homer L. Gilson,90,48,138
Reno,Precinct #17,State Senate,34,D,Homer L. Gilson,60,49,109
Reno,Precinct #18,State Senate,34,D,Homer L. Gilson,27,31,58
Reno,Precinct #19,State Senate,34,D,Homer L. Gilson,51,29,80
Reno,Precinct #20,State Senate,34,D,Homer L. Gilson,48,33,81
Reno,Precinct #21,State Senate,34,D,Homer L. Gilson,41,30,71
Reno,Precinct #22,State Senate,34,D,Homer L. Gilson,39,51,90
Reno,Precinct #23,State Senate,34,D,Homer L. Gilson,56,89,145
Reno,Precinct #23 Exclave,State Senate,34,D,Homer L. Gilson,6,14,20
Reno,Precinct #24,State Senate,34,D,Homer L. Gilson,33,45,78
Reno,Precinct #25,State Senate,34,D,Homer L. Gilson,51,44,95
Reno,Precinct #26,State Senate,34,D,Homer L. Gilson,33,25,58
Reno,Precinct #26 Exclave,State Senate,34,D,Homer L. Gilson,4,3,7
Reno,Precinct #27,State Senate,34,D,Homer L. Gilson,25,28,53
Reno,Precinct #28,State Senate,34,D,Homer L. Gilson,61,50,111
Reno,Precinct #28 Exclave,State Senate,34,D,Homer L. Gilson,10,14,24
Reno,Precinct #29,State Senate,34,D,Homer L. Gilson,49,34,83
Reno,Precinct #30,State Senate,34,D,Homer L. Gilson,26,33,59
Reno,Precinct #31,State Senate,34,D,Homer L. Gilson,32,41,73
Reno,Precinct #32,State Senate,34,D,Homer L. Gilson,9,9,18
Reno,Precinct #33,State Senate,34,D,Homer L. Gilson,12,6,18
Reno,Precinct #34,State Senate,34,D,Homer L. Gilson,8,7,15
Reno,Precinct #34 Exclave,State Senate,34,D,Homer L. Gilson,0,0,0
Reno,Precinct #35,State Senate,34,D,Homer L. Gilson,14,17,31
Reno,Albion Township,State Senate,34,D,Homer L. Gilson,50,9,59
Reno,Arlington Township,State Senate,34,D,Homer L. Gilson,38,9,47
Reno,Bell Township,State Senate,34,D,Homer L. Gilson,3,3,6
Reno,Castleton Township,State Senate,34,D,Homer L. Gilson,15,5,20
Reno,Center Township,State Senate,34,D,Homer L. Gilson,20,4,24
Reno,Clay North Township,State Senate,34,D,Homer L. Gilson,27,17,44
Reno,Clay South H101,State Senate,34,D,Homer L. Gilson,56,22,78
Reno,Clay South H102A,State Senate,34,D,Homer L. Gilson,0,0,0
Reno,Enterprise Township,State Senate,34,D,Homer L. Gilson,7,4,11
Reno,Grant Township,State Senate,34,D,Homer L. Gilson,68,15,83
Reno,Grove 310,State Senate,34,D,Homer L. Gilson,2,0,2
Reno,Haven Township,State Senate,34,D,Homer L. Gilson,102,15,117
Reno,Hayes Township,State Senate,34,D,Homer L. Gilson,2,0,2
Reno,Huntsville Township,State Senate,34,D,Homer L. Gilson,8,1,9
Reno,Langdon 310,State Senate,34,D,Homer L. Gilson,7,0,7
Reno,Lincoln Township,State Senate,34,D,Homer L. Gilson,15,4,19
Reno,Little River Township,State Senate,34,D,Homer L. Gilson,63,26,89
Reno,Loda Township,State Senate,34,D,Homer L. Gilson,7,3,10
Reno,Medford Township,State Senate,34,D,Homer L. Gilson,3,3,6
Reno,Medora Township,State Senate,34,D,Homer L. Gilson,86,28,114
Reno,Miami 310,State Senate,34,D,Homer L. Gilson,23,4,27
Reno,Ninnescah Township,State Senate,34,D,Homer L. Gilson,11,5,16
Reno,Plevna 310,State Senate,34,D,Homer L. Gilson,21,2,23
Reno,Reno North Township,State Senate,34,D,Homer L. Gilson,74,38,112
Reno,Reno South Township,State Senate,34,D,Homer L. Gilson,13,3,16
Reno,Roscoe Township,State Senate,34,D,Homer L. Gilson,8,3,11
Reno,Salt Creek Township,State Senate,34,D,Homer L. Gilson,18,3,21
Reno,Sumner Township,State Senate,34,D,Homer L. Gilson,49,4,53
Reno,Sylvia 310,State Senate,34,D,Homer L. Gilson,21,4,25
Reno,Troy Township,State Senate,34,D,Homer L. Gilson,4,1,5
Reno,Valley Township,State Senate,34,D,Homer L. Gilson,51,25,76
Reno,Walnut Township,State Senate,34,D,Homer L. Gilson,6,3,9
Reno,Westminster 310,State Senate,34,D,Homer L. Gilson,9,0,9
Reno,Yoder Township,State Senate,34,D,Homer L. Gilson,31,6,37
Reno,South Hutchinson #1,State Senate,34,D,Homer L. Gilson,37,24,61
Reno,South Hutchinson #2,State Senate,34,D,Homer L. Gilson,53,30,83
Reno,South Hutchinson #3,State Senate,34,D,Homer L. Gilson,40,15,55
Reno,Nickerson Ward #1,State Senate,34,D,Homer L. Gilson,21,11,32
Reno,Nickerson Ward #2,State Senate,34,D,Homer L. Gilson,15,3,18
Reno,Nickerson Ward #3,State Senate,34,D,Homer L. Gilson,19,5,24
Reno,Total,State Senate,34,D,Homer L. Gilson,2590,1668,4258
Reno,Precinct #1-H102,State Senate,34,,Write-ins,2,0,2
Reno,Precinct #1-H114,State Senate,34,,Write-ins,0,0,0
Reno,Precinct #2,State Senate,34,,Write-ins,2,0,2
Reno,Precinct #3,State Senate,34,,Write-ins,2,1,3
Reno,Precinct #4,State Senate,34,,Write-ins,6,3,9
Reno,Precinct #5,State Senate,34,,Write-ins,0,1,1
Reno,Precinct #6,State Senate,34,,Write-ins,0,1,1
Reno,Precinct #7,State Senate,34,,Write-ins,1,2,3
Reno,Precinct #8,State Senate,34,,Write-ins,0,0,0
Reno,Precinct #9,State Senate,34,,Write-ins,2,2,4
Reno,Precinct #10,State Senate,34,,Write-ins,1,4,5
Reno,Precinct #11,State Senate,34,,Write-ins,2,5,7
Reno,Precinct #12,State Senate,34,,Write-ins,3,0,3
Reno,Precinct #13,State Senate,34,,Write-ins,2,0,2
Reno,Precinct #14,State Senate,34,,Write-ins,0,1,1
Reno,Precinct #15,State Senate,34,,Write-ins,1,0,1
Reno,Precinct #16,State Senate,34,,Write-ins,4,1,5
Reno,Precinct #17,State Senate,34,,Write-ins,1,2,3
Reno,Precinct #18,State Senate,34,,Write-ins,0,0,0
Reno,Precinct #19,State Senate,34,,Write-ins,0,0,0
Reno,Precinct #20,State Senate,34,,Write-ins,0,0,0
Reno,Precinct #21,State Senate,34,,Write-ins,0,2,2
Reno,Precinct #22,State Senate,34,,Write-ins,1,2,3
Reno,Precinct #23,State Senate,34,,Write-ins,1,1,2
Reno,Precinct #23 Exclave,State Senate,34,,Write-ins,3,0,3
Reno,Precinct #24,State Senate,34,,Write-ins,0,0,0
Reno,Precinct #25,State Senate,34,,Write-ins,2,0,2
Reno,Precinct #26,State Senate,34,,Write-ins,0,0,0
Reno,Precinct #26 Exclave,State Senate,34,,Write-ins,0,0,0
Reno,Precinct #27,State Senate,34,,Write-ins,0,0,0
Reno,Precinct #28,State Senate,34,,Write-ins,2,3,5
Reno,Precinct #28 Exclave,State Senate,34,,Write-ins,2,1,3
Reno,Precinct #29,State Senate,34,,Write-ins,1,1,2
Reno,Precinct #30,State Senate,34,,Write-ins,0,0,0
Reno,Precinct #31,State Senate,34,,Write-ins,1,0,1
Reno,Precinct #32,State Senate,34,,Write-ins,1,0,1
Reno,Precinct #33,State Senate,34,,Write-ins,0,0,0
Reno,Precinct #34,State Senate,34,,Write-ins,0,0,0
Reno,Precinct #34 Exclave,State Senate,34,,Write-ins,0,0,0
Reno,Precinct #35,State Senate,34,,Write-ins,0,1,1
Reno,Albion Township,State Senate,34,,Write-ins,5,0,5
Reno,Arlington Township,State Senate,34,,Write-ins,1,0,1
Reno,Bell Township,State Senate,34,,Write-ins,0,0,0
Reno,Castleton Township,State Senate,34,,Write-ins,0,1,1
Reno,Center Township,State Senate,34,,Write-ins,4,0,4
Reno,Clay North Township,State Senate,34,,Write-ins,0,2,2
Reno,Clay South H101,State Senate,34,,Write-ins,0,0,0
Reno,Clay South H102A,State Senate,34,,Write-ins,0,0,0
Reno,Enterprise Township,State Senate,34,,Write-ins,0,0,0
Reno,Grant Township,State Senate,34,,Write-ins,6,2,8
Reno,Grove 310,State Senate,34,,Write-ins,0,0,0
Reno,Haven Township,State Senate,34,,Write-ins,7,0,7
Reno,Hayes Township,State Senate,34,,Write-ins,1,0,1
Reno,Huntsville Township,State Senate,34,,Write-ins,0,0,0
Reno,Langdon 310,State Senate,34,,Write-ins,0,0,0
Reno,Lincoln Township,State Senate,34,,Write-ins,0,0,0
Reno,Little River Township,State Senate,34,,Write-ins,7,4,11
Reno,Loda Township,State Senate,34,,Write-ins,0,0,0
Reno,Medford Township,State Senate,34,,Write-ins,0,0,0
Reno,Medora Township,State Senate,34,,Write-ins,3,0,3
Reno,Miami 310,State Senate,34,,Write-ins,2,1,3
Reno,Ninnescah Township,State Senate,34,,Write-ins,5,0,5
Reno,Plevna 310,State Senate,34,,Write-ins,0,0,0
Reno,Reno North Township,State Senate,34,,Write-ins,1,2,3
Reno,Reno South Township,State Senate,34,,Write-ins,0,0,0
Reno,Roscoe Township,State Senate,34,,Write-ins,0,0,0
Reno,Salt Creek Township,State Senate,34,,Write-ins,3,0,3
Reno,Sumner Township,State Senate,34,,Write-ins,1,0,1
Reno,Sylvia 310,State Senate,34,,Write-ins,1,1,2
Reno,Troy Township,State Senate,34,,Write-ins,0,0,0
Reno,Valley Township,State Senate,34,,Write-ins,2,2,4
Reno,Walnut Township,State Senate,34,,Write-ins,0,0,0
Reno,Westminster 310,State Senate,34,,Write-ins,0,0,0
Reno,Yoder Township,State Senate,34,,Write-ins,2,3,5
Reno,South Hutchinson #1,State Senate,34,,Write-ins,0,0,0
Reno,South Hutchinson #2,State Senate,34,,Write-ins,0,3,3
Reno,South Hutchinson #3,State Senate,34,,Write-ins,0,1,1
Reno,Nickerson Ward #1,State Senate,34,,Write-ins,2,0,2
Reno,Nickerson Ward #2,State Senate,34,,Write-ins,2,0,2
Reno,Nickerson Ward #3,State Senate,34,,Write-ins,0,0,0
Reno,Total,State Senate,34,,Write-ins,98,56,
Reno,Albion Township,State House,101,D,Clifton Beck,108,21,129
Reno,Albion Township,State House,101,R,Joe Seiwert,224,34,258
Reno,Albion Township,State House,101,,Write-ins,1,0,1
Reno,Castleton Township,State House,101,D,Clifton Beck,35,11,46
Reno,Castleton Township,State House,101,R,Joe Seiwert,89,13,102
Reno,Castleton Township,State House,101,,Write-ins,0,0,0
Reno,Clay South H101,State House,101,D,Clifton Beck,77,34,111
Reno,Clay South H101,State House,101,R,Joe Seiwert,320,85,405
Reno,Clay South H101,State House,101,,Write-ins,1,1,2
Reno,Haven Township,State House,101,D,Clifton Beck,166,27,193
Reno,Haven Township,State House,101,R,Joe Seiwert,449,77,526
Reno,Haven Township,State House,101,,Write-ins,3,0,3
Reno,Lincoln Township,State House,101,D,Clifton Beck,30,6,36
Reno,Lincoln Township,State House,101,R,Joe Seiwert,131,21,152
Reno,Lincoln Township,State House,101,,Write-ins,0,0,0
Reno,Ninnescah Township,State House,101,D,Clifton Beck,24,9,33
Reno,Ninnescah Township,State House,101,R,Joe Seiwert,63,9,72
Reno,Ninnescah Township,State House,101,,Write-ins,0,0,0
Reno,Roscoe Township,State House,101,D,Clifton Beck,22,2,24
Reno,Roscoe Township,State House,101,R,Joe Seiwert,26,6,32
Reno,Roscoe Township,State House,101,,Write-ins,0,0,0
Reno,Sumner Township,State House,101,D,Clifton Beck,45,6,51
Reno,Sumner Township,State House,101,R,Joe Seiwert,212,27,239
Reno,Sumner Township,State House,101,,Write-ins,0,0,0
Reno,Valley Township,State House,101,D,Clifton Beck,65,31,96
Reno,Valley Township,State House,101,R,Joe Seiwert,220,92,312
Reno,Valley Township,State House,101,,Write-ins,0,1,1
Reno,Yoder Township,State House,101,D,Clifton Beck,41,9,50
Reno,Yoder Township,State House,101,R,Joe Seiwert,164,32,196
Reno,Yoder Township,State House,101,,Write-ins,1,0,1
Reno,Total,State House,101,D,Clifton Beck,156,613,769
Reno,Total,State House,101,R,Joe Seiwert,396,1898,2294
Reno,Total,State House,101,,Write-ins,2,6,8
Reno,Precinct #1-H102,State House,102,R,Jan Pauls,49,28,77
Reno,Precinct #2,State House,102,R,Jan Pauls,55,36,91
Reno,Precinct #5,State House,102,R,Jan Pauls,77,75,152
Reno,Precinct #6,State House,102,R,Jan Pauls,86,60,146
Reno,Precinct #7,State House,102,R,Jan Pauls,112,82,194
Reno,Precinct #8,State House,102,R,Jan Pauls,66,37,103
Reno,Precinct #9,State House,102,R,Jan Pauls,149,135,284
Reno,Precinct #14,State House,102,R,Jan Pauls,122,67,189
Reno,Precinct #15,State House,102,R,Jan Pauls,53,37,90
Reno,Precinct #16,State House,102,R,Jan Pauls,119,77,196
Reno,Precinct #18,State House,102,R,Jan Pauls,52,35,87
Reno,Precinct #19,State House,102,R,Jan Pauls,48,28,76
Reno,Precinct #20,State House,102,R,Jan Pauls,103,75,178
Reno,Precinct #25,State House,102,R,Jan Pauls,63,47,110
Reno,Precinct #26,State House,102,R,Jan Pauls,61,27,88
Reno,Precinct #26 Exclave,State House,102,R,Jan Pauls,8,3,11
Reno,Precinct #29,State House,102,R,Jan Pauls,110,81,191
Reno,Precinct #30,State House,102,R,Jan Pauls,60,41,101
Reno,Precinct #34,State House,102,R,Jan Pauls,24,16,40
Reno,Precinct #34 Exclave,State House,102,R,Jan Pauls,1,0,1
Reno,Precinct #35,State House,102,R,Jan Pauls,57,39,96
Reno,Clay South H102A,State House,102,R,Jan Pauls,0,2,2
Reno,Total,State House,102,R,Jan Pauls,1475,1028,2503
Reno,Precinct #1-H102,State House,102,D,Patsy Terrell,86,46,132
Reno,Precinct #2,State House,102,D,Patsy Terrell,64,63,127
Reno,Precinct #5,State House,102,D,Patsy Terrell,113,76,189
Reno,Precinct #6,State House,102,D,Patsy Terrell,112,97,209
Reno,Precinct #7,State House,102,D,Patsy Terrell,123,114,237
Reno,Precinct #8,State House,102,D,Patsy Terrell,61,49,110
Reno,Precinct #9,State House,102,D,Patsy Terrell,147,161,308
Reno,Precinct #14,State House,102,D,Patsy Terrell,119,95,214
Reno,Precinct #15,State House,102,D,Patsy Terrell,85,59,144
Reno,Precinct #16,State House,102,D,Patsy Terrell,175,111,286
Reno,Precinct #18,State House,102,D,Patsy Terrell,51,58,109
Reno,Precinct #19,State House,102,D,Patsy Terrell,80,67,147
Reno,Precinct #20,State House,102,D,Patsy Terrell,103,73,176
Reno,Precinct #25,State House,102,D,Patsy Terrell,95,79,174
Reno,Precinct #26,State House,102,D,Patsy Terrell,60,50,110
Reno,Precinct #26 Exclave,State House,102,D,Patsy Terrell,6,5,11
Reno,Precinct #29,State House,102,D,Patsy Terrell,112,97,209
Reno,Precinct #30,State House,102,D,Patsy Terrell,52,60,112
Reno,Precinct #34,State House,102,D,Patsy Terrell,16,10,26
Reno,Precinct #34 Exclave,State House,102,D,Patsy Terrell,0,0,0
Reno,Precinct #35,State House,102,D,Patsy Terrell,60,42,102
Reno,Clay South H102A,State House,102,D,Patsy Terrell,0,0,0
Reno,Total,State House,102,D,Patsy Terrell,1720,1412,3132
Reno,Precinct #1-H102,State House,102,,Write-ins,2,0,2
Reno,Precinct #2,State House,102,,Write-ins,0,1,1
Reno,Precinct #5,State House,102,,Write-ins,0,1,1
Reno,Precinct #6,State House,102,,Write-ins,1,0,1
Reno,Precinct #7,State House,102,,Write-ins,0,1,1
Reno,Precinct #8,State House,102,,Write-ins,0,0,0
Reno,Precinct #9,State House,102,,Write-ins,3,2,5
Reno,Precinct #14,State House,102,,Write-ins,1,1,2
Reno,Precinct #15,State House,102,,Write-ins,0,0,0
Reno,Precinct #16,State House,102,,Write-ins,0,0,0
Reno,Precinct #18,State House,102,,Write-ins,0,0,0
Reno,Precinct #19,State House,102,,Write-ins,0,0,0
Reno,Precinct #20,State House,102,,Write-ins,1,0,1
Reno,Precinct #25,State House,102,,Write-ins,0,1,1
Reno,Precinct #26,State House,102,,Write-ins,0,1,1
Reno,Precinct #26 Exclave,State House,102,,Write-ins,0,0,0
Reno,Precinct #29,State House,102,,Write-ins,0,1,1
Reno,Precinct #30,State House,102,,Write-ins,1,0,1
Reno,Precinct #34,State House,102,,Write-ins,0,0,0
Reno,Precinct #34 Exclave,State House,102,,Write-ins,0,0,0
Reno,Precinct #35,State House,102,,Write-ins,0,0,0
Reno,Clay South H102A,State House,102,,Write-ins,0,0,0
Reno,Total,State House,102,,Write-ins,9,9,18
Reno,Precinct #4,State House,104,R,Steven Becker,351,347,698
Reno,Precinct #10,State House,104,R,Steven Becker,250,338,588
Reno,Precinct #11,State House,104,R,Steven Becker,299,288,587
Reno,Precinct #12,State House,104,R,Steven Becker,189,142,331
Reno,Precinct #13,State House,104,R,Steven Becker,229,138,367
Reno,Precinct #17,State House,104,R,Steven Becker,244,155,399
Reno,Precinct #21,State House,104,R,Steven Becker,109,93,202
Reno,Precinct #22,State House,104,R,Steven Becker,305,200,505
Reno,Precinct #23,State House,104,R,Steven Becker,292,322,614
Reno,Precinct #23 Exclave,State House,104,R,Steven Becker,91,93,184
Reno,Precinct #24,State House,104,R,Steven Becker,261,172,433
Reno,Precinct #27,State House,104,R,Steven Becker,200,147,347
Reno,Precinct #28,State House,104,R,Steven Becker,426,292,718
Reno,Precinct #28 Exclave,State House,104,R,Steven Becker,173,177,350
Reno,Precinct #31,State House,104,R,Steven Becker,138,118,256
Reno,Precinct #32,State House,104,R,Steven Becker,47,55,102
Reno,Precinct #33,State House,104,R,Steven Becker,111,49,160
Reno,Clay North Township,State House,104,R,Steven Becker,251,151,402
Reno,Little River Township,State House,104,R,Steven Becker,658,157,815
Reno,Medora Township,State House,104,R,Steven Becker,504,193,697
Reno,Total,State House,104,R,Steven Becker,5128,3627,8755
Reno,Precinct #4,State House,104,D,Betty Taylor,63,50,113
Reno,Precinct #10,State House,104,D,Betty Taylor,49,86,135
Reno,Precinct #11,State House,104,D,Betty Taylor,52,46,98
Reno,Precinct #12,State House,104,D,Betty Taylor,43,46,89
Reno,Precinct #13,State House,104,D,Betty Taylor,63,45,108
Reno,Precinct #17,State House,104,D,Betty Taylor,59,65,124
Reno,Precinct #21,State House,104,D,Betty Taylor,56,39,95
Reno,Precinct #22,State House,104,D,Betty Taylor,66,79,145
Reno,Precinct #23,State House,104,D,Betty Taylor,78,100,178
Reno,Precinct #23 Exclave,State House,104,D,Betty Taylor,7,10,17
Reno,Precinct #24,State House,104,D,Betty Taylor,53,59,112
Reno,Precinct #27,State House,104,D,Betty Taylor,40,31,71
Reno,Precinct #28,State House,104,D,Betty Taylor,71,70,141
Reno,Precinct #28 Exclave,State House,104,D,Betty Taylor,19,31,50
Reno,Precinct #31,State House,104,D,Betty Taylor,43,44,87
Reno,Precinct #32,State House,104,D,Betty Taylor,11,7,18
Reno,Precinct #33,State House,104,D,Betty Taylor,16,14,30
Reno,Clay North Township,State House,104,D,Betty Taylor,42,24,66
Reno,Little River Township,State House,104,D,Betty Taylor,56,33,89
Reno,Medora Township,State House,104,D,Betty Taylor,97,35,132
Reno,Total,State House,104,D,Betty Taylor,984,914,1898
Reno,Precinct #4,State House,104,,Write-ins,6,1,7
Reno,Precinct #10,State House,104,,Write-ins,3,2,5
Reno,Precinct #11,State House,104,,Write-ins,0,6,6
Reno,Precinct #12,State House,104,,Write-ins,2,0,2
Reno,Precinct #13,State House,104,,Write-ins,2,1,3
Reno,Precinct #17,State House,104,,Write-ins,0,2,2
Reno,Precinct #21,State House,104,,Write-ins,0,0,0
Reno,Precinct #22,State House,104,,Write-ins,0,0,0
Reno,Precinct #23,State House,104,,Write-ins,3,1,4
Reno,Precinct #23 Exclave,State House,104,,Write-ins,2,1,3
Reno,Precinct #24,State House,104,,Write-ins,1,1,2
Reno,Precinct #27,State House,104,,Write-ins,1,0,1
Reno,Precinct #28,State House,104,,Write-ins,0,0,0
Reno,Precinct #28 Exclave,State House,104,,Write-ins,1,1,2
Reno,Precinct #31,State House,104,,Write-ins,0,0,0
Reno,Precinct #32,State House,104,,Write-ins,1,1,2
Reno,Precinct #33,State House,104,,Write-ins,0,1,1
Reno,Clay North Township,State House,104,,Write-ins,1,1,2
Reno,Little River Township,State House,104,,Write-ins,6,3,9
Reno,Medora Township,State House,104,,Write-ins,2,2,4
Reno,Total,State House,104,,Write-ins,31,24,55
Reno,Precinct #1-H114,State House,114,R,Jack Thimesch,4,9,13
Reno,Precinct #3,State House,114,R,Jack Thimesch,65,31,96
Reno,Arlington Township,State House,114,R,Jack Thimesch,177,36,213
Reno,Bell Township,State House,114,R,Jack Thimesch,22,8,30
Reno,Center Township,State House,114,R,Jack Thimesch,128,25,153
Reno,Enterprise Township,State House,114,R,Jack Thimesch,50,9,59
Reno,Grant Township,State House,114,R,Jack Thimesch,508,195,703
Reno,Grove 310,State House,114,R,Jack Thimesch,26,3,29
Reno,Hayes Township,State House,114,R,Jack Thimesch,18,9,27
Reno,Huntsville Township,State House,114,R,Jack Thimesch,47,5,52
Reno,Langdon 310,State House,114,R,Jack Thimesch,50,8,58
Reno,Loda Township,State House,114,R,Jack Thimesch,35,5,40
Reno,Medford Township,State House,114,R,Jack Thimesch,60,5,65
Reno,Miami 310,State House,114,R,Jack Thimesch,119,6,125
Reno,Plevna 310,State House,114,R,Jack Thimesch,94,13,107
Reno,Reno North Township,State House,114,R,Jack Thimesch,388,194,582
Reno,Reno South Township,State House,114,R,Jack Thimesch,82,19,101
Reno,Salt Creek Township,State House,114,R,Jack Thimesch,136,25,161
Reno,Sylvia 310,State House,114,R,Jack Thimesch,97,12,109
Reno,Troy Township,State House,114,R,Jack Thimesch,41,5,46
Reno,Walnut Township,State House,114,R,Jack Thimesch,47,13,60
Reno,Westminster 310,State House,114,R,Jack Thimesch,76,15,91
Reno,South Hutchinson #1,State House,114,R,Jack Thimesch,145,56,201
Reno,South Hutchinson #2,State House,114,R,Jack Thimesch,276,104,380
Reno,South Hutchinson #3,State House,114,R,Jack Thimesch,210,48,258
Reno,Nickerson Ward #1,State House,114,R,Jack Thimesch,112,32,144
Reno,Nickerson Ward #2,State House,114,R,Jack Thimesch,68,14,82
Reno,Nickerson Ward #3,State House,114,R,Jack Thimesch,80,14,94
Reno,Total,State House,114,R,Jack Thimesch,3161,918,4079
Reno,Precinct #1-H114,State House,114,,Write-ins,1,0,1
Reno,Precinct #3,State House,114,,Write-ins,3,1,4
Reno,Arlington Township,State House,114,,Write-ins,6,1,7
Reno,Bell Township,State House,114,,Write-ins,0,0,0
Reno,Center Township,State House,114,,Write-ins,4,2,6
Reno,Enterprise Township,State House,114,,Write-ins,0,0,0
Reno,Grant Township,State House,114,,Write-ins,6,4,10
Reno,Grove 310,State House,114,,Write-ins,0,0,0
Reno,Hayes Township,State House,114,,Write-ins,0,2,2
Reno,Huntsville Township,State House,114,,Write-ins,0,0,0
Reno,Langdon 310,State House,114,,Write-ins,0,0,0
Reno,Loda Township,State House,114,,Write-ins,0,0,0
Reno,Medford Township,State House,114,,Write-ins,1,0,1
Reno,Miami 310,State House,114,,Write-ins,2,0,2
Reno,Plevna 310,State House,114,,Write-ins,0,0,0
Reno,Reno North Township,State House,114,,Write-ins,6,6,12
Reno,Reno South Township,State House,114,,Write-ins,2,0,2
Reno,Salt Creek Township,State House,114,,Write-ins,0,0,0
Reno,Sylvia 310,State House,114,,Write-ins,1,0,1
Reno,Troy Township,State House,114,,Write-ins,0,0,0
Reno,Walnut Township,State House,114,,Write-ins,2,0,2
Reno,Westminster 310,State House,114,,Write-ins,0,0,0
Reno,South Hutchinson #1,State House,114,,Write-ins,1,5,6
Reno,South Hutchinson #2,State House,114,,Write-ins,7,0,7
Reno,South Hutchinson #3,State House,114,,Write-ins,5,0,5
Reno,Nickerson Ward #1,State House,114,,Write-ins,1,1,2
Reno,Nickerson Ward #2,State House,114,,Write-ins,1,0,1
Reno,Nickerson Ward #3,State House,114,,Write-ins,1,0,1
Reno,Total,State House,114,,Write-ins,50,22,72