county,precinct,office,district,candidate,party,votes
Phillips,Arcade Township,President,,"Stein, Jill  ",independent,0
Phillips,Arcade Township,President,,"Basiago, Andrew D. ",write - in,0
Phillips,Arcade Township,President,,"Castle, Darrell L ",write - in,0
Phillips,Arcade Township,President,,"De La Fuente, ""Rocky"" Roque  ",write - in,0
Phillips,Arcade Township,President,,"Giordani, Rocky  ",write - in,0
Phillips,Arcade Township,President,,"Hedges, James A ",write - in,0
Phillips,Arcade Township,President,,"Hoefling, Tom  ",write - in,0
Phillips,Arcade Township,President,,"Kahn, Lynn  ",write - in,0
Phillips,Arcade Township,President,,"La Riva, Gloria  ",write - in,0
Phillips,Arcade Township,President,,"Levinson, Michael S. ",write - in,0
Phillips,Arcade Township,President,,"Maturen, Michael A ",write - in,0
Phillips,Arcade Township,President,,"McMullin, Evan  ",write - in,2
Phillips,Arcade Township,President,,"Moorehead, Monica G. ",write - in,0
Phillips,Arcade Township,President,,"Perry, Darryl  ",write - in,0
Phillips,Arcade Township,President,,"Schoenke, Marshall R. ",write - in,0
Phillips,Arcade Township,President,,"Schriner, Joe C ",write - in,0
Phillips,Arcade Township,President,,"Smith, Mike  ",write - in,0
Phillips,Arcade Township,President,,"Sood, Ajay  ",write - in,0
Phillips,Arcade Township,President,,"Sterling, Shawna  ",write - in,0
Phillips,Arcade Township,President,,"Valdivia, Anthony J ",write - in,0
Phillips,Arcade Township,President,,"Vogel-Walcutt, J.J.  ",write - in,0
Phillips,Arcade Township,President,,"Wysinger, Demetra Jefferson ",write - in,0
Phillips,Arcade Township,President,,"Clinton, Hillary Rodham ",Democratic,6
Phillips,Arcade Township,President,,"Johnson, Gary  ",Libertarian,3
Phillips,Arcade Township,President,,"Trump, Donald J. ",Republican,42
Phillips,Beaver Township,President,,"Stein, Jill  ",independent,0
Phillips,Beaver Township,President,,"Basiago, Andrew D. ",write - in,0
Phillips,Beaver Township,President,,"Castle, Darrell L ",write - in,0
Phillips,Beaver Township,President,,"De La Fuente, ""Rocky"" Roque  ",write - in,0
Phillips,Beaver Township,President,,"Giordani, Rocky  ",write - in,0
Phillips,Beaver Township,President,,"Hedges, James A ",write - in,0
Phillips,Beaver Township,President,,"Hoefling, Tom  ",write - in,0
Phillips,Beaver Township,President,,"Kahn, Lynn  ",write - in,0
Phillips,Beaver Township,President,,"La Riva, Gloria  ",write - in,0
Phillips,Beaver Township,President,,"Levinson, Michael S. ",write - in,0
Phillips,Beaver Township,President,,"Maturen, Michael A ",write - in,0
Phillips,Beaver Township,President,,"McMullin, Evan  ",write - in,0
Phillips,Beaver Township,President,,"Moorehead, Monica G. ",write - in,0
Phillips,Beaver Township,President,,"Perry, Darryl  ",write - in,0
Phillips,Beaver Township,President,,"Schoenke, Marshall R. ",write - in,0
Phillips,Beaver Township,President,,"Schriner, Joe C ",write - in,0
Phillips,Beaver Township,President,,"Smith, Mike  ",write - in,0
Phillips,Beaver Township,President,,"Sood, Ajay  ",write - in,0
Phillips,Beaver Township,President,,"Sterling, Shawna  ",write - in,0
Phillips,Beaver Township,President,,"Valdivia, Anthony J ",write - in,0
Phillips,Beaver Township,President,,"Vogel-Walcutt, J.J.  ",write - in,0
Phillips,Beaver Township,President,,"Wysinger, Demetra Jefferson ",write - in,0
Phillips,Beaver Township,President,,"Clinton, Hillary Rodham ",Democratic,0
Phillips,Beaver Township,President,,"Johnson, Gary  ",Libertarian,1
Phillips,Beaver Township,President,,"Trump, Donald J. ",Republican,24
Phillips,Belmont Township,President,,"Stein, Jill  ",independent,0
Phillips,Belmont Township,President,,"Basiago, Andrew D. ",write - in,0
Phillips,Belmont Township,President,,"Castle, Darrell L ",write - in,0
Phillips,Belmont Township,President,,"De La Fuente, ""Rocky"" Roque  ",write - in,0
Phillips,Belmont Township,President,,"Giordani, Rocky  ",write - in,0
Phillips,Belmont Township,President,,"Hedges, James A ",write - in,0
Phillips,Belmont Township,President,,"Hoefling, Tom  ",write - in,0
Phillips,Belmont Township,President,,"Kahn, Lynn  ",write - in,0
Phillips,Belmont Township,President,,"La Riva, Gloria  ",write - in,0
Phillips,Belmont Township,President,,"Levinson, Michael S. ",write - in,0
Phillips,Belmont Township,President,,"Maturen, Michael A ",write - in,0
Phillips,Belmont Township,President,,"McMullin, Evan  ",write - in,0
Phillips,Belmont Township,President,,"Moorehead, Monica G. ",write - in,0
Phillips,Belmont Township,President,,"Perry, Darryl  ",write - in,0
Phillips,Belmont Township,President,,"Schoenke, Marshall R. ",write - in,0
Phillips,Belmont Township,President,,"Schriner, Joe C ",write - in,0
Phillips,Belmont Township,President,,"Smith, Mike  ",write - in,0
Phillips,Belmont Township,President,,"Sood, Ajay  ",write - in,0
Phillips,Belmont Township,President,,"Sterling, Shawna  ",write - in,0
Phillips,Belmont Township,President,,"Valdivia, Anthony J ",write - in,0
Phillips,Belmont Township,President,,"Vogel-Walcutt, J.J.  ",write - in,0
Phillips,Belmont Township,President,,"Wysinger, Demetra Jefferson ",write - in,0
Phillips,Belmont Township,President,,"Clinton, Hillary Rodham ",Democratic,7
Phillips,Belmont Township,President,,"Johnson, Gary  ",Libertarian,0
Phillips,Belmont Township,President,,"Trump, Donald J. ",Republican,44
Phillips,Bow Creek Township,President,,"Stein, Jill  ",independent,0
Phillips,Bow Creek Township,President,,"Basiago, Andrew D. ",write - in,0
Phillips,Bow Creek Township,President,,"Castle, Darrell L ",write - in,0
Phillips,Bow Creek Township,President,,"De La Fuente, ""Rocky"" Roque  ",write - in,0
Phillips,Bow Creek Township,President,,"Giordani, Rocky  ",write - in,0
Phillips,Bow Creek Township,President,,"Hedges, James A ",write - in,0
Phillips,Bow Creek Township,President,,"Hoefling, Tom  ",write - in,0
Phillips,Bow Creek Township,President,,"Kahn, Lynn  ",write - in,0
Phillips,Bow Creek Township,President,,"La Riva, Gloria  ",write - in,0
Phillips,Bow Creek Township,President,,"Levinson, Michael S. ",write - in,0
Phillips,Bow Creek Township,President,,"Maturen, Michael A ",write - in,0
Phillips,Bow Creek Township,President,,"McMullin, Evan  ",write - in,0
Phillips,Bow Creek Township,President,,"Moorehead, Monica G. ",write - in,0
Phillips,Bow Creek Township,President,,"Perry, Darryl  ",write - in,0
Phillips,Bow Creek Township,President,,"Schoenke, Marshall R. ",write - in,0
Phillips,Bow Creek Township,President,,"Schriner, Joe C ",write - in,0
Phillips,Bow Creek Township,President,,"Smith, Mike  ",write - in,0
Phillips,Bow Creek Township,President,,"Sood, Ajay  ",write - in,0
Phillips,Bow Creek Township,President,,"Sterling, Shawna  ",write - in,0
Phillips,Bow Creek Township,President,,"Valdivia, Anthony J ",write - in,0
Phillips,Bow Creek Township,President,,"Vogel-Walcutt, J.J.  ",write - in,0
Phillips,Bow Creek Township,President,,"Wysinger, Demetra Jefferson ",write - in,0
Phillips,Bow Creek Township,President,,"Clinton, Hillary Rodham ",Democratic,1
Phillips,Bow Creek Township,President,,"Johnson, Gary  ",Libertarian,1
Phillips,Bow Creek Township,President,,"Trump, Donald J. ",Republican,18
Phillips,Crystal Township,President,,"Stein, Jill  ",independent,0
Phillips,Crystal Township,President,,"Basiago, Andrew D. ",write - in,0
Phillips,Crystal Township,President,,"Castle, Darrell L ",write - in,0
Phillips,Crystal Township,President,,"De La Fuente, ""Rocky"" Roque  ",write - in,0
Phillips,Crystal Township,President,,"Giordani, Rocky  ",write - in,0
Phillips,Crystal Township,President,,"Hedges, James A ",write - in,0
Phillips,Crystal Township,President,,"Hoefling, Tom  ",write - in,0
Phillips,Crystal Township,President,,"Kahn, Lynn  ",write - in,0
Phillips,Crystal Township,President,,"La Riva, Gloria  ",write - in,0
Phillips,Crystal Township,President,,"Levinson, Michael S. ",write - in,0
Phillips,Crystal Township,President,,"Maturen, Michael A ",write - in,0
Phillips,Crystal Township,President,,"McMullin, Evan  ",write - in,0
Phillips,Crystal Township,President,,"Moorehead, Monica G. ",write - in,0
Phillips,Crystal Township,President,,"Perry, Darryl  ",write - in,0
Phillips,Crystal Township,President,,"Schoenke, Marshall R. ",write - in,0
Phillips,Crystal Township,President,,"Schriner, Joe C ",write - in,0
Phillips,Crystal Township,President,,"Smith, Mike  ",write - in,0
Phillips,Crystal Township,President,,"Sood, Ajay  ",write - in,0
Phillips,Crystal Township,President,,"Sterling, Shawna  ",write - in,0
Phillips,Crystal Township,President,,"Valdivia, Anthony J ",write - in,0
Phillips,Crystal Township,President,,"Vogel-Walcutt, J.J.  ",write - in,0
Phillips,Crystal Township,President,,"Wysinger, Demetra Jefferson ",write - in,0
Phillips,Crystal Township,President,,"Clinton, Hillary Rodham ",Democratic,1
Phillips,Crystal Township,President,,"Johnson, Gary  ",Libertarian,2
Phillips,Crystal Township,President,,"Trump, Donald J. ",Republican,27
Phillips,Dayton Township,President,,"Stein, Jill  ",independent,0
Phillips,Dayton Township,President,,"Basiago, Andrew D. ",write - in,0
Phillips,Dayton Township,President,,"Castle, Darrell L ",write - in,0
Phillips,Dayton Township,President,,"De La Fuente, ""Rocky"" Roque  ",write - in,0
Phillips,Dayton Township,President,,"Giordani, Rocky  ",write - in,0
Phillips,Dayton Township,President,,"Hedges, James A ",write - in,0
Phillips,Dayton Township,President,,"Hoefling, Tom  ",write - in,0
Phillips,Dayton Township,President,,"Kahn, Lynn  ",write - in,0
Phillips,Dayton Township,President,,"La Riva, Gloria  ",write - in,0
Phillips,Dayton Township,President,,"Levinson, Michael S. ",write - in,0
Phillips,Dayton Township,President,,"Maturen, Michael A ",write - in,0
Phillips,Dayton Township,President,,"McMullin, Evan  ",write - in,0
Phillips,Dayton Township,President,,"Moorehead, Monica G. ",write - in,0
Phillips,Dayton Township,President,,"Perry, Darryl  ",write - in,0
Phillips,Dayton Township,President,,"Schoenke, Marshall R. ",write - in,0
Phillips,Dayton Township,President,,"Schriner, Joe C ",write - in,0
Phillips,Dayton Township,President,,"Smith, Mike  ",write - in,0
Phillips,Dayton Township,President,,"Sood, Ajay  ",write - in,0
Phillips,Dayton Township,President,,"Sterling, Shawna  ",write - in,0
Phillips,Dayton Township,President,,"Valdivia, Anthony J ",write - in,0
Phillips,Dayton Township,President,,"Vogel-Walcutt, J.J.  ",write - in,0
Phillips,Dayton Township,President,,"Wysinger, Demetra Jefferson ",write - in,0
Phillips,Dayton Township,President,,"Clinton, Hillary Rodham ",Democratic,2
Phillips,Dayton Township,President,,"Johnson, Gary  ",Libertarian,1
Phillips,Dayton Township,President,,"Trump, Donald J. ",Republican,19
Phillips,Deer Creek Township,President,,"Stein, Jill  ",independent,1
Phillips,Deer Creek Township,President,,"Basiago, Andrew D. ",write - in,0
Phillips,Deer Creek Township,President,,"Castle, Darrell L ",write - in,0
Phillips,Deer Creek Township,President,,"De La Fuente, ""Rocky"" Roque  ",write - in,0
Phillips,Deer Creek Township,President,,"Giordani, Rocky  ",write - in,0
Phillips,Deer Creek Township,President,,"Hedges, James A ",write - in,0
Phillips,Deer Creek Township,President,,"Hoefling, Tom  ",write - in,0
Phillips,Deer Creek Township,President,,"Kahn, Lynn  ",write - in,0
Phillips,Deer Creek Township,President,,"La Riva, Gloria  ",write - in,0
Phillips,Deer Creek Township,President,,"Levinson, Michael S. ",write - in,0
Phillips,Deer Creek Township,President,,"Maturen, Michael A ",write - in,0
Phillips,Deer Creek Township,President,,"McMullin, Evan  ",write - in,0
Phillips,Deer Creek Township,President,,"Moorehead, Monica G. ",write - in,0
Phillips,Deer Creek Township,President,,"Perry, Darryl  ",write - in,0
Phillips,Deer Creek Township,President,,"Schoenke, Marshall R. ",write - in,0
Phillips,Deer Creek Township,President,,"Schriner, Joe C ",write - in,0
Phillips,Deer Creek Township,President,,"Smith, Mike  ",write - in,0
Phillips,Deer Creek Township,President,,"Sood, Ajay  ",write - in,0
Phillips,Deer Creek Township,President,,"Sterling, Shawna  ",write - in,0
Phillips,Deer Creek Township,President,,"Valdivia, Anthony J ",write - in,0
Phillips,Deer Creek Township,President,,"Vogel-Walcutt, J.J.  ",write - in,0
Phillips,Deer Creek Township,President,,"Wysinger, Demetra Jefferson ",write - in,0
Phillips,Deer Creek Township,President,,"Clinton, Hillary Rodham ",Democratic,2
Phillips,Deer Creek Township,President,,"Johnson, Gary  ",Libertarian,1
Phillips,Deer Creek Township,President,,"Trump, Donald J. ",Republican,42
Phillips,Freedom Township,President,,"Stein, Jill  ",independent,0
Phillips,Freedom Township,President,,"Basiago, Andrew D. ",write - in,0
Phillips,Freedom Township,President,,"Castle, Darrell L ",write - in,0
Phillips,Freedom Township,President,,"De La Fuente, ""Rocky"" Roque  ",write - in,0
Phillips,Freedom Township,President,,"Giordani, Rocky  ",write - in,0
Phillips,Freedom Township,President,,"Hedges, James A ",write - in,0
Phillips,Freedom Township,President,,"Hoefling, Tom  ",write - in,0
Phillips,Freedom Township,President,,"Kahn, Lynn  ",write - in,0
Phillips,Freedom Township,President,,"La Riva, Gloria  ",write - in,0
Phillips,Freedom Township,President,,"Levinson, Michael S. ",write - in,0
Phillips,Freedom Township,President,,"Maturen, Michael A ",write - in,0
Phillips,Freedom Township,President,,"McMullin, Evan  ",write - in,0
Phillips,Freedom Township,President,,"Moorehead, Monica G. ",write - in,0
Phillips,Freedom Township,President,,"Perry, Darryl  ",write - in,0
Phillips,Freedom Township,President,,"Schoenke, Marshall R. ",write - in,0
Phillips,Freedom Township,President,,"Schriner, Joe C ",write - in,0
Phillips,Freedom Township,President,,"Smith, Mike  ",write - in,0
Phillips,Freedom Township,President,,"Sood, Ajay  ",write - in,0
Phillips,Freedom Township,President,,"Sterling, Shawna  ",write - in,0
Phillips,Freedom Township,President,,"Valdivia, Anthony J ",write - in,0
Phillips,Freedom Township,President,,"Vogel-Walcutt, J.J.  ",write - in,0
Phillips,Freedom Township,President,,"Wysinger, Demetra Jefferson ",write - in,0
Phillips,Freedom Township,President,,"Clinton, Hillary Rodham ",Democratic,2
Phillips,Freedom Township,President,,"Johnson, Gary  ",Libertarian,1
Phillips,Freedom Township,President,,"Trump, Donald J. ",Republican,52
Phillips,Glenwood Township,President,,"Stein, Jill  ",independent,0
Phillips,Glenwood Township,President,,"Basiago, Andrew D. ",write - in,0
Phillips,Glenwood Township,President,,"Castle, Darrell L ",write - in,2
Phillips,Glenwood Township,President,,"De La Fuente, ""Rocky"" Roque  ",write - in,0
Phillips,Glenwood Township,President,,"Giordani, Rocky  ",write - in,0
Phillips,Glenwood Township,President,,"Hedges, James A ",write - in,0
Phillips,Glenwood Township,President,,"Hoefling, Tom  ",write - in,0
Phillips,Glenwood Township,President,,"Kahn, Lynn  ",write - in,0
Phillips,Glenwood Township,President,,"La Riva, Gloria  ",write - in,0
Phillips,Glenwood Township,President,,"Levinson, Michael S. ",write - in,0
Phillips,Glenwood Township,President,,"Maturen, Michael A ",write - in,0
Phillips,Glenwood Township,President,,"McMullin, Evan  ",write - in,0
Phillips,Glenwood Township,President,,"Moorehead, Monica G. ",write - in,0
Phillips,Glenwood Township,President,,"Perry, Darryl  ",write - in,0
Phillips,Glenwood Township,President,,"Schoenke, Marshall R. ",write - in,0
Phillips,Glenwood Township,President,,"Schriner, Joe C ",write - in,0
Phillips,Glenwood Township,President,,"Smith, Mike  ",write - in,0
Phillips,Glenwood Township,President,,"Sood, Ajay  ",write - in,0
Phillips,Glenwood Township,President,,"Sterling, Shawna  ",write - in,0
Phillips,Glenwood Township,President,,"Valdivia, Anthony J ",write - in,0
Phillips,Glenwood Township,President,,"Vogel-Walcutt, J.J.  ",write - in,0
Phillips,Glenwood Township,President,,"Wysinger, Demetra Jefferson ",write - in,0
Phillips,Glenwood Township,President,,"Clinton, Hillary Rodham ",Democratic,4
Phillips,Glenwood Township,President,,"Johnson, Gary  ",Libertarian,0
Phillips,Glenwood Township,President,,"Trump, Donald J. ",Republican,15
Phillips,Granite Township,President,,"Stein, Jill  ",independent,1
Phillips,Granite Township,President,,"Basiago, Andrew D. ",write - in,0
Phillips,Granite Township,President,,"Castle, Darrell L ",write - in,0
Phillips,Granite Township,President,,"De La Fuente, ""Rocky"" Roque  ",write - in,0
Phillips,Granite Township,President,,"Giordani, Rocky  ",write - in,0
Phillips,Granite Township,President,,"Hedges, James A ",write - in,0
Phillips,Granite Township,President,,"Hoefling, Tom  ",write - in,0
Phillips,Granite Township,President,,"Kahn, Lynn  ",write - in,0
Phillips,Granite Township,President,,"La Riva, Gloria  ",write - in,0
Phillips,Granite Township,President,,"Levinson, Michael S. ",write - in,0
Phillips,Granite Township,President,,"Maturen, Michael A ",write - in,0
Phillips,Granite Township,President,,"McMullin, Evan  ",write - in,0
Phillips,Granite Township,President,,"Moorehead, Monica G. ",write - in,0
Phillips,Granite Township,President,,"Perry, Darryl  ",write - in,0
Phillips,Granite Township,President,,"Schoenke, Marshall R. ",write - in,0
Phillips,Granite Township,President,,"Schriner, Joe C ",write - in,0
Phillips,Granite Township,President,,"Smith, Mike  ",write - in,0
Phillips,Granite Township,President,,"Sood, Ajay  ",write - in,0
Phillips,Granite Township,President,,"Sterling, Shawna  ",write - in,0
Phillips,Granite Township,President,,"Valdivia, Anthony J ",write - in,0
Phillips,Granite Township,President,,"Vogel-Walcutt, J.J.  ",write - in,0
Phillips,Granite Township,President,,"Wysinger, Demetra Jefferson ",write - in,0
Phillips,Granite Township,President,,"Clinton, Hillary Rodham ",Democratic,0
Phillips,Granite Township,President,,"Johnson, Gary  ",Libertarian,0
Phillips,Granite Township,President,,"Trump, Donald J. ",Republican,16
Phillips,Greenwood Township,President,,"Stein, Jill  ",independent,0
Phillips,Greenwood Township,President,,"Basiago, Andrew D. ",write - in,0
Phillips,Greenwood Township,President,,"Castle, Darrell L ",write - in,1
Phillips,Greenwood Township,President,,"De La Fuente, ""Rocky"" Roque  ",write - in,0
Phillips,Greenwood Township,President,,"Giordani, Rocky  ",write - in,0
Phillips,Greenwood Township,President,,"Hedges, James A ",write - in,0
Phillips,Greenwood Township,President,,"Hoefling, Tom  ",write - in,0
Phillips,Greenwood Township,President,,"Kahn, Lynn  ",write - in,0
Phillips,Greenwood Township,President,,"La Riva, Gloria  ",write - in,0
Phillips,Greenwood Township,President,,"Levinson, Michael S. ",write - in,0
Phillips,Greenwood Township,President,,"Maturen, Michael A ",write - in,0
Phillips,Greenwood Township,President,,"McMullin, Evan  ",write - in,0
Phillips,Greenwood Township,President,,"Moorehead, Monica G. ",write - in,0
Phillips,Greenwood Township,President,,"Perry, Darryl  ",write - in,0
Phillips,Greenwood Township,President,,"Schoenke, Marshall R. ",write - in,0
Phillips,Greenwood Township,President,,"Schriner, Joe C ",write - in,0
Phillips,Greenwood Township,President,,"Smith, Mike  ",write - in,0
Phillips,Greenwood Township,President,,"Sood, Ajay  ",write - in,0
Phillips,Greenwood Township,President,,"Sterling, Shawna  ",write - in,0
Phillips,Greenwood Township,President,,"Valdivia, Anthony J ",write - in,0
Phillips,Greenwood Township,President,,"Vogel-Walcutt, J.J.  ",write - in,0
Phillips,Greenwood Township,President,,"Wysinger, Demetra Jefferson ",write - in,0
Phillips,Greenwood Township,President,,"Clinton, Hillary Rodham ",Democratic,1
Phillips,Greenwood Township,President,,"Johnson, Gary  ",Libertarian,1
Phillips,Greenwood Township,President,,"Trump, Donald J. ",Republican,22
Phillips,Kirwin Township,President,,"Stein, Jill  ",independent,1
Phillips,Kirwin Township,President,,"Basiago, Andrew D. ",write - in,0
Phillips,Kirwin Township,President,,"Castle, Darrell L ",write - in,0
Phillips,Kirwin Township,President,,"De La Fuente, ""Rocky"" Roque  ",write - in,0
Phillips,Kirwin Township,President,,"Giordani, Rocky  ",write - in,0
Phillips,Kirwin Township,President,,"Hedges, James A ",write - in,0
Phillips,Kirwin Township,President,,"Hoefling, Tom  ",write - in,0
Phillips,Kirwin Township,President,,"Kahn, Lynn  ",write - in,0
Phillips,Kirwin Township,President,,"La Riva, Gloria  ",write - in,0
Phillips,Kirwin Township,President,,"Levinson, Michael S. ",write - in,0
Phillips,Kirwin Township,President,,"Maturen, Michael A ",write - in,0
Phillips,Kirwin Township,President,,"McMullin, Evan  ",write - in,0
Phillips,Kirwin Township,President,,"Moorehead, Monica G. ",write - in,0
Phillips,Kirwin Township,President,,"Perry, Darryl  ",write - in,0
Phillips,Kirwin Township,President,,"Schoenke, Marshall R. ",write - in,0
Phillips,Kirwin Township,President,,"Schriner, Joe C ",write - in,0
Phillips,Kirwin Township,President,,"Smith, Mike  ",write - in,0
Phillips,Kirwin Township,President,,"Sood, Ajay  ",write - in,0
Phillips,Kirwin Township,President,,"Sterling, Shawna  ",write - in,0
Phillips,Kirwin Township,President,,"Valdivia, Anthony J ",write - in,0
Phillips,Kirwin Township,President,,"Vogel-Walcutt, J.J.  ",write - in,0
Phillips,Kirwin Township,President,,"Wysinger, Demetra Jefferson ",write - in,0
Phillips,Kirwin Township,President,,"Clinton, Hillary Rodham ",Democratic,9
Phillips,Kirwin Township,President,,"Johnson, Gary  ",Libertarian,5
Phillips,Kirwin Township,President,,"Trump, Donald J. ",Republican,91
Phillips,Logan Township,President,,"Stein, Jill  ",independent,2
Phillips,Logan Township,President,,"Basiago, Andrew D. ",write - in,0
Phillips,Logan Township,President,,"Castle, Darrell L ",write - in,0
Phillips,Logan Township,President,,"De La Fuente, ""Rocky"" Roque  ",write - in,0
Phillips,Logan Township,President,,"Giordani, Rocky  ",write - in,0
Phillips,Logan Township,President,,"Hedges, James A ",write - in,0
Phillips,Logan Township,President,,"Hoefling, Tom  ",write - in,0
Phillips,Logan Township,President,,"Kahn, Lynn  ",write - in,0
Phillips,Logan Township,President,,"La Riva, Gloria  ",write - in,0
Phillips,Logan Township,President,,"Levinson, Michael S. ",write - in,0
Phillips,Logan Township,President,,"Maturen, Michael A ",write - in,0
Phillips,Logan Township,President,,"McMullin, Evan  ",write - in,2
Phillips,Logan Township,President,,"Moorehead, Monica G. ",write - in,0
Phillips,Logan Township,President,,"Perry, Darryl  ",write - in,0
Phillips,Logan Township,President,,"Schoenke, Marshall R. ",write - in,0
Phillips,Logan Township,President,,"Schriner, Joe C ",write - in,0
Phillips,Logan Township,President,,"Smith, Mike  ",write - in,0
Phillips,Logan Township,President,,"Sood, Ajay  ",write - in,0
Phillips,Logan Township,President,,"Sterling, Shawna  ",write - in,0
Phillips,Logan Township,President,,"Valdivia, Anthony J ",write - in,0
Phillips,Logan Township,President,,"Vogel-Walcutt, J.J.  ",write - in,0
Phillips,Logan Township,President,,"Wysinger, Demetra Jefferson ",write - in,0
Phillips,Logan Township,President,,"Clinton, Hillary Rodham ",Democratic,38
Phillips,Logan Township,President,,"Johnson, Gary  ",Libertarian,10
Phillips,Logan Township,President,,"Trump, Donald J. ",Republican,227
Phillips,Long Island Township,President,,"Stein, Jill  ",independent,1
Phillips,Long Island Township,President,,"Basiago, Andrew D. ",write - in,0
Phillips,Long Island Township,President,,"Castle, Darrell L ",write - in,0
Phillips,Long Island Township,President,,"De La Fuente, ""Rocky"" Roque  ",write - in,0
Phillips,Long Island Township,President,,"Giordani, Rocky  ",write - in,0
Phillips,Long Island Township,President,,"Hedges, James A ",write - in,0
Phillips,Long Island Township,President,,"Hoefling, Tom  ",write - in,0
Phillips,Long Island Township,President,,"Kahn, Lynn  ",write - in,0
Phillips,Long Island Township,President,,"La Riva, Gloria  ",write - in,0
Phillips,Long Island Township,President,,"Levinson, Michael S. ",write - in,0
Phillips,Long Island Township,President,,"Maturen, Michael A ",write - in,0
Phillips,Long Island Township,President,,"McMullin, Evan  ",write - in,2
Phillips,Long Island Township,President,,"Moorehead, Monica G. ",write - in,0
Phillips,Long Island Township,President,,"Perry, Darryl  ",write - in,0
Phillips,Long Island Township,President,,"Schoenke, Marshall R. ",write - in,0
Phillips,Long Island Township,President,,"Schriner, Joe C ",write - in,0
Phillips,Long Island Township,President,,"Smith, Mike  ",write - in,0
Phillips,Long Island Township,President,,"Sood, Ajay  ",write - in,0
Phillips,Long Island Township,President,,"Sterling, Shawna  ",write - in,0
Phillips,Long Island Township,President,,"Valdivia, Anthony J ",write - in,0
Phillips,Long Island Township,President,,"Vogel-Walcutt, J.J.  ",write - in,0
Phillips,Long Island Township,President,,"Wysinger, Demetra Jefferson ",write - in,0
Phillips,Long Island Township,President,,"Clinton, Hillary Rodham ",Democratic,8
Phillips,Long Island Township,President,,"Johnson, Gary  ",Libertarian,4
Phillips,Long Island Township,President,,"Trump, Donald J. ",Republican,96
Phillips,Mound Township,President,,"Stein, Jill  ",independent,0
Phillips,Mound Township,President,,"Basiago, Andrew D. ",write - in,0
Phillips,Mound Township,President,,"Castle, Darrell L ",write - in,0
Phillips,Mound Township,President,,"De La Fuente, ""Rocky"" Roque  ",write - in,0
Phillips,Mound Township,President,,"Giordani, Rocky  ",write - in,0
Phillips,Mound Township,President,,"Hedges, James A ",write - in,0
Phillips,Mound Township,President,,"Hoefling, Tom  ",write - in,0
Phillips,Mound Township,President,,"Kahn, Lynn  ",write - in,0
Phillips,Mound Township,President,,"La Riva, Gloria  ",write - in,0
Phillips,Mound Township,President,,"Levinson, Michael S. ",write - in,0
Phillips,Mound Township,President,,"Maturen, Michael A ",write - in,0
Phillips,Mound Township,President,,"McMullin, Evan  ",write - in,1
Phillips,Mound Township,President,,"Moorehead, Monica G. ",write - in,0
Phillips,Mound Township,President,,"Perry, Darryl  ",write - in,0
Phillips,Mound Township,President,,"Schoenke, Marshall R. ",write - in,0
Phillips,Mound Township,President,,"Schriner, Joe C ",write - in,0
Phillips,Mound Township,President,,"Smith, Mike  ",write - in,0
Phillips,Mound Township,President,,"Sood, Ajay  ",write - in,0
Phillips,Mound Township,President,,"Sterling, Shawna  ",write - in,0
Phillips,Mound Township,President,,"Valdivia, Anthony J ",write - in,0
Phillips,Mound Township,President,,"Vogel-Walcutt, J.J.  ",write - in,0
Phillips,Mound Township,President,,"Wysinger, Demetra Jefferson ",write - in,0
Phillips,Mound Township,President,,"Clinton, Hillary Rodham ",Democratic,11
Phillips,Mound Township,President,,"Johnson, Gary  ",Libertarian,0
Phillips,Mound Township,President,,"Trump, Donald J. ",Republican,52
Phillips,Phillipsburg City Ward 1,President,,"Stein, Jill  ",independent,12
Phillips,Phillipsburg City Ward 1,President,,"Basiago, Andrew D. ",write - in,0
Phillips,Phillipsburg City Ward 1,President,,"Castle, Darrell L ",write - in,1
Phillips,Phillipsburg City Ward 1,President,,"De La Fuente, ""Rocky"" Roque  ",write - in,0
Phillips,Phillipsburg City Ward 1,President,,"Giordani, Rocky  ",write - in,0
Phillips,Phillipsburg City Ward 1,President,,"Hedges, James A ",write - in,0
Phillips,Phillipsburg City Ward 1,President,,"Hoefling, Tom  ",write - in,0
Phillips,Phillipsburg City Ward 1,President,,"Kahn, Lynn  ",write - in,0
Phillips,Phillipsburg City Ward 1,President,,"La Riva, Gloria  ",write - in,0
Phillips,Phillipsburg City Ward 1,President,,"Levinson, Michael S. ",write - in,0
Phillips,Phillipsburg City Ward 1,President,,"Maturen, Michael A ",write - in,0
Phillips,Phillipsburg City Ward 1,President,,"McMullin, Evan  ",write - in,1
Phillips,Phillipsburg City Ward 1,President,,"Moorehead, Monica G. ",write - in,0
Phillips,Phillipsburg City Ward 1,President,,"Perry, Darryl  ",write - in,0
Phillips,Phillipsburg City Ward 1,President,,"Schoenke, Marshall R. ",write - in,0
Phillips,Phillipsburg City Ward 1,President,,"Schriner, Joe C ",write - in,0
Phillips,Phillipsburg City Ward 1,President,,"Smith, Mike  ",write - in,0
Phillips,Phillipsburg City Ward 1,President,,"Sood, Ajay  ",write - in,0
Phillips,Phillipsburg City Ward 1,President,,"Sterling, Shawna  ",write - in,0
Phillips,Phillipsburg City Ward 1,President,,"Valdivia, Anthony J ",write - in,0
Phillips,Phillipsburg City Ward 1,President,,"Vogel-Walcutt, J.J.  ",write - in,0
Phillips,Phillipsburg City Ward 1,President,,"Wysinger, Demetra Jefferson ",write - in,0
Phillips,Phillipsburg City Ward 1,President,,"Clinton, Hillary Rodham ",Democratic,63
Phillips,Phillipsburg City Ward 1,President,,"Johnson, Gary  ",Libertarian,8
Phillips,Phillipsburg City Ward 1,President,,"Trump, Donald J. ",Republican,375
Phillips,Phillipsburg City Ward 2,President,,"Stein, Jill  ",independent,3
Phillips,Phillipsburg City Ward 2,President,,"Basiago, Andrew D. ",write - in,0
Phillips,Phillipsburg City Ward 2,President,,"Castle, Darrell L ",write - in,1
Phillips,Phillipsburg City Ward 2,President,,"De La Fuente, ""Rocky"" Roque  ",write - in,0
Phillips,Phillipsburg City Ward 2,President,,"Giordani, Rocky  ",write - in,0
Phillips,Phillipsburg City Ward 2,President,,"Hedges, James A ",write - in,0
Phillips,Phillipsburg City Ward 2,President,,"Hoefling, Tom  ",write - in,0
Phillips,Phillipsburg City Ward 2,President,,"Kahn, Lynn  ",write - in,0
Phillips,Phillipsburg City Ward 2,President,,"La Riva, Gloria  ",write - in,0
Phillips,Phillipsburg City Ward 2,President,,"Levinson, Michael S. ",write - in,0
Phillips,Phillipsburg City Ward 2,President,,"Maturen, Michael A ",write - in,0
Phillips,Phillipsburg City Ward 2,President,,"McMullin, Evan  ",write - in,0
Phillips,Phillipsburg City Ward 2,President,,"Moorehead, Monica G. ",write - in,0
Phillips,Phillipsburg City Ward 2,President,,"Perry, Darryl  ",write - in,0
Phillips,Phillipsburg City Ward 2,President,,"Schoenke, Marshall R. ",write - in,0
Phillips,Phillipsburg City Ward 2,President,,"Schriner, Joe C ",write - in,0
Phillips,Phillipsburg City Ward 2,President,,"Smith, Mike  ",write - in,0
Phillips,Phillipsburg City Ward 2,President,,"Sood, Ajay  ",write - in,0
Phillips,Phillipsburg City Ward 2,President,,"Sterling, Shawna  ",write - in,0
Phillips,Phillipsburg City Ward 2,President,,"Valdivia, Anthony J ",write - in,0
Phillips,Phillipsburg City Ward 2,President,,"Vogel-Walcutt, J.J.  ",write - in,0
Phillips,Phillipsburg City Ward 2,President,,"Wysinger, Demetra Jefferson ",write - in,0
Phillips,Phillipsburg City Ward 2,President,,"Clinton, Hillary Rodham ",Democratic,43
Phillips,Phillipsburg City Ward 2,President,,"Johnson, Gary  ",Libertarian,15
Phillips,Phillipsburg City Ward 2,President,,"Trump, Donald J. ",Republican,263
Phillips,Phillipsburg City Ward 3,President,,"Stein, Jill  ",independent,5
Phillips,Phillipsburg City Ward 3,President,,"Basiago, Andrew D. ",write - in,0
Phillips,Phillipsburg City Ward 3,President,,"Castle, Darrell L ",write - in,0
Phillips,Phillipsburg City Ward 3,President,,"De La Fuente, ""Rocky"" Roque  ",write - in,0
Phillips,Phillipsburg City Ward 3,President,,"Giordani, Rocky  ",write - in,0
Phillips,Phillipsburg City Ward 3,President,,"Hedges, James A ",write - in,0
Phillips,Phillipsburg City Ward 3,President,,"Hoefling, Tom  ",write - in,0
Phillips,Phillipsburg City Ward 3,President,,"Kahn, Lynn  ",write - in,0
Phillips,Phillipsburg City Ward 3,President,,"La Riva, Gloria  ",write - in,0
Phillips,Phillipsburg City Ward 3,President,,"Levinson, Michael S. ",write - in,0
Phillips,Phillipsburg City Ward 3,President,,"Maturen, Michael A ",write - in,0
Phillips,Phillipsburg City Ward 3,President,,"McMullin, Evan  ",write - in,0
Phillips,Phillipsburg City Ward 3,President,,"Moorehead, Monica G. ",write - in,0
Phillips,Phillipsburg City Ward 3,President,,"Perry, Darryl  ",write - in,0
Phillips,Phillipsburg City Ward 3,President,,"Schoenke, Marshall R. ",write - in,0
Phillips,Phillipsburg City Ward 3,President,,"Schriner, Joe C ",write - in,0
Phillips,Phillipsburg City Ward 3,President,,"Smith, Mike  ",write - in,0
Phillips,Phillipsburg City Ward 3,President,,"Sood, Ajay  ",write - in,0
Phillips,Phillipsburg City Ward 3,President,,"Sterling, Shawna  ",write - in,0
Phillips,Phillipsburg City Ward 3,President,,"Valdivia, Anthony J ",write - in,0
Phillips,Phillipsburg City Ward 3,President,,"Vogel-Walcutt, J.J.  ",write - in,0
Phillips,Phillipsburg City Ward 3,President,,"Wysinger, Demetra Jefferson ",write - in,0
Phillips,Phillipsburg City Ward 3,President,,"Clinton, Hillary Rodham ",Democratic,45
Phillips,Phillipsburg City Ward 3,President,,"Johnson, Gary  ",Libertarian,12
Phillips,Phillipsburg City Ward 3,President,,"Trump, Donald J. ",Republican,291
Phillips,Phillipsburg City Ward 3 Exclave,President,,"Stein, Jill  ",independent,0
Phillips,Phillipsburg City Ward 3 Exclave,President,,"Basiago, Andrew D. ",write - in,0
Phillips,Phillipsburg City Ward 3 Exclave,President,,"Castle, Darrell L ",write - in,0
Phillips,Phillipsburg City Ward 3 Exclave,President,,"De La Fuente, ""Rocky"" Roque  ",write - in,0
Phillips,Phillipsburg City Ward 3 Exclave,President,,"Giordani, Rocky  ",write - in,0
Phillips,Phillipsburg City Ward 3 Exclave,President,,"Hedges, James A ",write - in,0
Phillips,Phillipsburg City Ward 3 Exclave,President,,"Hoefling, Tom  ",write - in,0
Phillips,Phillipsburg City Ward 3 Exclave,President,,"Kahn, Lynn  ",write - in,0
Phillips,Phillipsburg City Ward 3 Exclave,President,,"La Riva, Gloria  ",write - in,0
Phillips,Phillipsburg City Ward 3 Exclave,President,,"Levinson, Michael S. ",write - in,0
Phillips,Phillipsburg City Ward 3 Exclave,President,,"Maturen, Michael A ",write - in,0
Phillips,Phillipsburg City Ward 3 Exclave,President,,"McMullin, Evan  ",write - in,0
Phillips,Phillipsburg City Ward 3 Exclave,President,,"Moorehead, Monica G. ",write - in,0
Phillips,Phillipsburg City Ward 3 Exclave,President,,"Perry, Darryl  ",write - in,0
Phillips,Phillipsburg City Ward 3 Exclave,President,,"Schoenke, Marshall R. ",write - in,0
Phillips,Phillipsburg City Ward 3 Exclave,President,,"Schriner, Joe C ",write - in,0
Phillips,Phillipsburg City Ward 3 Exclave,President,,"Smith, Mike  ",write - in,0
Phillips,Phillipsburg City Ward 3 Exclave,President,,"Sood, Ajay  ",write - in,0
Phillips,Phillipsburg City Ward 3 Exclave,President,,"Sterling, Shawna  ",write - in,0
Phillips,Phillipsburg City Ward 3 Exclave,President,,"Valdivia, Anthony J ",write - in,0
Phillips,Phillipsburg City Ward 3 Exclave,President,,"Vogel-Walcutt, J.J.  ",write - in,0
Phillips,Phillipsburg City Ward 3 Exclave,President,,"Wysinger, Demetra Jefferson ",write - in,0
Phillips,Phillipsburg City Ward 3 Exclave,President,,"Clinton, Hillary Rodham ",Democratic,0
Phillips,Phillipsburg City Ward 3 Exclave,President,,"Johnson, Gary  ",Libertarian,0
Phillips,Phillipsburg City Ward 3 Exclave,President,,"Trump, Donald J. ",Republican,0
Phillips,Phillipsburg Township,President,,"Stein, Jill  ",independent,1
Phillips,Phillipsburg Township,President,,"Basiago, Andrew D. ",write - in,0
Phillips,Phillipsburg Township,President,,"Castle, Darrell L ",write - in,0
Phillips,Phillipsburg Township,President,,"De La Fuente, ""Rocky"" Roque  ",write - in,0
Phillips,Phillipsburg Township,President,,"Giordani, Rocky  ",write - in,0
Phillips,Phillipsburg Township,President,,"Hedges, James A ",write - in,0
Phillips,Phillipsburg Township,President,,"Hoefling, Tom  ",write - in,0
Phillips,Phillipsburg Township,President,,"Kahn, Lynn  ",write - in,0
Phillips,Phillipsburg Township,President,,"La Riva, Gloria  ",write - in,0
Phillips,Phillipsburg Township,President,,"Levinson, Michael S. ",write - in,0
Phillips,Phillipsburg Township,President,,"Maturen, Michael A ",write - in,0
Phillips,Phillipsburg Township,President,,"McMullin, Evan  ",write - in,0
Phillips,Phillipsburg Township,President,,"Moorehead, Monica G. ",write - in,0
Phillips,Phillipsburg Township,President,,"Perry, Darryl  ",write - in,0
Phillips,Phillipsburg Township,President,,"Schoenke, Marshall R. ",write - in,0
Phillips,Phillipsburg Township,President,,"Schriner, Joe C ",write - in,0
Phillips,Phillipsburg Township,President,,"Smith, Mike  ",write - in,0
Phillips,Phillipsburg Township,President,,"Sood, Ajay  ",write - in,0
Phillips,Phillipsburg Township,President,,"Sterling, Shawna  ",write - in,0
Phillips,Phillipsburg Township,President,,"Valdivia, Anthony J ",write - in,0
Phillips,Phillipsburg Township,President,,"Vogel-Walcutt, J.J.  ",write - in,0
Phillips,Phillipsburg Township,President,,"Wysinger, Demetra Jefferson ",write - in,0
Phillips,Phillipsburg Township,President,,"Clinton, Hillary Rodham ",Democratic,14
Phillips,Phillipsburg Township,President,,"Johnson, Gary  ",Libertarian,6
Phillips,Phillipsburg Township,President,,"Trump, Donald J. ",Republican,125
Phillips,Plainview Township,President,,"Stein, Jill  ",independent,0
Phillips,Plainview Township,President,,"Basiago, Andrew D. ",write - in,0
Phillips,Plainview Township,President,,"Castle, Darrell L ",write - in,0
Phillips,Plainview Township,President,,"De La Fuente, ""Rocky"" Roque  ",write - in,0
Phillips,Plainview Township,President,,"Giordani, Rocky  ",write - in,0
Phillips,Plainview Township,President,,"Hedges, James A ",write - in,0
Phillips,Plainview Township,President,,"Hoefling, Tom  ",write - in,0
Phillips,Plainview Township,President,,"Kahn, Lynn  ",write - in,0
Phillips,Plainview Township,President,,"La Riva, Gloria  ",write - in,0
Phillips,Plainview Township,President,,"Levinson, Michael S. ",write - in,0
Phillips,Plainview Township,President,,"Maturen, Michael A ",write - in,0
Phillips,Plainview Township,President,,"McMullin, Evan  ",write - in,0
Phillips,Plainview Township,President,,"Moorehead, Monica G. ",write - in,0
Phillips,Plainview Township,President,,"Perry, Darryl  ",write - in,0
Phillips,Plainview Township,President,,"Schoenke, Marshall R. ",write - in,0
Phillips,Plainview Township,President,,"Schriner, Joe C ",write - in,0
Phillips,Plainview Township,President,,"Smith, Mike  ",write - in,0
Phillips,Plainview Township,President,,"Sood, Ajay  ",write - in,0
Phillips,Plainview Township,President,,"Sterling, Shawna  ",write - in,0
Phillips,Plainview Township,President,,"Valdivia, Anthony J ",write - in,0
Phillips,Plainview Township,President,,"Vogel-Walcutt, J.J.  ",write - in,0
Phillips,Plainview Township,President,,"Wysinger, Demetra Jefferson ",write - in,0
Phillips,Plainview Township,President,,"Clinton, Hillary Rodham ",Democratic,1
Phillips,Plainview Township,President,,"Johnson, Gary  ",Libertarian,0
Phillips,Plainview Township,President,,"Trump, Donald J. ",Republican,11
Phillips,Plum Township,President,,"Stein, Jill  ",independent,2
Phillips,Plum Township,President,,"Basiago, Andrew D. ",write - in,0
Phillips,Plum Township,President,,"Castle, Darrell L ",write - in,0
Phillips,Plum Township,President,,"De La Fuente, ""Rocky"" Roque  ",write - in,0
Phillips,Plum Township,President,,"Giordani, Rocky  ",write - in,0
Phillips,Plum Township,President,,"Hedges, James A ",write - in,0
Phillips,Plum Township,President,,"Hoefling, Tom  ",write - in,0
Phillips,Plum Township,President,,"Kahn, Lynn  ",write - in,0
Phillips,Plum Township,President,,"La Riva, Gloria  ",write - in,0
Phillips,Plum Township,President,,"Levinson, Michael S. ",write - in,0
Phillips,Plum Township,President,,"Maturen, Michael A ",write - in,0
Phillips,Plum Township,President,,"McMullin, Evan  ",write - in,1
Phillips,Plum Township,President,,"Moorehead, Monica G. ",write - in,0
Phillips,Plum Township,President,,"Perry, Darryl  ",write - in,0
Phillips,Plum Township,President,,"Schoenke, Marshall R. ",write - in,0
Phillips,Plum Township,President,,"Schriner, Joe C ",write - in,0
Phillips,Plum Township,President,,"Smith, Mike  ",write - in,0
Phillips,Plum Township,President,,"Sood, Ajay  ",write - in,0
Phillips,Plum Township,President,,"Sterling, Shawna  ",write - in,0
Phillips,Plum Township,President,,"Valdivia, Anthony J ",write - in,0
Phillips,Plum Township,President,,"Vogel-Walcutt, J.J.  ",write - in,0
Phillips,Plum Township,President,,"Wysinger, Demetra Jefferson ",write - in,0
Phillips,Plum Township,President,,"Clinton, Hillary Rodham ",Democratic,22
Phillips,Plum Township,President,,"Johnson, Gary  ",Libertarian,7
Phillips,Plum Township,President,,"Trump, Donald J. ",Republican,155
Phillips,Prairie View Township,President,,"Stein, Jill  ",independent,0
Phillips,Prairie View Township,President,,"Basiago, Andrew D. ",write - in,0
Phillips,Prairie View Township,President,,"Castle, Darrell L ",write - in,0
Phillips,Prairie View Township,President,,"De La Fuente, ""Rocky"" Roque  ",write - in,0
Phillips,Prairie View Township,President,,"Giordani, Rocky  ",write - in,0
Phillips,Prairie View Township,President,,"Hedges, James A ",write - in,0
Phillips,Prairie View Township,President,,"Hoefling, Tom  ",write - in,0
Phillips,Prairie View Township,President,,"Kahn, Lynn  ",write - in,0
Phillips,Prairie View Township,President,,"La Riva, Gloria  ",write - in,0
Phillips,Prairie View Township,President,,"Levinson, Michael S. ",write - in,0
Phillips,Prairie View Township,President,,"Maturen, Michael A ",write - in,0
Phillips,Prairie View Township,President,,"McMullin, Evan  ",write - in,1
Phillips,Prairie View Township,President,,"Moorehead, Monica G. ",write - in,0
Phillips,Prairie View Township,President,,"Perry, Darryl  ",write - in,0
Phillips,Prairie View Township,President,,"Schoenke, Marshall R. ",write - in,0
Phillips,Prairie View Township,President,,"Schriner, Joe C ",write - in,0
Phillips,Prairie View Township,President,,"Smith, Mike  ",write - in,0
Phillips,Prairie View Township,President,,"Sood, Ajay  ",write - in,0
Phillips,Prairie View Township,President,,"Sterling, Shawna  ",write - in,0
Phillips,Prairie View Township,President,,"Valdivia, Anthony J ",write - in,0
Phillips,Prairie View Township,President,,"Vogel-Walcutt, J.J.  ",write - in,0
Phillips,Prairie View Township,President,,"Wysinger, Demetra Jefferson ",write - in,0
Phillips,Prairie View Township,President,,"Clinton, Hillary Rodham ",Democratic,8
Phillips,Prairie View Township,President,,"Johnson, Gary  ",Libertarian,2
Phillips,Prairie View Township,President,,"Trump, Donald J. ",Republican,93
Phillips,Rushville Township,President,,"Stein, Jill  ",independent,0
Phillips,Rushville Township,President,,"Basiago, Andrew D. ",write - in,0
Phillips,Rushville Township,President,,"Castle, Darrell L ",write - in,0
Phillips,Rushville Township,President,,"De La Fuente, ""Rocky"" Roque  ",write - in,0
Phillips,Rushville Township,President,,"Giordani, Rocky  ",write - in,0
Phillips,Rushville Township,President,,"Hedges, James A ",write - in,0
Phillips,Rushville Township,President,,"Hoefling, Tom  ",write - in,0
Phillips,Rushville Township,President,,"Kahn, Lynn  ",write - in,0
Phillips,Rushville Township,President,,"La Riva, Gloria  ",write - in,0
Phillips,Rushville Township,President,,"Levinson, Michael S. ",write - in,0
Phillips,Rushville Township,President,,"Maturen, Michael A ",write - in,0
Phillips,Rushville Township,President,,"McMullin, Evan  ",write - in,0
Phillips,Rushville Township,President,,"Moorehead, Monica G. ",write - in,0
Phillips,Rushville Township,President,,"Perry, Darryl  ",write - in,0
Phillips,Rushville Township,President,,"Schoenke, Marshall R. ",write - in,0
Phillips,Rushville Township,President,,"Schriner, Joe C ",write - in,0
Phillips,Rushville Township,President,,"Smith, Mike  ",write - in,0
Phillips,Rushville Township,President,,"Sood, Ajay  ",write - in,0
Phillips,Rushville Township,President,,"Sterling, Shawna  ",write - in,0
Phillips,Rushville Township,President,,"Valdivia, Anthony J ",write - in,0
Phillips,Rushville Township,President,,"Vogel-Walcutt, J.J.  ",write - in,0
Phillips,Rushville Township,President,,"Wysinger, Demetra Jefferson ",write - in,0
Phillips,Rushville Township,President,,"Clinton, Hillary Rodham ",Democratic,0
Phillips,Rushville Township,President,,"Johnson, Gary  ",Libertarian,0
Phillips,Rushville Township,President,,"Trump, Donald J. ",Republican,10
Phillips,Solomon Township,President,,"Stein, Jill  ",independent,0
Phillips,Solomon Township,President,,"Basiago, Andrew D. ",write - in,0
Phillips,Solomon Township,President,,"Castle, Darrell L ",write - in,0
Phillips,Solomon Township,President,,"De La Fuente, ""Rocky"" Roque  ",write - in,0
Phillips,Solomon Township,President,,"Giordani, Rocky  ",write - in,0
Phillips,Solomon Township,President,,"Hedges, James A ",write - in,0
Phillips,Solomon Township,President,,"Hoefling, Tom  ",write - in,0
Phillips,Solomon Township,President,,"Kahn, Lynn  ",write - in,0
Phillips,Solomon Township,President,,"La Riva, Gloria  ",write - in,0
Phillips,Solomon Township,President,,"Levinson, Michael S. ",write - in,0
Phillips,Solomon Township,President,,"Maturen, Michael A ",write - in,0
Phillips,Solomon Township,President,,"McMullin, Evan  ",write - in,0
Phillips,Solomon Township,President,,"Moorehead, Monica G. ",write - in,0
Phillips,Solomon Township,President,,"Perry, Darryl  ",write - in,0
Phillips,Solomon Township,President,,"Schoenke, Marshall R. ",write - in,0
Phillips,Solomon Township,President,,"Schriner, Joe C ",write - in,0
Phillips,Solomon Township,President,,"Smith, Mike  ",write - in,0
Phillips,Solomon Township,President,,"Sood, Ajay  ",write - in,0
Phillips,Solomon Township,President,,"Sterling, Shawna  ",write - in,0
Phillips,Solomon Township,President,,"Valdivia, Anthony J ",write - in,0
Phillips,Solomon Township,President,,"Vogel-Walcutt, J.J.  ",write - in,0
Phillips,Solomon Township,President,,"Wysinger, Demetra Jefferson ",write - in,0
Phillips,Solomon Township,President,,"Clinton, Hillary Rodham ",Democratic,10
Phillips,Solomon Township,President,,"Johnson, Gary  ",Libertarian,4
Phillips,Solomon Township,President,,"Trump, Donald J. ",Republican,74
Phillips,Sumner Township,President,,"Stein, Jill  ",independent,0
Phillips,Sumner Township,President,,"Basiago, Andrew D. ",write - in,0
Phillips,Sumner Township,President,,"Castle, Darrell L ",write - in,0
Phillips,Sumner Township,President,,"De La Fuente, ""Rocky"" Roque  ",write - in,0
Phillips,Sumner Township,President,,"Giordani, Rocky  ",write - in,0
Phillips,Sumner Township,President,,"Hedges, James A ",write - in,0
Phillips,Sumner Township,President,,"Hoefling, Tom  ",write - in,0
Phillips,Sumner Township,President,,"Kahn, Lynn  ",write - in,0
Phillips,Sumner Township,President,,"La Riva, Gloria  ",write - in,0
Phillips,Sumner Township,President,,"Levinson, Michael S. ",write - in,0
Phillips,Sumner Township,President,,"Maturen, Michael A ",write - in,0
Phillips,Sumner Township,President,,"McMullin, Evan  ",write - in,0
Phillips,Sumner Township,President,,"Moorehead, Monica G. ",write - in,0
Phillips,Sumner Township,President,,"Perry, Darryl  ",write - in,0
Phillips,Sumner Township,President,,"Schoenke, Marshall R. ",write - in,0
Phillips,Sumner Township,President,,"Schriner, Joe C ",write - in,0
Phillips,Sumner Township,President,,"Smith, Mike  ",write - in,0
Phillips,Sumner Township,President,,"Sood, Ajay  ",write - in,0
Phillips,Sumner Township,President,,"Sterling, Shawna  ",write - in,0
Phillips,Sumner Township,President,,"Valdivia, Anthony J ",write - in,0
Phillips,Sumner Township,President,,"Vogel-Walcutt, J.J.  ",write - in,0
Phillips,Sumner Township,President,,"Wysinger, Demetra Jefferson ",write - in,0
Phillips,Sumner Township,President,,"Clinton, Hillary Rodham ",Democratic,1
Phillips,Sumner Township,President,,"Johnson, Gary  ",Libertarian,0
Phillips,Sumner Township,President,,"Trump, Donald J. ",Republican,18
Phillips,Towanda Township,President,,"Stein, Jill  ",independent,0
Phillips,Towanda Township,President,,"Basiago, Andrew D. ",write - in,0
Phillips,Towanda Township,President,,"Castle, Darrell L ",write - in,0
Phillips,Towanda Township,President,,"De La Fuente, ""Rocky"" Roque  ",write - in,0
Phillips,Towanda Township,President,,"Giordani, Rocky  ",write - in,0
Phillips,Towanda Township,President,,"Hedges, James A ",write - in,0
Phillips,Towanda Township,President,,"Hoefling, Tom  ",write - in,0
Phillips,Towanda Township,President,,"Kahn, Lynn  ",write - in,0
Phillips,Towanda Township,President,,"La Riva, Gloria  ",write - in,0
Phillips,Towanda Township,President,,"Levinson, Michael S. ",write - in,0
Phillips,Towanda Township,President,,"Maturen, Michael A ",write - in,0
Phillips,Towanda Township,President,,"McMullin, Evan  ",write - in,0
Phillips,Towanda Township,President,,"Moorehead, Monica G. ",write - in,0
Phillips,Towanda Township,President,,"Perry, Darryl  ",write - in,0
Phillips,Towanda Township,President,,"Schoenke, Marshall R. ",write - in,0
Phillips,Towanda Township,President,,"Schriner, Joe C ",write - in,0
Phillips,Towanda Township,President,,"Smith, Mike  ",write - in,0
Phillips,Towanda Township,President,,"Sood, Ajay  ",write - in,0
Phillips,Towanda Township,President,,"Sterling, Shawna  ",write - in,0
Phillips,Towanda Township,President,,"Valdivia, Anthony J ",write - in,0
Phillips,Towanda Township,President,,"Vogel-Walcutt, J.J.  ",write - in,0
Phillips,Towanda Township,President,,"Wysinger, Demetra Jefferson ",write - in,0
Phillips,Towanda Township,President,,"Clinton, Hillary Rodham ",Democratic,0
Phillips,Towanda Township,President,,"Johnson, Gary  ",Libertarian,0
Phillips,Towanda Township,President,,"Trump, Donald J. ",Republican,15
Phillips,Valley Township,President,,"Stein, Jill  ",independent,0
Phillips,Valley Township,President,,"Basiago, Andrew D. ",write - in,0
Phillips,Valley Township,President,,"Castle, Darrell L ",write - in,0
Phillips,Valley Township,President,,"De La Fuente, ""Rocky"" Roque  ",write - in,0
Phillips,Valley Township,President,,"Giordani, Rocky  ",write - in,0
Phillips,Valley Township,President,,"Hedges, James A ",write - in,0
Phillips,Valley Township,President,,"Hoefling, Tom  ",write - in,0
Phillips,Valley Township,President,,"Kahn, Lynn  ",write - in,0
Phillips,Valley Township,President,,"La Riva, Gloria  ",write - in,0
Phillips,Valley Township,President,,"Levinson, Michael S. ",write - in,0
Phillips,Valley Township,President,,"Maturen, Michael A ",write - in,0
Phillips,Valley Township,President,,"McMullin, Evan  ",write - in,0
Phillips,Valley Township,President,,"Moorehead, Monica G. ",write - in,0
Phillips,Valley Township,President,,"Perry, Darryl  ",write - in,0
Phillips,Valley Township,President,,"Schoenke, Marshall R. ",write - in,0
Phillips,Valley Township,President,,"Schriner, Joe C ",write - in,0
Phillips,Valley Township,President,,"Smith, Mike  ",write - in,0
Phillips,Valley Township,President,,"Sood, Ajay  ",write - in,0
Phillips,Valley Township,President,,"Sterling, Shawna  ",write - in,0
Phillips,Valley Township,President,,"Valdivia, Anthony J ",write - in,0
Phillips,Valley Township,President,,"Vogel-Walcutt, J.J.  ",write - in,0
Phillips,Valley Township,President,,"Wysinger, Demetra Jefferson ",write - in,0
Phillips,Valley Township,President,,"Clinton, Hillary Rodham ",Democratic,1
Phillips,Valley Township,President,,"Johnson, Gary  ",Libertarian,3
Phillips,Valley Township,President,,"Trump, Donald J. ",Republican,10
Phillips,Walnut Township,President,,"Stein, Jill  ",independent,0
Phillips,Walnut Township,President,,"Basiago, Andrew D. ",write - in,0
Phillips,Walnut Township,President,,"Castle, Darrell L ",write - in,0
Phillips,Walnut Township,President,,"De La Fuente, ""Rocky"" Roque  ",write - in,0
Phillips,Walnut Township,President,,"Giordani, Rocky  ",write - in,0
Phillips,Walnut Township,President,,"Hedges, James A ",write - in,0
Phillips,Walnut Township,President,,"Hoefling, Tom  ",write - in,0
Phillips,Walnut Township,President,,"Kahn, Lynn  ",write - in,0
Phillips,Walnut Township,President,,"La Riva, Gloria  ",write - in,0
Phillips,Walnut Township,President,,"Levinson, Michael S. ",write - in,0
Phillips,Walnut Township,President,,"Maturen, Michael A ",write - in,0
Phillips,Walnut Township,President,,"McMullin, Evan  ",write - in,0
Phillips,Walnut Township,President,,"Moorehead, Monica G. ",write - in,0
Phillips,Walnut Township,President,,"Perry, Darryl  ",write - in,0
Phillips,Walnut Township,President,,"Schoenke, Marshall R. ",write - in,0
Phillips,Walnut Township,President,,"Schriner, Joe C ",write - in,0
Phillips,Walnut Township,President,,"Smith, Mike  ",write - in,0
Phillips,Walnut Township,President,,"Sood, Ajay  ",write - in,0
Phillips,Walnut Township,President,,"Sterling, Shawna  ",write - in,0
Phillips,Walnut Township,President,,"Valdivia, Anthony J ",write - in,0
Phillips,Walnut Township,President,,"Vogel-Walcutt, J.J.  ",write - in,0
Phillips,Walnut Township,President,,"Wysinger, Demetra Jefferson ",write - in,0
Phillips,Walnut Township,President,,"Clinton, Hillary Rodham ",Democratic,0
Phillips,Walnut Township,President,,"Johnson, Gary  ",Libertarian,0
Phillips,Walnut Township,President,,"Trump, Donald J. ",Republican,6
Phillips,Plainview Township,U.S. Senate,,"Garrard, Robert D. ",Libertarian,1
Phillips,Plainview Township,U.S. Senate,,"Moran, Jerry  ",Republican,9
Phillips,Plum Township,U.S. Senate,,"Smith, DJ  ",write - in,0
Phillips,Plum Township,U.S. Senate,,"Wiesner, Patrick  ",Democratic,14
Phillips,Plum Township,U.S. Senate,,"Garrard, Robert D. ",Libertarian,10
Phillips,Plum Township,U.S. Senate,,"Moran, Jerry  ",Republican,160
Phillips,Prairie View Township,U.S. Senate,,"Smith, DJ  ",write - in,0
Phillips,Prairie View Township,U.S. Senate,,"Wiesner, Patrick  ",Democratic,4
Phillips,Prairie View Township,U.S. Senate,,"Garrard, Robert D. ",Libertarian,2
Phillips,Prairie View Township,U.S. Senate,,"Moran, Jerry  ",Republican,101
Phillips,Rushville Township,U.S. Senate,,"Smith, DJ  ",write - in,0
Phillips,Rushville Township,U.S. Senate,,"Wiesner, Patrick  ",Democratic,1
Phillips,Rushville Township,U.S. Senate,,"Garrard, Robert D. ",Libertarian,1
Phillips,Rushville Township,U.S. Senate,,"Moran, Jerry  ",Republican,8
Phillips,Solomon Township,U.S. Senate,,"Smith, DJ  ",write - in,0
Phillips,Solomon Township,U.S. Senate,,"Wiesner, Patrick  ",Democratic,10
Phillips,Solomon Township,U.S. Senate,,"Garrard, Robert D. ",Libertarian,5
Phillips,Solomon Township,U.S. Senate,,"Moran, Jerry  ",Republican,71
Phillips,Sumner Township,U.S. Senate,,"Smith, DJ  ",write - in,0
Phillips,Sumner Township,U.S. Senate,,"Wiesner, Patrick  ",Democratic,1
Phillips,Sumner Township,U.S. Senate,,"Garrard, Robert D. ",Libertarian,0
Phillips,Sumner Township,U.S. Senate,,"Moran, Jerry  ",Republican,18
Phillips,Towanda Township,U.S. Senate,,"Smith, DJ  ",write - in,0
Phillips,Towanda Township,U.S. Senate,,"Wiesner, Patrick  ",Democratic,0
Phillips,Towanda Township,U.S. Senate,,"Garrard, Robert D. ",Libertarian,0
Phillips,Towanda Township,U.S. Senate,,"Moran, Jerry  ",Republican,15
Phillips,Valley Township,U.S. Senate,,"Smith, DJ  ",write - in,0
Phillips,Valley Township,U.S. Senate,,"Wiesner, Patrick  ",Democratic,1
Phillips,Valley Township,U.S. Senate,,"Garrard, Robert D. ",Libertarian,1
Phillips,Valley Township,U.S. Senate,,"Moran, Jerry  ",Republican,11
Phillips,Walnut Township,U.S. Senate,,"Smith, DJ  ",write - in,0
Phillips,Walnut Township,U.S. Senate,,"Wiesner, Patrick  ",Democratic,0
Phillips,Walnut Township,U.S. Senate,,"Garrard, Robert D. ",Libertarian,1
Phillips,Walnut Township,U.S. Senate,,"Moran, Jerry  ",Republican,6
Phillips,Plainview Township,U.S. House,1,"Burt, Kerry  ",Libertarian,1
Phillips,Plainview Township,U.S. House,1,"Marshall, Roger  ",Republican,9
Phillips,Plum Township,U.S. House,1,"LaPolice, Alan  ",independent,45
Phillips,Plum Township,U.S. House,1,"Huelskamp, Tim  ",write - in,0
Phillips,Plum Township,U.S. House,1,"Burt, Kerry  ",Libertarian,6
Phillips,Plum Township,U.S. House,1,"Marshall, Roger  ",Republican,128
Phillips,Prairie View Township,U.S. House,1,"LaPolice, Alan  ",independent,11
Phillips,Prairie View Township,U.S. House,1,"Huelskamp, Tim  ",write - in,0
Phillips,Prairie View Township,U.S. House,1,"Burt, Kerry  ",Libertarian,4
Phillips,Prairie View Township,U.S. House,1,"Marshall, Roger  ",Republican,90
Phillips,Rushville Township,U.S. House,1,"LaPolice, Alan  ",independent,1
Phillips,Rushville Township,U.S. House,1,"Huelskamp, Tim  ",write - in,0
Phillips,Rushville Township,U.S. House,1,"Burt, Kerry  ",Libertarian,1
Phillips,Rushville Township,U.S. House,1,"Marshall, Roger  ",Republican,8
Phillips,Solomon Township,U.S. House,1,"LaPolice, Alan  ",independent,16
Phillips,Solomon Township,U.S. House,1,"Huelskamp, Tim  ",write - in,0
Phillips,Solomon Township,U.S. House,1,"Burt, Kerry  ",Libertarian,13
Phillips,Solomon Township,U.S. House,1,"Marshall, Roger  ",Republican,58
Phillips,Sumner Township,U.S. House,1,"LaPolice, Alan  ",independent,2
Phillips,Sumner Township,U.S. House,1,"Huelskamp, Tim  ",write - in,0
Phillips,Sumner Township,U.S. House,1,"Burt, Kerry  ",Libertarian,0
Phillips,Sumner Township,U.S. House,1,"Marshall, Roger  ",Republican,16
Phillips,Towanda Township,U.S. House,1,"LaPolice, Alan  ",independent,1
Phillips,Towanda Township,U.S. House,1,"Huelskamp, Tim  ",write - in,0
Phillips,Towanda Township,U.S. House,1,"Burt, Kerry  ",Libertarian,0
Phillips,Towanda Township,U.S. House,1,"Marshall, Roger  ",Republican,13
Phillips,Valley Township,U.S. House,1,"LaPolice, Alan  ",independent,2
Phillips,Valley Township,U.S. House,1,"Huelskamp, Tim  ",write - in,0
Phillips,Valley Township,U.S. House,1,"Burt, Kerry  ",Libertarian,0
Phillips,Valley Township,U.S. House,1,"Marshall, Roger  ",Republican,10
Phillips,Walnut Township,U.S. House,1,"LaPolice, Alan  ",independent,0
Phillips,Walnut Township,U.S. House,1,"Huelskamp, Tim  ",write - in,0
Phillips,Walnut Township,U.S. House,1,"Burt, Kerry  ",Libertarian,0
Phillips,Walnut Township,U.S. House,1,"Marshall, Roger  ",Republican,7
Phillips,Phillipsburg City Ward 1,State Senate,36,"Bowers, Elaine S. ",Republican,391
Phillips,Phillipsburg City Ward 2,State Senate,36,"Angevine, Brian G. ",Democratic,39
Phillips,Phillipsburg City Ward 2,State Senate,36,"Bowers, Elaine S. ",Republican,283
Phillips,Phillipsburg City Ward 3,State Senate,36,"Angevine, Brian G. ",Democratic,37
Phillips,Phillipsburg City Ward 3,State Senate,36,"Bowers, Elaine S. ",Republican,307
Phillips,Phillipsburg City Ward 3 Exclave,State Senate,36,"Angevine, Brian G. ",Democratic,0
Phillips,Phillipsburg City Ward 3 Exclave,State Senate,36,"Bowers, Elaine S. ",Republican,0
Phillips,Phillipsburg Township,State Senate,36,"Angevine, Brian G. ",Democratic,15
Phillips,Phillipsburg Township,State Senate,36,"Bowers, Elaine S. ",Republican,127
Phillips,Plainview Township,State Senate,40,"Herman, Alex  ",Democratic,3
Phillips,Plainview Township,State Senate,40,"Billinger, Richard (Rick)  ",Republican,8
Phillips,Plum Township,State Senate,36,"Angevine, Brian G. ",Democratic,20
Phillips,Plum Township,State Senate,36,"Bowers, Elaine S. ",Republican,160
Phillips,Prairie View Township,State Senate,40,"Herman, Alex  ",Democratic,11
Phillips,Prairie View Township,State Senate,40,"Billinger, Richard (Rick)  ",Republican,90
Phillips,Rushville Township,State Senate,36,"Angevine, Brian G. ",Democratic,0
Phillips,Rushville Township,State Senate,36,"Bowers, Elaine S. ",Republican,10
Phillips,Solomon Township,State Senate,36,"Angevine, Brian G. ",Democratic,11
Phillips,Solomon Township,State Senate,36,"Bowers, Elaine S. ",Republican,74
Phillips,Sumner Township,State Senate,36,"Angevine, Brian G. ",Democratic,1
Phillips,Sumner Township,State Senate,36,"Bowers, Elaine S. ",Republican,17
Phillips,Towanda Township,State Senate,40,"Herman, Alex  ",Democratic,1
Phillips,Towanda Township,State Senate,40,"Billinger, Richard (Rick)  ",Republican,13
Phillips,Valley Township,State Senate,36,"Angevine, Brian G. ",Democratic,2
Phillips,Valley Township,State Senate,36,"Bowers, Elaine S. ",Republican,10
Phillips,Walnut Township,State Senate,36,"Angevine, Brian G. ",Democratic,0
Phillips,Walnut Township,State Senate,36,"Bowers, Elaine S. ",Republican,6
Phillips,Freedom Township,State House,110,"Rahjes, Ken  ",Republican,45
Phillips,Glenwood Township,State House,110,"Rahjes, Ken  ",Republican,20
Phillips,Granite Township,State House,110,"Rahjes, Ken  ",Republican,16
Phillips,Greenwood Township,State House,110,"Rahjes, Ken  ",Republican,24
Phillips,Kirwin Township,State House,110,"Rahjes, Ken  ",Republican,86
Phillips,Logan Township,State House,110,"Rahjes, Ken  ",Republican,251
Phillips,Long Island Township,State House,110,"Rahjes, Ken  ",Republican,107
Phillips,Mound Township,State House,110,"Rahjes, Ken  ",Republican,57
Phillips,Phillipsburg City Ward 1,State House,110,"Rahjes, Ken  ",Republican,421
Phillips,Phillipsburg City Ward 2,State House,110,"Rahjes, Ken  ",Republican,306
Phillips,Phillipsburg City Ward 3,State House,110,"Rahjes, Ken  ",Republican,329
Phillips,Phillipsburg City Ward 3 Exclave,State House,110,"Rahjes, Ken  ",Republican,0
Phillips,Phillipsburg Township,State House,110,"Rahjes, Ken  ",Republican,134
Phillips,Plainview Township,State House,110,"Rahjes, Ken  ",Republican,12
Phillips,Plum Township,State House,110,"Rahjes, Ken  ",Republican,178
Phillips,Prairie View Township,State House,110,"Rahjes, Ken  ",Republican,103
Phillips,Rushville Township,State House,110,"Rahjes, Ken  ",Republican,9
Phillips,Solomon Township,State House,110,"Rahjes, Ken  ",Republican,81
Phillips,Sumner Township,State House,110,"Rahjes, Ken  ",Republican,19
Phillips,Towanda Township,State House,110,"Rahjes, Ken  ",Republican,15
Phillips,Valley Township,State House,110,"Rahjes, Ken  ",Republican,12
Phillips,Walnut Township,State House,110,"Rahjes, Ken  ",Republican,5